date,company,region,department,revenue,expense,marketing_expense,employee_cost,operations_cost,budget_revenue,budget_expense,profit,profit_margin,revenue_variance,revenue_variance_pct,expense_variance,expense_variance_pct
2016-01-01,Company_A,India,HR,80970.29,43562.87,2486.07,15909.5,16191.42,82714.66,42098.74,37407.42,46.2,-1744.37,-2.11,1464.13,3.48
2016-01-01,Company_A,India,Marketing,105261.38,61947.8,7196.68,21994.18,22022.2,107529.06,59838.03,43313.58,41.15,-2267.69,-2.11,2109.77,3.53
2016-01-01,Company_A,India,Operations,161940.58,83419.43,3023.12,28266.08,34076.22,165429.33,78153.75,78521.15,48.49,-3488.75,-2.11,5265.68,6.74
2016-01-01,Company_A,India,Sales,283396.01,248060.91,7644.09,61938.9,99779.02,289501.32,153268.62,35335.1,12.47,-6105.31,-2.11,94792.29,61.85
2016-01-01,Company_A,India,Technology,178134.64,98335.59,6127.51,28794.89,46892.92,181972.26,98255.53,79799.05,44.8,-3837.62,-2.11,80.06,0.08
2016-01-01,Company_B,USA,HR,116092.83,61775.77,3117.88,23991.19,25017.13,123885.6,60426.05,54317.06,46.79,-7792.77,-6.29,1349.72,2.23
2016-01-01,Company_B,USA,Marketing,150920.68,92005.99,14240.34,26002.92,31346.41,161051.28,89483.63,58914.69,39.04,-10130.6,-6.29,2522.36,2.82
2016-01-01,Company_B,USA,Operations,232185.66,150074.76,7210.81,52718.31,64104.61,247771.2,137582.69,82110.89,35.36,-15585.55,-6.29,12492.07,9.08
2016-01-01,Company_B,USA,Sales,406324.9,223086.23,11825.19,70842.13,91633.25,433599.6,216755.39,183238.68,45.1,-27274.7,-6.29,6330.84,2.92
2016-01-01,Company_B,USA,Technology,255404.22,141765.12,7810.79,41255.85,61544.69,272548.32,140143.1,113639.11,44.49,-17144.1,-6.29,1622.01,1.16
2016-01-01,Company_C,UK,HR,61991.17,36414.8,2004.98,13945.37,15330.47,66281.23,37066.12,25576.37,41.26,-4290.05,-6.47,-651.32,-1.76
2016-01-01,Company_C,UK,Marketing,80588.53,49945.21,8540.63,14939.56,18518.83,86165.59,49769.97,30643.31,38.02,-5577.07,-6.47,175.25,0.35
2016-01-01,Company_C,UK,Operations,123982.35,63596.99,2091.63,23016.71,27612.26,132562.45,62266.87,60385.36,48.7,-8580.1,-6.47,1330.12,2.14
2016-01-01,Company_C,UK,Sales,216969.11,122740.09,3464.84,50934.12,43616.78,231984.29,118929.48,94229.02,43.43,-15015.18,-6.47,3810.62,3.2
2016-01-01,Company_C,UK,Technology,136380.58,80235.65,3816.35,26218.23,34068.83,145818.7,78853.36,56144.94,41.17,-9438.11,-6.47,1382.29,1.75
2016-01-01,Company_D,Germany,HR,101574.5,53355.24,2659.83,19650.72,20187.03,104316.12,50084.24,48219.25,47.47,-2741.62,-2.63,3271.0,6.53
2016-01-01,Company_D,Germany,Marketing,132046.85,89698.5,14464.45,31036.16,32982.62,135610.96,85710.81,42348.35,32.07,-3564.11,-2.63,3987.69,4.65
2016-01-01,Company_D,Germany,Operations,203149.0,124607.06,3672.83,42420.41,52691.11,208632.24,119663.16,78541.94,38.66,-5483.24,-2.63,4943.9,4.13
2016-01-01,Company_D,Germany,Sales,355510.74,184492.0,8829.55,71177.23,70099.22,365106.42,178964.41,171018.75,48.11,-9595.68,-2.63,5527.59,3.09
2016-01-01,Company_D,Germany,Technology,223463.9,129220.88,4036.26,53148.25,46240.72,229495.46,125193.57,94243.02,42.17,-6031.57,-2.63,4027.31,3.22
2016-02-01,Company_A,India,HR,82514.58,38785.28,1561.15,13786.49,15225.81,82203.1,38175.74,43729.29,53.0,311.48,0.38,609.54,1.6
2016-02-01,Company_A,India,Marketing,107268.95,64565.53,9783.37,19837.99,25172.91,106864.03,64466.21,42703.42,39.81,404.92,0.38,99.32,0.15
2016-02-01,Company_A,India,Operations,165029.15,86073.73,5476.72,26858.67,33975.87,164406.2,82076.23,78955.42,47.84,622.96,0.38,3997.5,4.87
2016-02-01,Company_A,India,Sales,288801.02,174507.69,9812.8,47711.12,79871.74,287710.84,172656.59,114293.33,39.58,1090.18,0.38,1851.1,1.07
2016-02-01,Company_A,India,Technology,181532.07,100959.97,3077.59,33468.9,45096.8,180846.82,98906.7,80572.1,44.38,685.25,0.38,2053.27,2.08
2016-02-01,Company_B,USA,HR,111660.94,74913.28,3499.4,26578.37,29618.59,114996.88,73047.07,36747.66,32.91,-3335.94,-2.9,1866.21,2.55
2016-02-01,Company_B,USA,Marketing,145159.23,97874.13,12759.58,34529.11,38429.28,149495.95,94653.02,47285.09,32.57,-4336.72,-2.9,3221.11,3.4
2016-02-01,Company_B,USA,Operations,223321.89,143478.5,3483.94,53547.91,60238.08,229993.77,138343.48,79843.39,35.75,-6671.88,-2.9,5135.02,3.71
2016-02-01,Company_B,USA,Sales,390813.3,235158.07,12763.3,90073.81,96102.77,402489.1,225997.0,155655.24,39.83,-11675.79,-2.9,9161.06,4.05
2016-02-01,Company_B,USA,Technology,245654.08,143872.85,8038.26,56264.55,49048.61,252993.15,144215.82,101781.23,41.43,-7339.07,-2.9,-342.98,-0.24
2016-02-01,Company_C,UK,HR,69575.13,38492.31,1698.77,14808.2,13907.58,70665.08,38705.58,31082.82,44.68,-1089.95,-1.54,-213.27,-0.55
2016-02-01,Company_C,UK,Marketing,90447.67,57183.35,8911.5,21372.45,18977.28,91864.6,55452.09,33264.32,36.78,-1416.93,-1.54,1731.26,3.12
2016-02-01,Company_C,UK,Operations,139150.26,81743.42,4747.75,30085.73,32440.66,141330.16,81029.42,57406.84,41.26,-2179.9,-1.54,714.0,0.88
2016-02-01,Company_C,UK,Sales,243512.96,148470.13,3750.69,56153.99,62162.21,247327.78,143644.12,95042.83,39.03,-3814.82,-1.54,4826.01,3.36
2016-02-01,Company_C,UK,Technology,153065.29,87922.69,2317.7,29961.27,40093.89,155463.18,90472.09,65142.59,42.56,-2397.89,-1.54,-2549.4,-2.82
2016-02-01,Company_D,Germany,HR,99937.0,58693.68,2852.37,19142.0,22745.48,103796.13,56071.48,41243.31,41.27,-3859.13,-3.72,2622.21,4.68
2016-02-01,Company_D,Germany,Marketing,129918.1,94157.21,13715.94,27997.26,34467.06,134934.97,94425.74,35760.89,27.53,-5016.87,-3.72,-268.53,-0.28
2016-02-01,Company_D,Germany,Operations,199874.0,106782.12,4999.79,36571.38,45090.5,207592.26,106608.95,93091.88,46.58,-7718.26,-3.72,173.17,0.16
2016-02-01,Company_D,Germany,Sales,349779.5,188280.46,11113.59,65020.08,66583.21,363286.45,186630.34,161499.03,46.17,-13506.95,-3.72,1650.12,0.88
2016-02-01,Company_D,Germany,Technology,219861.4,119026.88,3662.57,37864.54,53685.22,228351.48,115912.63,100834.51,45.86,-8490.08,-3.72,3114.25,2.69
2016-03-01,Company_A,India,HR,81899.59,47304.9,1761.14,15141.48,20717.37,82473.21,46273.64,34594.69,42.24,-573.62,-0.7,1031.26,2.23
2016-03-01,Company_A,India,Marketing,106469.47,66367.69,10369.9,24386.65,22687.56,107215.17,64527.29,40101.78,37.67,-745.7,-0.7,1840.4,2.85
2016-03-01,Company_A,India,Operations,163799.19,92739.36,5128.43,26280.23,41062.12,164946.42,88938.86,71059.83,43.38,-1147.23,-0.7,3800.5,4.27
2016-03-01,Company_A,India,Sales,286648.58,163128.63,6344.99,64868.29,59649.69,288656.23,161187.75,123519.94,43.09,-2007.66,-0.7,1940.89,1.2
2016-03-01,Company_A,India,Technology,180179.11,99071.34,6259.01,29903.25,46346.48,181441.06,96136.15,81107.77,45.02,-1261.96,-0.7,2935.19,3.05
2016-03-01,Company_B,USA,HR,120607.77,67511.76,1960.03,25800.36,24248.28,121371.88,65464.47,53096.01,44.02,-764.12,-0.63,2047.29,3.13
2016-03-01,Company_B,USA,Marketing,156790.1,86759.28,10627.35,28002.79,32243.3,157783.45,82763.92,70030.81,44.67,-993.35,-0.63,3995.36,4.83
2016-03-01,Company_B,USA,Operations,241215.53,143993.65,5739.68,57269.61,50133.48,242743.77,136782.45,97221.88,40.3,-1528.23,-0.63,7211.21,5.27
2016-03-01,Company_B,USA,Sales,422127.18,209367.34,8111.54,69939.21,85665.05,424801.59,202609.21,212759.84,50.4,-2674.4,-0.63,6758.14,3.34
2016-03-01,Company_B,USA,Technology,265337.09,157665.96,4761.61,46009.26,73580.01,267018.14,153389.76,107671.13,40.58,-1681.05,-0.63,4276.2,2.79
2016-03-01,Company_C,UK,HR,72647.77,35609.47,1992.74,13632.33,13358.47,73280.4,35346.48,37038.3,50.98,-632.63,-0.86,262.99,0.74
2016-03-01,Company_C,UK,Marketing,94442.1,67097.63,8951.62,22125.95,23299.21,95264.51,65517.89,27344.47,28.95,-822.41,-0.86,1579.74,2.41
2016-03-01,Company_C,UK,Operations,145295.54,72120.52,3547.26,28239.04,28439.74,146560.79,70268.64,73175.02,50.36,-1265.25,-0.86,1851.89,2.64
2016-03-01,Company_C,UK,Sales,254267.2,155609.71,6031.46,51801.65,64804.37,256481.38,153140.97,98657.49,38.8,-2214.19,-0.86,2468.73,1.61
2016-03-01,Company_C,UK,Technology,159825.09,100518.93,5066.32,37524.66,42234.33,161216.87,95035.58,59306.16,37.11,-1391.78,-0.86,5483.35,5.77
2016-03-01,Company_D,Germany,HR,101518.47,53766.56,1624.33,18635.94,23219.81,107453.73,53815.6,47751.91,47.04,-5935.26,-5.52,-49.04,-0.09
2016-03-01,Company_D,Germany,Marketing,131974.01,85773.15,8965.35,29624.77,33177.14,139689.85,84548.95,46200.86,35.01,-7715.83,-5.52,1224.21,1.45
2016-03-01,Company_D,Germany,Operations,203036.94,119267.76,4509.58,39372.21,52759.07,214907.46,120226.94,83769.18,41.26,-11870.51,-5.52,-959.18,-0.8
2016-03-01,Company_D,Germany,Sales,355314.65,176240.58,7961.32,64007.47,64675.66,376088.05,187596.56,179074.07,50.4,-20773.4,-5.52,-11355.99,-6.05
2016-03-01,Company_D,Germany,Technology,223340.64,127182.62,7421.4,53137.76,43813.02,236398.2,126789.97,96158.01,43.05,-13057.57,-5.52,392.65,0.31
2016-04-01,Company_A,India,HR,94771.56,60764.32,2953.31,22212.16,23061.75,97997.66,58786.81,34007.23,35.88,-3226.11,-3.29,1977.51,3.36
2016-04-01,Company_A,India,Marketing,123203.02,72155.37,12977.35,23757.32,24995.41,127396.96,69253.83,51047.66,41.43,-4193.94,-3.29,2901.54,4.19
2016-04-01,Company_A,India,Operations,189543.11,109183.29,4771.07,35093.62,51320.06,195995.33,106183.46,80359.82,42.4,-6452.22,-3.29,2999.83,2.83
2016-04-01,Company_A,India,Sales,331700.45,203601.98,8699.02,73260.29,85279.1,342991.83,196246.25,128098.47,38.62,-11291.38,-3.29,7355.73,3.75
2016-04-01,Company_A,India,Technology,208497.42,103077.97,4910.29,42078.66,38059.52,215594.86,101240.72,105419.46,50.56,-7097.44,-3.29,1837.24,1.81
2016-04-01,Company_B,USA,HR,120507.48,69662.59,3885.65,26772.42,25473.78,123425.46,69687.24,50844.89,42.19,-2917.97,-2.36,-24.65,-0.04
2016-04-01,Company_B,USA,Marketing,156659.73,93842.04,13334.32,25779.66,35380.53,160453.09,96264.47,62817.69,40.1,-3793.36,-2.36,-2422.43,-2.52
2016-04-01,Company_B,USA,Operations,241014.97,127921.75,5830.56,40148.7,50768.92,246850.91,119682.8,113093.22,46.92,-5835.94,-2.36,8238.95,6.88
2016-04-01,Company_B,USA,Sales,421776.2,235802.89,11079.29,77688.46,109822.29,431989.09,226085.29,185973.3,44.09,-10212.9,-2.36,9717.61,4.3
2016-04-01,Company_B,USA,Technology,265116.47,144067.97,6657.12,54734.87,51540.73,271536.0,140842.78,121048.5,45.66,-6419.54,-2.36,3225.19,2.29
2016-04-01,Company_C,UK,HR,77624.64,39229.46,2692.52,12668.77,16949.19,77159.75,40897.59,38395.18,49.46,464.9,0.6,-1668.14,-4.08
2016-04-01,Company_C,UK,Marketing,100912.04,72311.73,11000.18,20591.63,27847.61,100307.67,70575.49,28600.31,28.34,604.37,0.6,1736.24,2.46
2016-04-01,Company_C,UK,Operations,155249.29,83272.35,2572.59,27837.44,33478.03,154319.49,81634.05,71976.94,46.36,929.8,0.6,1638.29,2.01
2016-04-01,Company_C,UK,Sales,271686.25,139730.28,4076.6,55066.55,55457.8,270059.11,131685.76,131955.97,48.57,1627.14,0.6,8044.52,6.11
2016-04-01,Company_C,UK,Technology,170774.22,87199.95,5314.17,30745.96,35515.47,169751.44,87894.57,83574.27,48.94,1022.78,0.6,-694.62,-0.79
2016-04-01,Company_D,Germany,HR,100646.29,58718.2,2378.74,22514.98,22675.59,101273.51,59210.87,41928.09,41.66,-627.23,-0.62,-492.68,-0.83
2016-04-01,Company_D,Germany,Marketing,130840.17,66892.49,8125.68,24054.09,24038.66,131655.57,64109.29,63947.68,48.87,-815.39,-0.62,2783.2,4.34
2016-04-01,Company_D,Germany,Operations,201292.58,115858.81,3689.88,42064.77,46873.59,202547.03,112416.16,85433.77,42.44,-1254.45,-0.62,3442.65,3.06
2016-04-01,Company_D,Germany,Sales,352262.01,180764.51,11263.6,57755.4,63758.01,354457.3,180731.57,171497.5,48.68,-2195.29,-0.62,32.94,0.02
2016-04-01,Company_D,Germany,Technology,221421.83,114438.48,4746.6,46544.99,45313.49,222801.73,110627.26,106983.36,48.32,-1379.9,-0.62,3811.21,3.45
2016-05-01,Company_A,India,HR,90511.04,53843.0,3116.81,17114.77,25003.2,93935.23,50183.33,36668.04,40.51,-3424.19,-3.65,3659.67,7.29
2016-05-01,Company_A,India,Marketing,117664.35,78703.94,9341.63,27702.05,27283.9,122115.8,75551.3,38960.41,33.11,-4451.44,-3.65,3152.64,4.17
2016-05-01,Company_A,India,Operations,181022.08,90662.86,4564.46,29064.21,40140.04,187870.46,88072.82,90359.22,49.92,-6848.37,-3.65,2590.04,2.94
2016-05-01,Company_A,India,Sales,316788.65,206451.5,8168.98,73306.39,82600.74,328773.3,198698.97,110337.15,34.83,-11984.65,-3.65,7752.53,3.9
2016-05-01,Company_A,India,Technology,199124.29,118523.22,4687.82,35490.88,52131.03,206657.5,115181.86,80601.08,40.48,-7533.21,-3.65,3341.35,2.9
2016-05-01,Company_B,USA,HR,126910.13,66803.23,3583.1,24084.23,24636.09,132764.36,64483.71,60106.9,47.36,-5854.23,-4.41,2319.52,3.6
2016-05-01,Company_B,USA,Marketing,164983.17,101299.19,16281.32,32859.69,33488.72,172593.67,103390.91,63683.99,38.6,-7610.5,-4.41,-2091.72,-2.02
2016-05-01,Company_B,USA,Operations,253820.26,129690.35,7677.79,49829.79,48885.83,265528.72,133270.25,124129.91,48.9,-11708.46,-4.41,-3579.9,-2.69
2016-05-01,Company_B,USA,Sales,444185.46,250573.66,11010.4,78004.88,112896.02,464675.27,253373.14,193611.8,43.59,-20489.81,-4.41,-2799.48,-1.1
2016-05-01,Company_B,USA,Technology,279202.29,151183.2,8989.17,52744.75,61614.5,292081.6,147925.19,128019.09,45.85,-12879.31,-4.41,3258.01,2.2
2016-05-01,Company_C,UK,HR,72895.32,41675.31,1268.01,14523.37,18972.15,76453.46,40874.61,31220.02,42.83,-3558.13,-4.65,800.7,1.96
2016-05-01,Company_C,UK,Marketing,94763.92,66705.3,8683.72,21820.36,25869.32,99389.49,62951.58,28058.61,29.61,-4625.57,-4.65,3753.72,5.96
2016-05-01,Company_C,UK,Operations,145790.64,88341.01,2626.01,30861.51,39839.45,152906.91,86433.79,57449.63,39.41,-7116.27,-4.65,1907.22,2.21
2016-05-01,Company_C,UK,Sales,255133.63,150104.74,6821.09,52777.52,57296.12,267587.09,145732.03,105028.89,41.17,-12453.47,-4.65,4372.7,3.0
2016-05-01,Company_C,UK,Technology,160369.71,95159.13,4534.05,32557.52,41439.08,168197.6,89280.27,65210.58,40.66,-7827.89,-4.65,5878.86,6.58
2016-05-01,Company_D,Germany,HR,103204.89,62811.19,3114.3,22691.84,28413.45,108221.64,59318.63,40393.7,39.14,-5016.75,-4.64,3492.57,5.89
2016-05-01,Company_D,Germany,Marketing,134166.36,83441.13,8621.58,27719.35,36119.09,140688.13,80771.09,50725.23,37.81,-6521.78,-4.64,2670.04,3.31
2016-05-01,Company_D,Germany,Operations,206409.78,124796.48,5898.79,41846.53,55184.88,216443.28,126836.41,81613.29,39.54,-10033.5,-4.64,-2039.92,-1.61
2016-05-01,Company_D,Germany,Sales,361217.11,186061.26,9435.41,61308.29,76830.07,378775.74,181928.97,175155.85,48.49,-17558.63,-4.64,4132.3,2.27
2016-05-01,Company_D,Germany,Technology,227050.76,138919.22,5876.98,47594.9,57666.27,238087.61,143818.52,88131.54,38.82,-11036.85,-4.64,-4899.3,-3.41
2016-06-01,Company_A,India,HR,94662.79,49114.04,2538.65,15454.84,23453.31,97171.89,47436.43,45548.74,48.12,-2509.11,-2.58,1677.61,3.54
2016-06-01,Company_A,India,Marketing,123061.62,76541.37,11339.7,25926.91,23262.21,126323.46,73115.12,46520.25,37.8,-3261.84,-2.58,3426.25,4.69
2016-06-01,Company_A,India,Operations,189325.57,102859.07,5597.28,33891.36,41041.68,194343.79,102735.46,86466.5,45.67,-5018.22,-2.58,123.6,0.12
2016-06-01,Company_A,India,Sales,331319.75,182189.92,6816.22,54375.63,89730.2,340101.63,189765.57,149129.82,45.01,-8781.88,-2.58,-7575.65,-3.99
2016-06-01,Company_A,India,Technology,208258.13,118596.55,5162.52,35735.34,58013.43,213778.17,119612.99,89661.58,43.05,-5520.04,-2.58,-1016.44,-0.85
2016-06-01,Company_B,USA,HR,126358.05,71943.83,4095.69,20223.89,32759.52,127596.75,68910.18,54414.21,43.06,-1238.7,-0.97,3033.66,4.4
2016-06-01,Company_B,USA,Marketing,164265.46,102060.84,12029.2,35123.43,33152.18,165875.78,97879.95,62204.62,37.87,-1610.31,-0.97,4180.89,4.27
2016-06-01,Company_B,USA,Operations,252716.1,148229.42,8062.25,51691.26,65603.24,255193.5,144410.57,104486.67,41.35,-2477.41,-0.97,3818.85,2.64
2016-06-01,Company_B,USA,Sales,442253.17,290860.62,9160.9,99974.37,120607.91,446588.63,281123.17,151392.55,34.23,-4335.46,-0.97,9737.45,3.46
2016-06-01,Company_B,USA,Technology,277987.71,158141.54,4964.87,57182.3,60449.77,280712.85,152140.39,119846.17,43.11,-2725.15,-0.97,6001.15,3.94
2016-06-01,Company_C,UK,HR,81310.7,47951.35,1249.52,17225.52,19953.6,85554.53,43708.69,33359.35,41.03,-4243.83,-4.96,4242.66,9.71
2016-06-01,Company_C,UK,Marketing,105703.91,68528.04,11024.68,21620.33,22574.23,111220.89,66053.59,37175.88,35.17,-5516.98,-4.96,2474.45,3.75
2016-06-01,Company_C,UK,Operations,162621.41,93440.58,3033.3,32572.31,38605.92,171109.07,92023.5,69180.83,42.54,-8487.66,-4.96,1417.07,1.54
2016-06-01,Company_C,UK,Sales,284587.46,139670.99,7689.31,48516.8,52201.82,299440.87,139292.55,144916.47,50.92,-14853.41,-4.96,378.44,0.27
2016-06-01,Company_C,UK,Technology,178883.55,91856.14,3337.69,30837.27,38729.14,188219.97,88484.69,87027.41,48.65,-9336.43,-4.96,3371.45,3.81
2016-06-01,Company_D,Germany,HR,119963.75,67647.89,3491.22,19641.23,31793.98,121039.93,65883.28,52315.85,43.61,-1076.18,-0.89,1764.61,2.68
2016-06-01,Company_D,Germany,Marketing,155952.87,98651.44,14128.3,34309.47,29706.26,157351.91,96283.62,57301.44,36.74,-1399.03,-0.89,2367.82,2.46
2016-06-01,Company_D,Germany,Operations,239927.49,136865.25,5527.44,46745.35,57000.04,242079.85,132441.36,103062.24,42.96,-2152.36,-0.89,4423.89,3.34
2016-06-01,Company_D,Germany,Sales,419873.11,225387.03,10320.82,86079.17,79967.12,423639.74,219385.74,194486.08,46.32,-3766.63,-0.89,6001.3,2.74
2016-06-01,Company_D,Germany,Technology,263920.24,164814.86,8008.81,57808.1,71400.28,266287.84,158118.05,99105.38,37.55,-2367.6,-0.89,6696.81,4.24
2016-07-01,Company_A,India,HR,85833.32,50711.7,2626.29,19824.66,20960.77,88126.28,50069.02,35121.62,40.92,-2292.96,-2.6,642.68,1.28
2016-07-01,Company_A,India,Marketing,111583.32,73030.96,9032.96,20879.74,28185.45,114564.16,72997.77,38552.35,34.55,-2980.85,-2.6,33.19,0.05
2016-07-01,Company_A,India,Operations,171666.64,99387.77,4481.19,38689.85,39992.33,176252.56,98045.75,72278.87,42.1,-4585.92,-2.6,1342.03,1.37
2016-07-01,Company_A,India,Sales,300416.62,174962.35,5553.9,63572.31,74831.91,308441.97,168037.11,125454.27,41.76,-8025.35,-2.6,6925.24,4.12
2016-07-01,Company_A,India,Technology,188833.3,111773.36,6145.92,44182.36,38860.79,193877.81,108637.94,77059.95,40.81,-5044.51,-2.6,3135.41,2.89
2016-07-01,Company_B,USA,HR,124108.22,73049.33,3128.97,23237.15,29973.74,128633.17,72516.56,51058.89,41.14,-4524.94,-3.52,532.77,0.73
2016-07-01,Company_B,USA,Marketing,161340.69,92248.16,11332.97,36495.95,29532.83,167223.12,93604.98,69092.54,42.82,-5882.43,-3.52,-1356.83,-1.45
2016-07-01,Company_B,USA,Operations,248216.45,142342.59,4490.2,54817.62,56773.69,257266.34,137623.05,105873.86,42.65,-9049.89,-3.52,4719.54,3.43
2016-07-01,Company_B,USA,Sales,434378.79,224676.24,9566.93,85427.49,82261.63,450216.09,214922.45,209702.55,48.28,-15837.31,-3.52,9753.79,4.54
2016-07-01,Company_B,USA,Technology,273038.09,149353.28,9056.32,48887.94,61926.93,282992.97,143872.84,123684.81,45.3,-9954.88,-3.52,5480.44,3.81
2016-07-01,Company_C,UK,HR,74844.74,42158.03,2497.25,16288.21,16526.02,76240.69,42262.02,32686.72,43.67,-1395.94,-1.83,-103.99,-0.25
2016-07-01,Company_C,UK,Marketing,97298.17,59356.11,7266.68,15787.14,26090.37,99112.9,58015.27,37942.06,39.0,-1814.73,-1.83,1340.83,2.31
2016-07-01,Company_C,UK,Operations,149689.49,85692.41,2848.29,24060.08,41299.69,152481.38,83575.37,63997.08,42.75,-2791.89,-1.83,2117.04,2.53
2016-07-01,Company_C,UK,Sales,261956.61,140747.56,8766.24,43818.75,65208.32,266842.41,141890.89,121209.05,46.27,-4885.81,-1.83,-1143.34,-0.81
2016-07-01,Company_C,UK,Technology,164658.44,95463.56,2613.66,37352.06,33534.88,167729.52,89395.01,69194.88,42.02,-3071.08,-1.83,6068.55,6.79
2016-07-01,Company_D,Germany,HR,108248.36,65937.34,3139.61,24764.88,25413.9,112882.69,64524.98,42311.02,39.09,-4634.33,-4.11,1412.36,2.19
2016-07-01,Company_D,Germany,Marketing,140722.87,89478.34,13727.63,31260.38,31087.71,146747.5,88395.81,51244.53,36.42,-6024.63,-4.11,1082.54,1.22
2016-07-01,Company_D,Germany,Operations,216496.72,118003.27,4640.55,43815.04,40593.61,225765.39,114532.73,98493.45,45.49,-9268.67,-4.11,3470.54,3.03
2016-07-01,Company_D,Germany,Sales,378869.26,209607.49,12089.11,79714.31,79441.31,395089.43,206194.98,169261.77,44.68,-16220.17,-4.11,3412.51,1.65
2016-07-01,Company_D,Germany,Technology,238146.39,135281.77,8291.31,45911.55,54113.55,248341.93,131996.93,102864.63,43.19,-10195.53,-4.11,3284.83,2.49
2016-08-01,Company_A,India,HR,91302.01,50569.82,2268.89,18822.12,18216.97,97843.28,51396.04,40732.19,44.61,-6541.27,-6.69,-826.23,-1.61
2016-08-01,Company_A,India,Marketing,118692.61,84093.68,9921.02,28229.95,31952.6,127196.27,82439.14,34598.93,29.15,-8503.66,-6.69,1654.54,2.01
2016-08-01,Company_A,India,Operations,182604.02,89660.02,4081.99,30585.07,37711.43,195686.57,92118.48,92944.0,50.9,-13082.55,-6.69,-2458.46,-2.67
2016-08-01,Company_A,India,Sales,319557.03,184414.82,6226.69,67796.23,80278.45,342451.49,182911.06,135142.22,42.29,-22894.46,-6.69,1503.75,0.82
2016-08-01,Company_A,India,Technology,200864.42,118887.33,6011.84,37367.21,49204.41,215255.22,118952.9,81977.09,40.81,-14390.8,-6.69,-65.57,-0.06
2016-08-01,Company_B,USA,HR,153631.37,80632.49,3494.57,36000.68,28670.15,149467.53,82746.28,72998.89,47.52,4163.84,2.79,-2113.8,-2.55
2016-08-01,Company_B,USA,Marketing,199720.79,127638.34,13486.98,43950.87,51383.59,194307.79,127273.0,72082.45,36.09,5413.0,2.79,365.34,0.29
2016-08-01,Company_B,USA,Operations,307262.75,172111.66,6942.61,53426.75,79932.74,298935.06,171899.02,135151.09,43.99,8327.69,2.79,212.65,0.12
2016-08-01,Company_B,USA,Sales,537709.81,287560.49,9793.63,122132.41,98130.52,523136.36,294208.15,250149.32,46.52,14573.45,2.79,-6647.66,-2.26
2016-08-01,Company_B,USA,Technology,337989.02,180535.48,5405.22,60499.46,85328.65,328828.57,170077.18,157453.55,46.59,9160.46,2.79,10458.3,6.15
2016-08-01,Company_C,UK,HR,78580.6,47672.49,1387.06,18518.47,20231.94,81840.78,47156.21,30908.12,39.33,-3260.17,-3.98,516.28,1.09
2016-08-01,Company_C,UK,Marketing,102154.79,70230.27,10656.01,20320.16,27243.2,106393.01,67401.93,31924.51,31.25,-4238.23,-3.98,2828.34,4.2
2016-08-01,Company_C,UK,Operations,157161.21,85447.32,3806.03,28699.74,38839.32,163681.56,83409.61,71713.88,45.63,-6520.35,-3.98,2037.72,2.44
2016-08-01,Company_C,UK,Sales,275032.12,169479.76,4799.21,63971.66,64193.49,286442.73,173574.86,105552.36,38.38,-11410.61,-3.98,-4095.1,-2.36
2016-08-01,Company_C,UK,Technology,172877.33,86642.05,4259.68,33331.08,32336.02,180049.71,85754.77,86235.28,49.88,-7172.38,-3.98,887.29,1.03
2016-08-01,Company_D,Germany,HR,105499.49,67275.18,3487.34,22068.56,29142.04,106648.67,64368.45,38224.31,36.23,-1149.18,-1.08,2906.74,4.52
2016-08-01,Company_D,Germany,Marketing,137149.34,86486.9,15423.51,32137.67,26531.89,138643.28,81806.94,50662.44,36.94,-1493.93,-1.08,4679.96,5.72
2016-08-01,Company_D,Germany,Operations,210998.99,110310.97,4634.7,36124.12,46199.27,213297.35,108755.71,100688.02,47.72,-2298.36,-1.08,1555.27,1.43
2016-08-01,Company_D,Germany,Sales,369248.23,206398.7,12268.32,78614.54,81373.32,373270.36,199212.4,162849.53,44.1,-4022.13,-1.08,7186.3,3.61
2016-08-01,Company_D,Germany,Technology,232098.89,146519.57,7525.51,49181.7,59146.2,234627.08,149546.78,85579.31,36.87,-2528.2,-1.08,-3027.21,-2.02
2016-09-01,Company_A,India,HR,92634.68,54539.29,2349.83,15859.68,24801.76,96067.89,54925.23,38095.39,41.12,-3433.21,-3.57,-385.94,-0.7
2016-09-01,Company_A,India,Marketing,120425.09,78558.03,7927.65,24759.99,29082.75,124888.26,77743.62,41867.05,34.77,-4463.17,-3.57,814.42,1.05
2016-09-01,Company_A,India,Operations,185269.36,103711.33,3953.36,42258.26,36488.67,192135.78,102086.12,81558.03,44.02,-6866.42,-3.57,1625.21,1.59
2016-09-01,Company_A,India,Sales,324221.39,208477.99,11049.0,76268.76,88021.71,336237.62,206774.92,115743.4,35.7,-12016.23,-3.57,1703.07,0.82
2016-09-01,Company_A,India,Technology,203796.3,118548.42,6533.75,48317.98,42684.09,211349.36,115961.61,85247.88,41.83,-7553.06,-3.57,2586.81,2.23
2016-09-01,Company_B,USA,HR,135229.05,84068.81,3712.55,29277.05,37730.38,142990.76,81118.03,51160.24,37.83,-7761.71,-5.43,2950.77,3.64
2016-09-01,Company_B,USA,Marketing,175797.76,106238.52,20709.26,32088.24,31824.4,185887.99,106650.99,69559.25,39.57,-10090.23,-5.43,-412.47,-0.39
2016-09-01,Company_B,USA,Operations,270458.1,169083.27,8644.43,50144.01,74299.21,285981.53,161942.71,101374.83,37.48,-15523.43,-5.43,7140.56,4.41
2016-09-01,Company_B,USA,Sales,473301.67,254647.02,9318.61,105082.21,101527.17,500467.67,250138.19,218654.65,46.2,-27166.0,-5.43,4508.83,1.8
2016-09-01,Company_B,USA,Technology,297503.91,183507.16,6042.28,69811.2,71741.98,314579.68,180994.22,113996.75,38.32,-17075.77,-5.43,2512.95,1.39
2016-09-01,Company_C,UK,HR,81461.27,45104.48,1968.52,18636.7,16800.7,84105.61,45341.59,36356.79,44.63,-2644.34,-3.14,-237.11,-0.52
2016-09-01,Company_C,UK,Marketing,105899.65,68466.93,10797.4,22274.67,26592.69,109337.29,69781.81,37432.73,35.35,-3437.64,-3.14,-1314.88,-1.88
2016-09-01,Company_C,UK,Operations,162922.54,89933.83,3948.61,32823.34,34448.9,168211.22,86769.13,72988.72,44.8,-5288.68,-3.14,3164.7,3.65
2016-09-01,Company_C,UK,Sales,285114.45,165668.34,5525.86,62812.17,63952.31,294369.64,160947.79,119446.11,41.89,-9255.18,-3.14,4720.55,2.93
2016-09-01,Company_C,UK,Technology,179214.8,108638.96,5879.04,42471.98,37103.71,185032.34,107095.22,70575.84,39.38,-5817.54,-3.14,1543.74,1.44
2016-09-01,Company_D,Germany,HR,113837.01,76416.6,3254.36,27253.4,31153.64,120220.03,75335.05,37420.41,32.87,-6383.02,-5.31,1081.55,1.44
2016-09-01,Company_D,Germany,Marketing,147988.12,94951.02,9537.77,26217.08,39830.32,156286.04,92962.54,53037.1,35.84,-8297.93,-5.31,1988.48,2.14
2016-09-01,Company_D,Germany,Operations,227674.02,139159.13,4624.26,50103.06,54001.31,240440.06,138728.98,88514.89,38.88,-12766.04,-5.31,430.15,0.31
2016-09-01,Company_D,Germany,Sales,398429.54,224003.32,10157.47,70389.02,93833.45,420770.11,216223.38,174426.22,43.78,-22340.57,-5.31,7779.94,3.6
2016-09-01,Company_D,Germany,Technology,250441.43,143505.72,8562.29,47364.03,56197.68,264484.07,136138.85,106935.7,42.7,-14042.64,-5.31,7366.87,5.41
2016-10-01,Company_A,India,HR,106051.29,57486.0,1669.99,17226.97,27813.02,105049.98,54018.56,48565.29,45.79,1001.31,0.95,3467.43,6.42
2016-10-01,Company_A,India,Marketing,137866.67,83759.16,8569.31,28436.71,31235.05,136564.97,83520.99,54107.51,39.25,1301.7,0.95,238.17,0.29
2016-10-01,Company_A,India,Operations,212102.57,117962.45,4615.33,49038.21,46144.67,210099.96,117524.19,94140.13,44.38,2002.62,0.95,438.26,0.37
2016-10-01,Company_A,India,Sales,371179.5,244033.01,11581.64,83422.18,98996.26,367674.92,233430.85,127146.49,34.25,3504.58,0.95,10602.17,4.54
2016-10-01,Company_A,India,Technology,233312.83,141099.45,5839.9,46874.27,60621.56,231109.95,141642.69,92213.38,39.52,2202.88,0.95,-543.24,-0.38
2016-10-01,Company_B,USA,HR,138548.79,83508.63,4343.25,32191.64,35427.59,136333.79,85013.89,55040.16,39.73,2214.99,1.62,-1505.26,-1.77
2016-10-01,Company_B,USA,Marketing,180113.43,115137.92,15896.38,32372.27,44342.37,177233.93,114178.45,64975.5,36.07,2879.49,1.62,959.47,0.84
2016-10-01,Company_B,USA,Operations,277097.58,149954.63,9521.5,47671.25,62255.92,272667.59,142653.0,127142.94,45.88,4429.99,1.62,7301.63,5.12
2016-10-01,Company_B,USA,Sales,484920.76,283123.32,15367.84,90908.55,132649.32,477168.28,274682.91,201797.44,41.61,7752.48,1.62,8440.41,3.07
2016-10-01,Company_B,USA,Technology,304807.34,150908.83,10233.18,57852.65,56749.29,299934.35,149113.23,153898.5,50.49,4872.99,1.62,1795.6,1.2
2016-10-01,Company_C,UK,HR,83979.97,47862.81,2169.64,18897.06,16217.2,88973.56,46929.61,36117.16,43.01,-4993.59,-5.61,933.2,1.99
2016-10-01,Company_C,UK,Marketing,109173.96,70049.56,10513.92,21851.7,25763.86,115665.62,66338.74,39124.4,35.84,-6491.67,-5.61,3710.82,5.59
2016-10-01,Company_C,UK,Operations,167959.93,93006.94,5617.33,29938.53,40185.56,177947.11,92812.99,74953.0,44.63,-9987.18,-5.61,193.94,0.21
2016-10-01,Company_C,UK,Sales,293929.89,175670.58,7207.49,49305.42,82056.0,311407.45,169208.05,118259.3,40.23,-17477.57,-5.61,6462.54,3.82
2016-10-01,Company_C,UK,Technology,184755.93,94189.91,4624.22,32672.66,37572.42,195741.83,93940.13,90566.02,49.02,-10985.9,-5.61,249.78,0.27
2016-10-01,Company_D,Germany,HR,124094.5,69569.24,2569.45,21723.49,28243.0,129136.83,69819.19,54525.27,43.94,-5042.33,-3.9,-249.95,-0.36
2016-10-01,Company_D,Germany,Marketing,161322.85,96303.64,11760.65,37541.6,32338.68,167877.88,95069.21,65019.21,40.3,-6555.02,-3.9,1234.44,1.3
2016-10-01,Company_D,Germany,Operations,248189.01,128211.24,4940.4,39777.51,62161.07,258273.66,126482.85,119977.77,48.34,-10084.65,-3.9,1728.39,1.37
2016-10-01,Company_D,Germany,Sales,434330.76,242724.13,11195.48,84507.46,97555.65,451978.9,236842.48,191606.63,44.12,-17648.14,-3.9,5881.66,2.48
2016-10-01,Company_D,Germany,Technology,273007.91,160656.47,4357.03,53957.39,73222.04,284101.03,153194.64,112351.43,41.15,-11093.12,-3.9,7461.84,4.87
2016-11-01,Company_A,India,HR,106423.76,53407.74,1965.21,20509.59,20821.14,106216.91,54696.81,53016.02,49.82,206.85,0.19,-1289.07,-2.36
2016-11-01,Company_A,India,Marketing,138350.89,92023.18,16292.05,22416.73,36469.02,138081.98,89918.76,46327.7,33.49,268.9,0.19,2104.42,2.34
2016-11-01,Company_A,India,Operations,212847.52,123139.04,4567.52,42847.06,55237.89,212433.82,118236.5,89708.48,42.15,413.69,0.19,4902.54,4.15
2016-11-01,Company_A,India,Sales,372483.15,211691.79,7195.04,82542.07,90248.59,371759.19,207699.13,160791.37,43.17,723.97,0.19,3992.66,1.92
2016-11-01,Company_A,India,Technology,234132.27,145667.65,6496.84,47587.57,59143.95,233677.2,140381.37,88464.61,37.78,455.06,0.19,5286.28,3.77
2016-11-01,Company_B,USA,HR,140388.83,78519.26,2433.17,24308.67,32944.99,150031.31,79429.5,61869.58,44.07,-9642.48,-6.43,-910.25,-1.15
2016-11-01,Company_B,USA,Marketing,182505.48,113712.03,14234.79,36396.26,43729.81,195040.7,112205.51,68793.45,37.69,-12535.22,-6.43,1506.52,1.34
2016-11-01,Company_B,USA,Operations,280777.67,152209.64,8877.9,54582.23,53906.25,300062.62,142237.62,128568.02,45.79,-19284.96,-6.43,9972.03,7.01
2016-11-01,Company_B,USA,Sales,491360.91,309061.61,16063.44,94435.88,132449.42,525109.59,311654.8,182299.3,37.1,-33748.67,-6.43,-2593.18,-0.83
2016-11-01,Company_B,USA,Technology,308855.43,154283.34,5810.25,56128.5,61296.45,330068.88,146930.61,154572.09,50.05,-21213.45,-6.43,7352.73,5.0
2016-11-01,Company_C,UK,HR,84392.58,50585.12,1776.09,14391.06,22744.52,85781.22,49440.68,33807.46,40.06,-1388.63,-1.62,1144.45,2.31
2016-11-01,Company_C,UK,Marketing,109710.36,78886.37,12587.65,25783.73,30127.29,111515.58,78341.98,30823.99,28.1,-1805.22,-1.62,544.39,0.69
2016-11-01,Company_C,UK,Operations,168785.17,87431.36,4250.39,30613.71,32870.13,171562.43,89422.67,81353.81,48.2,-2777.27,-1.62,-1991.31,-2.23
2016-11-01,Company_C,UK,Sales,295374.04,172243.73,5095.85,59509.59,80754.89,300234.26,166369.38,123130.31,41.69,-4860.22,-1.62,5874.36,3.53
2016-11-01,Company_C,UK,Technology,185663.68,99780.16,5735.76,35397.37,41891.61,188718.68,94057.67,85883.53,46.26,-3054.99,-1.62,5722.49,6.08
2016-11-01,Company_D,Germany,HR,128173.76,70420.6,3433.04,21494.7,31100.9,128475.62,67627.42,57753.16,45.06,-301.86,-0.23,2793.18,4.13
2016-11-01,Company_D,Germany,Marketing,166625.89,99447.6,14427.23,29117.78,32754.47,167018.31,100937.86,67178.3,40.32,-392.42,-0.23,-1490.27,-1.48
2016-11-01,Company_D,Germany,Operations,256347.53,165925.62,7995.34,59118.7,70953.41,256951.24,159306.62,90421.91,35.27,-603.72,-0.23,6619.0,4.15
2016-11-01,Company_D,Germany,Sales,448608.17,235957.49,9401.46,87548.51,101202.23,449664.68,227481.63,212650.68,47.4,-1056.5,-0.23,8475.86,3.73
2016-11-01,Company_D,Germany,Technology,281982.28,169609.72,4615.19,61481.43,77688.9,282646.37,169359.62,112372.56,39.85,-664.09,-0.23,250.1,0.15
2016-12-01,Company_A,India,HR,114914.26,66557.1,3162.12,21830.15,26466.32,114164.78,65443.5,48357.16,42.08,749.48,0.66,1113.6,1.7
2016-12-01,Company_A,India,Marketing,149388.54,89138.46,12852.06,25972.12,32843.14,148414.22,86375.07,60250.08,40.33,974.33,0.66,2763.39,3.2
2016-12-01,Company_A,India,Operations,229828.53,126971.18,3897.13,45490.86,52667.87,228329.56,126890.66,102857.35,44.75,1498.96,0.66,80.52,0.06
2016-12-01,Company_A,India,Sales,402199.92,248674.51,11968.64,95075.73,94692.1,399576.74,249407.24,153525.42,38.17,2623.19,0.66,-732.73,-0.29
2016-12-01,Company_A,India,Technology,252811.38,140206.83,5044.75,48936.19,54505.44,251162.52,138958.36,112604.55,44.54,1648.86,0.66,1248.47,0.9
2016-12-01,Company_B,USA,HR,149951.85,79621.36,2558.97,30377.75,29578.36,155738.04,77606.52,70330.49,46.9,-5786.19,-3.72,2014.84,2.6
2016-12-01,Company_B,USA,Marketing,194937.41,117942.29,12482.63,34538.17,46684.53,202459.45,115795.85,76995.12,39.5,-7522.05,-3.72,2146.44,1.85
2016-12-01,Company_B,USA,Operations,299903.7,168285.93,7281.55,61824.73,57542.8,311476.08,165313.04,131617.77,43.89,-11572.38,-3.72,2972.89,1.8
2016-12-01,Company_B,USA,Sales,524831.48,331492.39,13819.92,118443.17,128952.69,545083.14,326518.43,193339.09,36.84,-20251.66,-3.72,4973.96,1.52
2016-12-01,Company_B,USA,Technology,329894.07,172921.09,7104.56,63326.96,59737.58,342623.69,168932.2,156972.98,47.58,-12729.62,-3.72,3988.9,2.36
2016-12-01,Company_C,UK,HR,96323.72,46175.99,2508.92,17882.79,17824.78,98670.42,44950.3,50147.73,52.06,-2346.7,-2.38,1225.69,2.73
2016-12-01,Company_C,UK,Marketing,125220.84,85397.74,13617.12,21667.24,33226.04,128271.55,84651.56,39823.1,31.8,-3050.71,-2.38,746.17,0.88
2016-12-01,Company_C,UK,Operations,192647.44,111219.82,3071.04,35208.43,47555.92,197340.84,106114.43,81427.62,42.27,-4693.4,-2.38,5105.39,4.81
2016-12-01,Company_C,UK,Sales,337133.02,172552.97,8724.18,55183.8,72097.72,345346.48,168165.13,164580.05,48.82,-8213.45,-2.38,4387.84,2.61
2016-12-01,Company_C,UK,Technology,211912.19,125804.37,6860.87,44301.01,52170.69,217074.93,123561.96,86107.82,40.63,-5162.74,-2.38,2242.41,1.81
2016-12-01,Company_D,Germany,HR,133343.45,74239.05,3628.31,29405.46,28858.22,130824.91,72046.89,59104.41,44.32,2518.54,1.93,2192.16,3.04
2016-12-01,Company_D,Germany,Marketing,173346.49,102774.68,15140.8,32900.73,34271.32,170072.38,103259.29,70571.81,40.71,3274.11,1.93,-484.61,-0.47
2016-12-01,Company_D,Germany,Operations,266686.91,156419.92,8735.69,53529.47,66505.26,261649.82,156154.6,110266.99,41.35,5037.09,1.93,265.32,0.17
2016-12-01,Company_D,Germany,Sales,466702.09,291670.29,14113.74,109774.91,129393.83,457887.19,289146.65,175031.8,37.5,8814.9,1.93,2523.64,0.87
2016-12-01,Company_D,Germany,Technology,293355.6,140040.37,5546.9,53628.53,53131.23,287814.8,133383.95,153315.23,52.26,5540.79,1.93,6656.42,4.99
2017-01-01,Company_A,India,HR,78004.45,43636.88,1609.79,17563.29,14962.54,80855.71,43745.54,34367.57,44.06,-2851.26,-3.53,-108.66,-0.25
2017-01-01,Company_A,India,Marketing,101405.78,59902.17,8025.11,16802.44,26820.57,105112.43,57771.6,41503.62,40.93,-3706.64,-3.53,2130.57,3.69
2017-01-01,Company_A,India,Operations,156008.9,104288.72,3544.84,36711.57,43077.03,161711.43,102935.56,51720.17,33.15,-5702.53,-3.53,1353.17,1.31
2017-01-01,Company_A,India,Sales,273015.57,134130.24,7603.04,45223.8,49866.6,282995.0,131828.29,138885.33,50.87,-9979.43,-3.53,2301.95,1.75
2017-01-01,Company_A,India,Technology,171609.79,95669.31,4782.04,32786.67,38753.83,177882.57,95339.56,75940.48,44.25,-6272.78,-3.53,329.75,0.35
2017-01-01,Company_B,USA,HR,114363.55,60842.32,2466.09,25669.72,22976.32,116778.74,57314.46,53521.23,46.8,-2415.19,-2.07,3527.86,6.16
2017-01-01,Company_B,USA,Marketing,148672.61,93832.07,13178.49,33548.82,31976.79,151812.36,90850.27,54840.54,36.89,-3139.75,-2.07,2981.81,3.28
2017-01-01,Company_B,USA,Operations,228727.1,120160.6,6239.54,40741.27,46954.43,233557.47,121009.81,108566.49,47.47,-4830.38,-2.07,-849.21,-0.7
2017-01-01,Company_B,USA,Sales,400272.42,241893.05,13877.98,90261.12,82442.94,408725.58,225518.06,158379.36,39.57,-8453.16,-2.07,16375.0,7.26
2017-01-01,Company_B,USA,Technology,251599.8,135048.74,4039.51,41269.4,62698.95,256913.22,129442.92,116551.06,46.32,-5313.42,-2.07,5605.82,4.33
2017-01-01,Company_C,UK,HR,66440.6,33865.94,1823.86,11377.28,13340.1,70962.14,31690.85,32574.66,49.03,-4521.54,-6.37,2175.08,6.86
2017-01-01,Company_C,UK,Marketing,86372.78,55043.43,8322.95,19059.95,20473.05,92250.78,53555.7,31329.35,36.27,-5878.0,-6.37,1487.72,2.78
2017-01-01,Company_C,UK,Operations,132881.2,77378.47,2055.49,28081.3,29634.85,141924.28,74720.36,55502.73,41.77,-9043.08,-6.37,2658.11,3.56
2017-01-01,Company_C,UK,Sales,232542.1,122394.14,4373.71,41974.64,57436.82,248367.49,118575.56,110147.96,47.37,-15825.39,-6.37,3818.58,3.22
2017-01-01,Company_C,UK,Technology,146169.32,83432.69,3230.33,29056.81,30998.31,156116.71,79230.17,62736.64,42.92,-9947.39,-6.37,4202.52,5.3
2017-01-01,Company_D,Germany,HR,94659.31,47858.15,2763.85,17713.31,17491.77,100664.39,45719.46,46801.17,49.44,-6005.07,-5.97,2138.69,4.68
2017-01-01,Company_D,Germany,Marketing,123057.11,73146.96,12157.07,21205.95,24397.94,130863.7,73068.65,49910.15,40.56,-7806.59,-5.97,78.31,0.11
2017-01-01,Company_D,Germany,Operations,189318.63,104202.75,2897.96,37122.75,42150.73,201328.77,107286.38,85115.87,44.96,-12010.14,-5.97,-3083.63,-2.87
2017-01-01,Company_D,Germany,Sales,331307.6,172297.6,6262.87,58966.13,65115.23,352325.35,169508.64,159010.0,47.99,-21017.75,-5.97,2788.96,1.65
2017-01-01,Company_D,Germany,Technology,208250.49,129635.15,5537.84,40842.86,55751.88,221461.65,122014.1,78615.34,37.75,-13211.16,-5.97,7621.05,6.25
2017-02-01,Company_A,India,HR,85771.96,48235.43,1305.17,16394.12,23204.59,89659.28,46896.58,37536.53,43.76,-3887.32,-4.34,1338.85,2.85
2017-02-01,Company_A,India,Marketing,111503.55,71642.79,12728.48,18760.46,25704.38,116557.06,71431.36,39860.76,35.75,-5053.51,-4.34,211.43,0.3
2017-02-01,Company_A,India,Operations,171543.92,108520.84,4044.99,39227.47,43758.64,179318.56,105801.87,63023.08,36.74,-7774.64,-4.34,2718.97,2.57
2017-02-01,Company_A,India,Sales,300201.87,175492.94,5568.38,54805.68,76569.93,313807.48,174745.47,124708.92,41.54,-13605.61,-4.34,747.47,0.43
2017-02-01,Company_A,India,Technology,188698.32,114403.89,4387.68,45144.26,40985.62,197250.42,113680.57,74294.42,39.37,-8552.1,-4.34,723.33,0.64
2017-02-01,Company_B,USA,HR,101864.67,59929.95,1765.03,19701.99,24577.87,103262.36,58986.74,41934.73,41.17,-1397.69,-1.35,943.2,1.6
2017-02-01,Company_B,USA,Marketing,132424.08,87814.18,13160.91,22895.79,36696.71,134241.07,85305.88,44609.9,33.69,-1816.99,-1.35,2508.3,2.94
2017-02-01,Company_B,USA,Operations,203729.35,112092.59,3189.01,41260.44,46360.57,206524.72,111109.59,91636.76,44.98,-2795.38,-1.35,983.0,0.88
2017-02-01,Company_B,USA,Sales,356526.36,209311.79,11112.25,67910.89,93539.1,361418.27,208012.7,147214.57,41.29,-4891.91,-1.35,1299.09,0.62
2017-02-01,Company_B,USA,Technology,224102.28,129569.16,4720.88,44087.62,61237.18,227177.2,127594.61,94533.12,42.18,-3074.91,-1.35,1974.56,1.55
2017-02-01,Company_C,UK,HR,71386.94,38014.66,1588.48,13153.93,13323.7,72486.52,37745.37,33372.28,46.75,-1099.58,-1.52,269.29,0.71
2017-02-01,Company_C,UK,Marketing,92803.02,59885.38,7225.11,21032.83,24029.4,94232.48,58731.74,32917.63,35.47,-1429.46,-1.52,1153.65,1.96
2017-02-01,Company_C,UK,Operations,142773.87,76186.09,4676.56,25981.48,26278.76,144973.04,72677.2,66587.79,46.64,-2199.16,-1.52,3508.89,4.83
2017-02-01,Company_C,UK,Sales,249854.28,131951.37,6210.28,42098.05,48989.26,253702.82,129979.62,117902.91,47.19,-3848.54,-1.52,1971.75,1.52
2017-02-01,Company_C,UK,Technology,157051.26,83583.67,3886.92,27119.87,33987.79,159470.34,81502.88,73467.6,46.78,-2419.08,-1.52,2080.78,2.55
2017-02-01,Company_D,Germany,HR,101730.83,60477.57,2215.57,22679.08,26646.7,105635.91,61216.05,41253.25,40.55,-3905.09,-3.7,-738.48,-1.21
2017-02-01,Company_D,Germany,Marketing,132250.08,89018.87,13543.19,30861.65,33359.2,137326.69,85174.65,43231.2,32.69,-5076.61,-3.7,3844.22,4.51
2017-02-01,Company_D,Germany,Operations,203461.65,127902.29,3875.81,45480.4,56135.97,211271.83,122664.13,75559.36,37.14,-7810.17,-3.7,5238.16,4.27
2017-02-01,Company_D,Germany,Sales,356057.9,204078.86,7858.55,73705.74,81268.49,369725.7,206165.62,151979.03,42.68,-13667.81,-3.7,-2086.76,-1.01
2017-02-01,Company_D,Germany,Technology,223807.82,121364.11,6482.88,44268.51,49991.88,232399.01,122117.19,102443.71,45.77,-8591.19,-3.7,-753.08,-0.62
2017-03-01,Company_A,India,HR,91724.44,49251.32,1561.38,19212.37,17281.86,93719.12,47686.31,42473.12,46.31,-1994.68,-2.13,1565.01,3.28
2017-03-01,Company_A,India,Marketing,119241.78,68574.4,7992.06,22426.18,23168.58,121834.86,66950.8,50667.38,42.49,-2593.08,-2.13,1623.6,2.43
2017-03-01,Company_A,India,Operations,183448.89,90057.35,4565.75,30690.35,34076.71,187438.24,90451.62,93391.53,50.91,-3989.36,-2.13,-394.27,-0.44
2017-03-01,Company_A,India,Sales,321035.55,196668.88,8497.41,75779.98,78070.62,328016.93,187789.19,124366.67,38.74,-6981.38,-2.13,8879.69,4.73
2017-03-01,Company_A,India,Technology,201793.77,127207.56,6063.4,43143.81,52296.45,206182.07,120802.06,74586.22,36.96,-4388.29,-2.13,6405.5,5.3
2017-03-01,Company_B,USA,HR,121398.45,65024.62,3955.96,21057.32,28614.11,125113.9,66576.98,56373.82,46.44,-3715.45,-2.97,-1552.35,-2.33
2017-03-01,Company_B,USA,Marketing,157817.98,90197.02,17302.87,27230.71,29068.73,162648.07,87500.85,67620.96,42.85,-4830.08,-2.97,2696.17,3.08
2017-03-01,Company_B,USA,Operations,242796.89,133925.0,6923.71,46872.86,59683.36,250227.79,127221.56,108871.89,44.84,-7430.9,-2.97,6703.45,5.27
2017-03-01,Company_B,USA,Sales,424894.57,239949.0,11052.9,80038.79,93613.1,437898.64,237702.42,184945.57,43.53,-13004.07,-2.97,2246.58,0.95
2017-03-01,Company_B,USA,Technology,267076.58,134036.3,5370.04,50711.6,50901.44,275250.57,135367.44,133040.29,49.81,-8173.99,-2.97,-1331.14,-0.98
2017-03-01,Company_C,UK,HR,75384.96,46451.61,1935.31,16007.16,20685.95,76668.68,45398.35,28933.35,38.38,-1283.72,-1.67,1053.26,2.32
2017-03-01,Company_C,UK,Marketing,98000.45,53245.24,7256.29,18442.19,18127.94,99669.29,53109.43,44755.21,45.67,-1668.83,-1.67,135.81,0.26
2017-03-01,Company_C,UK,Operations,150769.93,80635.2,3990.86,26404.5,30383.82,153337.36,79081.34,70134.73,46.52,-2567.44,-1.67,1553.86,1.96
2017-03-01,Company_C,UK,Sales,263847.37,144040.19,8965.09,51560.76,53983.17,268340.39,147959.65,119807.19,45.41,-4493.01,-1.67,-3919.47,-2.65
2017-03-01,Company_C,UK,Technology,165846.92,84592.23,3130.49,27437.85,33410.94,168671.1,82553.05,81254.69,48.99,-2824.18,-1.67,2039.18,2.47
2017-03-01,Company_D,Germany,HR,102836.36,58219.74,2982.88,23773.59,20584.75,102795.24,56060.01,44616.62,43.39,41.12,0.04,2159.73,3.85
2017-03-01,Company_D,Germany,Marketing,133687.27,86179.27,14704.61,22651.75,33496.95,133633.81,85985.22,47507.99,35.54,53.46,0.04,194.05,0.23
2017-03-01,Company_D,Germany,Operations,205672.72,119114.23,4616.94,37700.18,52989.34,205590.47,120502.9,86558.48,42.09,82.25,0.04,-1388.66,-1.15
2017-03-01,Company_D,Germany,Sales,359927.25,200420.03,7909.06,69350.42,92272.64,359783.32,201474.14,159507.22,44.32,143.93,0.04,-1054.11,-0.52
2017-03-01,Company_D,Germany,Technology,226239.99,127403.97,7657.52,37407.37,63037.63,226149.52,123436.11,98836.01,43.69,90.47,0.04,3967.86,3.21
2017-04-01,Company_A,India,HR,94410.38,56661.18,2123.99,22372.79,19691.29,93352.78,57699.12,37749.2,39.98,1057.6,1.13,-1037.95,-1.8
2017-04-01,Company_A,India,Marketing,122733.49,66563.11,8238.99,20190.18,23534.47,121358.61,66096.08,56170.38,45.77,1374.87,1.13,467.03,0.71
2017-04-01,Company_A,India,Operations,188820.75,91201.05,4692.67,31891.03,34202.12,186705.56,89012.36,97619.7,51.7,2115.19,1.13,2188.68,2.46
2017-04-01,Company_A,India,Sales,330436.31,219003.85,11216.65,74356.09,92059.59,326734.73,206917.77,111432.47,33.72,3701.58,1.13,12086.08,5.84
2017-04-01,Company_A,India,Technology,207702.83,120050.1,3462.41,39484.47,53528.07,205376.12,120223.15,87652.73,42.2,2326.71,1.13,-173.05,-0.14
2017-04-01,Company_B,USA,HR,128909.62,65433.81,2772.1,26535.19,23709.95,132858.32,64360.02,63475.81,49.24,-3948.71,-2.97,1073.79,1.67
2017-04-01,Company_B,USA,Marketing,167582.5,114247.27,12580.44,39081.05,44312.37,172715.82,106389.63,53335.23,31.83,-5133.32,-2.97,7857.65,7.39
2017-04-01,Company_B,USA,Operations,257819.23,144633.92,8222.71,52394.98,57527.25,265716.65,140842.6,113185.31,43.9,-7897.42,-2.97,3791.32,2.69
2017-04-01,Company_B,USA,Sales,451183.66,270966.15,10406.2,94922.57,115160.02,465004.13,270239.44,180217.51,39.94,-13820.48,-2.97,726.71,0.27
2017-04-01,Company_B,USA,Technology,283601.16,175941.09,6684.24,60745.96,71793.53,292288.31,173451.63,107660.06,37.96,-8687.16,-2.97,2489.46,1.44
2017-04-01,Company_C,UK,HR,84288.24,47117.52,2240.6,16812.12,16765.59,82713.69,45749.92,37170.72,44.1,1574.55,1.9,1367.6,2.99
2017-04-01,Company_C,UK,Marketing,109574.71,73264.65,9558.29,23707.53,25647.18,107527.8,67578.93,36310.06,33.14,2046.91,1.9,5685.73,8.41
2017-04-01,Company_C,UK,Operations,168576.48,101979.03,5717.35,40255.11,33666.51,165427.38,98283.91,66597.45,39.51,3149.1,1.9,3695.12,3.76
2017-04-01,Company_C,UK,Sales,295008.84,179340.13,7202.85,57938.57,73948.17,289497.92,176177.56,115668.71,39.21,5510.92,1.9,3162.57,1.8
2017-04-01,Company_C,UK,Technology,185434.13,100966.45,2938.02,34554.85,42581.15,181970.12,100234.76,84467.67,45.55,3464.01,1.9,731.69,0.73
2017-04-01,Company_D,Germany,HR,108636.61,63410.49,1746.07,25532.45,24996.95,111517.62,62472.8,45226.12,41.63,-2881.0,-2.58,937.7,1.5
2017-04-01,Company_D,Germany,Marketing,141227.6,96177.14,12467.87,32251.95,37688.39,144972.9,96484.94,45050.46,31.9,-3745.3,-2.58,-307.8,-0.32
2017-04-01,Company_D,Germany,Operations,217273.23,128712.13,7126.26,44757.48,53251.04,223035.23,126162.22,88561.09,40.76,-5762.01,-2.58,2549.92,2.02
2017-04-01,Company_D,Germany,Sales,380228.15,217560.72,12735.72,61616.19,100830.3,390311.66,223686.61,162667.42,42.78,-10083.51,-2.58,-6125.89,-2.74
2017-04-01,Company_D,Germany,Technology,239000.55,121271.94,4166.37,42617.48,51705.2,245338.76,120444.2,117728.61,49.26,-6338.21,-2.58,827.74,0.69
2017-05-01,Company_A,India,HR,96505.12,61749.7,1597.61,19946.88,26774.33,98948.13,61042.29,34755.42,36.01,-2443.01,-2.47,707.41,1.16
2017-05-01,Company_A,India,Marketing,125456.65,72896.43,8943.46,22857.01,28399.6,128632.56,69965.45,52560.22,41.9,-3175.91,-2.47,2930.98,4.19
2017-05-01,Company_A,India,Operations,193010.23,114399.47,3979.73,31583.37,53085.76,197896.25,118374.29,78610.76,40.73,-4886.02,-2.47,-3974.82,-3.36
2017-05-01,Company_A,India,Sales,337767.91,196005.68,8808.0,56036.95,93538.15,346318.44,199196.38,141762.23,41.97,-8550.53,-2.47,-3190.7,-1.6
2017-05-01,Company_A,India,Technology,212311.26,126625.7,5849.42,41690.14,50621.68,217685.88,127129.89,85685.56,40.36,-5374.62,-2.47,-504.19,-0.4
2017-05-01,Company_B,USA,HR,131082.21,76898.59,3062.46,22765.69,33521.43,135734.35,74987.14,54183.62,41.34,-4652.14,-3.43,1911.45,2.55
2017-05-01,Company_B,USA,Marketing,170406.88,100318.14,15811.63,31453.24,37782.5,176454.66,99747.3,70088.74,41.13,-6047.78,-3.43,570.83,0.57
2017-05-01,Company_B,USA,Operations,262164.43,150089.2,7390.45,54604.21,65227.7,271468.71,142235.25,112075.23,42.75,-9304.28,-3.43,7853.95,5.52
2017-05-01,Company_B,USA,Sales,458787.74,282439.33,10054.85,100139.45,113370.73,475070.24,275876.02,176348.42,38.44,-16282.49,-3.43,6563.31,2.38
2017-05-01,Company_B,USA,Technology,288380.87,174055.68,5859.49,64211.99,80467.85,298615.58,173097.75,114325.19,39.64,-10234.71,-3.43,957.93,0.55
2017-05-01,Company_C,UK,HR,83171.43,43951.23,1350.05,15158.61,16322.38,88248.93,41860.04,39220.2,47.16,-5077.5,-5.75,2091.18,5.0
2017-05-01,Company_C,UK,Marketing,108122.86,69922.14,6647.59,22920.87,28222.87,114723.6,65596.63,38200.72,35.33,-6600.74,-5.75,4325.5,6.59
2017-05-01,Company_C,UK,Operations,166342.86,102044.66,4362.01,39750.62,41376.74,176497.85,98481.01,64298.2,38.65,-10154.99,-5.75,3563.64,3.62
2017-05-01,Company_C,UK,Sales,291100.0,137358.77,7884.0,48893.07,55919.17,308871.24,126248.81,153741.23,52.81,-17771.24,-5.75,11109.96,8.8
2017-05-01,Company_C,UK,Technology,182977.14,98345.6,3071.17,37895.45,40821.89,194147.64,98060.8,84631.54,46.25,-11170.49,-5.75,284.8,0.29
2017-05-01,Company_D,Germany,HR,117262.24,69360.41,2472.15,27300.73,26380.78,121740.14,66760.08,47901.83,40.85,-4477.9,-3.68,2600.32,3.9
2017-05-01,Company_D,Germany,Marketing,152440.91,91155.46,14837.08,25193.51,36360.52,158262.18,90314.57,61285.45,40.2,-5821.26,-3.68,840.89,0.93
2017-05-01,Company_D,Germany,Operations,234524.48,119685.85,8065.42,39133.9,43121.66,243480.27,110542.47,114838.64,48.97,-8955.79,-3.68,9143.37,8.27
2017-05-01,Company_D,Germany,Sales,410417.84,224712.76,10726.67,74879.59,102962.7,426090.48,222523.96,185705.08,45.25,-15672.63,-3.68,2188.8,0.98
2017-05-01,Company_D,Germany,Technology,257976.93,144198.33,5621.47,60873.01,49225.76,267828.3,145693.19,113778.6,44.1,-9851.37,-3.68,-1494.86,-1.03
2017-06-01,Company_A,India,HR,105903.65,63338.61,3420.1,17422.21,27671.58,111067.58,61122.74,42565.04,40.19,-5163.93,-4.65,2215.86,3.63
2017-06-01,Company_A,India,Marketing,137674.74,99136.11,15216.8,32710.58,36323.12,144387.85,93201.75,38538.64,27.99,-6713.1,-4.65,5934.36,6.37
2017-06-01,Company_A,India,Operations,211807.3,126927.0,3814.3,50618.15,50709.44,222135.15,122899.68,84880.3,40.07,-10327.85,-4.65,4027.32,3.28
2017-06-01,Company_A,India,Sales,370662.77,234805.89,6765.46,79610.39,100483.98,388736.51,226723.27,135856.88,36.65,-18073.74,-4.65,8082.63,3.56
2017-06-01,Company_A,India,Technology,232988.03,142573.41,6876.5,54981.45,56229.69,244348.67,143925.86,90414.62,38.81,-11360.64,-4.65,-1352.45,-0.94
2017-06-01,Company_B,USA,HR,129917.3,80555.72,2982.08,26901.74,36036.46,136571.36,78868.94,49361.58,37.99,-6654.06,-4.87,1686.78,2.14
2017-06-01,Company_B,USA,Marketing,168892.48,95535.71,16043.97,27409.93,30591.54,177542.77,93411.87,73356.78,43.43,-8650.28,-4.87,2123.84,2.27
2017-06-01,Company_B,USA,Operations,259834.59,135323.5,4102.23,42625.81,61683.43,273142.72,135119.34,124511.09,47.92,-13308.12,-4.87,204.16,0.15
2017-06-01,Company_B,USA,Sales,454710.53,229713.12,8947.0,78683.81,82925.91,477999.75,234625.58,224997.41,49.48,-23289.22,-4.87,-4912.46,-2.09
2017-06-01,Company_B,USA,Technology,285818.05,168900.33,5061.61,68017.62,58063.23,300456.99,164933.71,116917.72,40.91,-14638.94,-4.87,3966.61,2.4
2017-06-01,Company_C,UK,HR,83958.89,45633.83,1957.54,16055.47,19051.76,86444.72,43604.73,38325.06,45.65,-2485.83,-2.88,2029.09,4.65
2017-06-01,Company_C,UK,Marketing,109146.56,61856.36,7739.42,20124.54,20584.06,112378.14,61566.15,47290.19,43.33,-3231.58,-2.88,290.21,0.47
2017-06-01,Company_C,UK,Operations,167917.78,92852.55,5289.86,30280.91,38373.5,172889.44,86065.15,75065.23,44.7,-4971.66,-2.88,6787.4,7.89
2017-06-01,Company_C,UK,Sales,293856.11,158168.94,6785.25,60473.42,63579.04,302556.52,153344.67,135687.17,46.17,-8700.41,-2.88,4824.26,3.15
2017-06-01,Company_C,UK,Technology,184709.56,103692.39,6356.48,39448.22,36493.35,190178.39,97746.91,81017.16,43.86,-5468.83,-2.88,5945.49,6.08
2017-06-01,Company_D,Germany,HR,112479.34,63459.54,2613.53,23474.51,25575.65,119382.28,63995.42,49019.8,43.58,-6902.93,-5.78,-535.88,-0.84
2017-06-01,Company_D,Germany,Marketing,146223.15,87110.47,11514.25,24891.32,33841.64,155196.96,86703.81,59112.67,40.43,-8973.81,-5.78,406.66,0.47
2017-06-01,Company_D,Germany,Operations,224958.69,113965.79,4062.25,47011.13,41981.09,238764.55,114672.71,110992.9,49.34,-13805.86,-5.78,-706.92,-0.62
2017-06-01,Company_D,Germany,Sales,393677.7,201800.72,11373.68,79165.52,73046.27,417837.96,189509.02,191876.98,48.74,-24160.26,-5.78,12291.7,6.49
2017-06-01,Company_D,Germany,Technology,247454.56,146789.72,4107.22,55810.52,65711.21,262641.01,142252.95,100664.84,40.68,-15186.45,-5.78,4536.77,3.19
2017-07-01,Company_A,India,HR,95101.03,50244.77,2193.95,21885.82,18392.68,97590.25,50050.54,44856.26,47.17,-2489.22,-2.55,194.23,0.39
2017-07-01,Company_A,India,Marketing,123631.34,81793.37,13739.26,24925.69,29076.94,126867.33,80394.04,41837.97,33.84,-3235.99,-2.55,1399.33,1.74
2017-07-01,Company_A,India,Operations,190202.06,103329.87,4215.5,39837.87,36396.26,195180.5,105270.28,86872.19,45.67,-4978.45,-2.55,-1940.41,-1.84
2017-07-01,Company_A,India,Sales,332853.6,204778.17,11282.18,73733.39,88194.47,341565.88,195216.97,128075.43,38.48,-8712.28,-2.55,9561.2,4.9
2017-07-01,Company_A,India,Technology,209222.26,122732.69,5674.84,49444.26,42443.72,214698.55,119841.17,86489.58,41.34,-5476.29,-2.55,2891.52,2.41
2017-07-01,Company_B,USA,HR,136477.05,73746.66,3253.9,27213.91,29129.68,136404.84,69990.32,62730.39,45.96,72.2,0.05,3756.34,5.37
2017-07-01,Company_B,USA,Marketing,177420.16,102491.02,12892.69,29572.75,45285.93,177326.3,99495.19,74929.14,42.23,93.87,0.05,2995.83,3.01
2017-07-01,Company_B,USA,Operations,272954.09,151634.74,9173.43,61519.6,51734.65,272809.69,151793.89,121319.36,44.45,144.41,0.05,-159.15,-0.1
2017-07-01,Company_B,USA,Sales,477669.67,260458.24,15803.64,86801.83,103879.87,477416.95,254603.83,217211.43,45.47,252.72,0.05,5854.41,2.3
2017-07-01,Company_B,USA,Technology,300249.5,166247.75,9341.66,68033.26,60780.06,300090.65,160417.35,134001.76,44.63,158.85,0.05,5830.39,3.63
2017-07-01,Company_C,UK,HR,77739.09,44253.88,1346.87,16485.84,18163.04,78455.39,44112.6,33485.21,43.07,-716.29,-0.91,141.29,0.32
2017-07-01,Company_C,UK,Marketing,101060.82,62733.86,10356.4,18915.84,23824.33,101992.0,60050.97,38326.97,37.92,-931.18,-0.91,2682.88,4.47
2017-07-01,Company_C,UK,Operations,155478.19,82147.08,2728.36,28354.26,37925.22,156910.78,81244.22,73331.11,47.16,-1432.59,-0.91,902.86,1.11
2017-07-01,Company_C,UK,Sales,272086.83,151727.32,7704.33,57981.36,56763.42,274593.86,146543.16,120359.51,44.24,-2507.03,-0.91,5184.16,3.54
2017-07-01,Company_C,UK,Technology,171026.01,83717.47,5632.73,27679.49,34388.31,172601.85,80787.73,87308.54,51.05,-1575.85,-0.91,2929.74,3.63
2017-07-01,Company_D,Germany,HR,108244.27,56508.33,3301.77,19127.96,24171.81,112524.58,57519.0,51735.93,47.8,-4280.31,-3.8,-1010.67,-1.76
2017-07-01,Company_D,Germany,Marketing,140717.55,96700.62,15813.4,29011.2,37481.85,146281.95,97644.6,44016.93,31.28,-5564.41,-3.8,-943.98,-0.97
2017-07-01,Company_D,Germany,Operations,216488.53,118937.41,3357.18,40263.82,55207.83,225049.16,115715.08,97551.12,45.06,-8560.62,-3.8,3222.33,2.78
2017-07-01,Company_D,Germany,Sales,378854.93,197814.25,10617.94,60790.18,75864.27,393836.02,193798.64,181040.68,47.79,-14981.09,-3.8,4015.62,2.07
2017-07-01,Company_D,Germany,Technology,238137.38,142075.31,4881.38,49708.28,59934.36,247554.07,135759.98,96062.07,40.34,-9416.69,-3.8,6315.33,4.65
2017-08-01,Company_A,India,HR,103190.37,57655.89,2226.34,20577.13,25110.35,103280.85,56455.65,45534.47,44.13,-90.49,-0.09,1200.24,2.13
2017-08-01,Company_A,India,Marketing,134147.48,82107.3,15506.81,23041.96,30748.16,134265.11,81253.52,52040.18,38.79,-117.64,-0.09,853.78,1.05
2017-08-01,Company_A,India,Operations,206380.73,128445.75,5663.45,39568.02,54946.06,206561.71,126114.76,77934.98,37.76,-180.98,-0.09,2330.99,1.85
2017-08-01,Company_A,India,Sales,361166.28,186598.16,5522.56,61726.83,77671.97,361482.99,186066.59,174568.12,48.33,-316.71,-0.09,531.56,0.29
2017-08-01,Company_A,India,Technology,227018.8,133132.96,5391.58,43446.75,61389.49,227217.88,135470.63,93885.85,41.36,-199.08,-0.09,-2337.67,-1.73
2017-08-01,Company_B,USA,HR,134389.98,83601.62,4236.15,28731.33,33235.88,142213.63,80881.64,50788.36,37.79,-7823.65,-5.5,2719.98,3.36
2017-08-01,Company_B,USA,Marketing,174706.98,113237.49,19871.42,40337.55,36641.07,184877.72,106820.36,61469.49,35.18,-10170.75,-5.5,6417.13,6.01
2017-08-01,Company_B,USA,Operations,268779.97,154382.36,5071.53,57995.49,65622.75,284427.27,149689.26,114397.61,42.56,-15647.3,-5.5,4693.1,3.14
2017-08-01,Company_B,USA,Sales,470364.94,249249.34,8503.26,103862.63,91685.86,497747.71,246215.87,221115.6,47.01,-27382.78,-5.5,3033.46,1.23
2017-08-01,Company_B,USA,Technology,295657.96,160668.12,6850.13,55845.64,73314.22,312869.99,157066.65,134989.85,45.66,-17212.03,-5.5,3601.47,2.29
2017-08-01,Company_C,UK,HR,75105.36,40476.39,1334.24,14077.55,16819.58,74206.39,40739.63,34628.97,46.11,898.97,1.21,-263.24,-0.65
2017-08-01,Company_C,UK,Marketing,97636.96,63472.21,8862.02,22423.67,21463.05,96468.3,61961.62,34164.75,34.99,1168.66,1.21,1510.59,2.44
2017-08-01,Company_C,UK,Operations,150210.71,86357.43,3257.0,31414.09,39323.73,148412.78,86803.75,63853.28,42.51,1797.94,1.21,-446.32,-0.51
2017-08-01,Company_C,UK,Sales,262868.75,138831.67,5294.68,46794.99,59919.75,259722.36,141859.12,124037.08,47.19,3146.39,1.21,-3027.45,-2.13
2017-08-01,Company_C,UK,Technology,165231.78,95145.02,3695.56,38516.38,35912.21,163254.05,94314.79,70086.76,42.42,1977.73,1.21,830.23,0.88
2017-08-01,Company_D,Germany,HR,118803.88,69780.35,2244.49,25257.65,26026.57,118470.26,66421.83,49023.53,41.26,333.62,0.28,3358.52,5.06
2017-08-01,Company_D,Germany,Marketing,154445.05,98715.46,12546.24,30708.28,41568.19,154011.34,97350.48,55729.59,36.08,433.71,0.28,1364.97,1.4
2017-08-01,Company_D,Germany,Operations,237607.77,132953.51,7617.5,48606.3,50255.37,236940.52,127733.67,104654.26,44.04,667.25,0.28,5219.84,4.09
2017-08-01,Company_D,Germany,Sales,415813.6,223426.23,11893.59,77823.47,77263.73,414645.91,212435.01,192387.37,46.27,1167.68,0.28,10991.22,5.17
2017-08-01,Company_D,Germany,Technology,261368.55,140156.32,9146.19,46471.77,51529.4,260634.57,143019.17,121212.22,46.38,733.97,0.28,-2862.85,-2.0
2017-09-01,Company_A,India,HR,101939.4,64168.55,1695.78,21430.93,27254.3,102092.61,62704.98,37770.85,37.05,-153.22,-0.15,1463.57,2.33
2017-09-01,Company_A,India,Marketing,132521.22,81314.08,13440.79,26540.47,24374.79,132720.4,77252.69,51207.14,38.64,-199.18,-0.15,4061.39,5.26
2017-09-01,Company_A,India,Operations,203878.8,100032.15,3419.87,35507.7,39157.69,204185.23,96646.94,103846.64,50.94,-306.43,-0.15,3385.21,3.5
2017-09-01,Company_A,India,Sales,356787.9,205003.29,7818.42,62277.47,96218.15,357324.15,195851.3,151784.6,42.54,-536.25,-0.15,9151.99,4.67
2017-09-01,Company_A,India,Technology,224266.68,108726.6,3547.31,39332.59,44156.65,224603.75,107922.15,115540.08,51.52,-337.07,-0.15,804.45,0.75
2017-09-01,Company_B,USA,HR,131053.0,76263.9,2008.26,29141.12,34314.66,133245.55,72922.94,54789.1,41.81,-2192.55,-1.65,3340.96,4.58
2017-09-01,Company_B,USA,Marketing,170368.9,121268.36,17266.08,39994.89,44692.42,173219.22,120168.8,49100.54,28.82,-2850.32,-1.65,1099.56,0.92
2017-09-01,Company_B,USA,Operations,262106.0,142409.36,6172.53,50559.0,55836.04,266491.1,138235.63,119696.64,45.67,-4385.1,-1.65,4173.73,3.02
2017-09-01,Company_B,USA,Sales,458685.5,268152.72,10187.17,100468.67,113353.61,466359.43,268775.87,190532.78,41.54,-7673.93,-1.65,-623.15,-0.23
2017-09-01,Company_B,USA,Technology,288316.6,171262.49,5993.75,66107.57,65381.01,293140.22,175670.88,117054.11,40.6,-4823.61,-1.65,-4408.38,-2.51
2017-09-01,Company_C,UK,HR,89319.99,52809.06,1923.85,17256.61,21496.55,89540.21,53312.05,36510.93,40.88,-220.23,-0.25,-502.99,-0.94
2017-09-01,Company_C,UK,Marketing,116115.98,70860.78,7871.15,19740.54,27366.43,116402.28,69729.31,45255.2,38.97,-286.3,-0.25,1131.47,1.62
2017-09-01,Company_C,UK,Operations,178639.97,92753.9,5717.61,29619.58,35957.55,179080.43,93802.68,85886.07,48.08,-440.46,-0.25,-1048.78,-1.12
2017-09-01,Company_C,UK,Sales,312619.95,186407.93,10700.47,60545.64,75006.2,313390.75,181584.98,126212.02,40.37,-770.8,-0.25,4822.95,2.66
2017-09-01,Company_C,UK,Technology,196503.97,110857.54,5185.67,36735.99,52291.94,196988.47,106164.07,85646.43,43.59,-484.5,-0.25,4693.47,4.42
2017-09-01,Company_D,Germany,HR,120624.6,77973.18,2676.53,27699.37,32890.8,120099.27,77239.27,42651.42,35.36,525.33,0.44,733.91,0.95
2017-09-01,Company_D,Germany,Marketing,156811.98,107174.57,15191.72,33376.27,41542.93,156129.06,107170.73,49637.41,31.65,682.93,0.44,3.84,0.0
2017-09-01,Company_D,Germany,Operations,241249.2,113297.08,4650.51,44387.65,44336.37,240198.55,112121.53,127952.12,53.04,1050.65,0.44,1175.55,1.05
2017-09-01,Company_D,Germany,Sales,422186.1,270674.71,10116.67,92548.24,115574.54,420347.46,280865.25,151511.39,35.89,1838.64,0.44,-10190.54,-3.63
2017-09-01,Company_D,Germany,Technology,265374.12,162285.82,7123.65,57163.99,71085.7,264218.4,153362.77,103088.3,38.85,1155.72,0.44,8923.05,5.82
2017-10-01,Company_A,India,HR,103292.1,58101.49,3389.07,17516.38,24723.92,107460.37,55368.47,45190.62,43.75,-4168.27,-3.88,2733.02,4.94
2017-10-01,Company_A,India,Marketing,134279.74,78784.47,10010.32,27206.33,27785.74,139698.48,75935.28,55495.27,41.33,-5418.75,-3.88,2849.19,3.75
2017-10-01,Company_A,India,Operations,206584.21,108278.72,5297.29,41509.83,39399.16,214920.74,106955.69,98305.49,47.59,-8336.53,-3.88,1323.03,1.24
2017-10-01,Company_A,India,Sales,361522.36,188015.94,6936.52,63180.26,78467.42,376111.3,187816.21,173506.42,47.99,-14588.93,-3.88,199.73,0.11
2017-10-01,Company_A,India,Technology,227242.63,132468.9,5085.3,47598.33,51414.43,236412.82,131728.92,94773.72,41.71,-9170.19,-3.88,739.98,0.56
2017-10-01,Company_B,USA,HR,139023.57,69950.15,2252.02,24676.28,26845.09,139813.71,69766.89,69073.42,49.68,-790.14,-0.57,183.26,0.26
2017-10-01,Company_B,USA,Marketing,180730.64,115360.05,13297.5,40029.4,45044.48,181757.83,117005.48,65370.59,36.17,-1027.19,-0.57,-1645.43,-1.41
2017-10-01,Company_B,USA,Operations,278047.14,155865.27,7370.25,59669.64,61978.44,279627.43,158683.46,122181.87,43.94,-1580.28,-0.57,-2818.19,-1.78
2017-10-01,Company_B,USA,Sales,486582.5,281072.66,8299.57,111546.6,93713.61,489348.0,281284.81,205509.84,42.24,-2765.5,-0.57,-212.15,-0.08
2017-10-01,Company_B,USA,Technology,305851.86,177047.49,9768.22,65423.89,64973.01,307590.17,180885.99,128804.37,42.11,-1738.31,-0.57,-3838.5,-2.12
2017-10-01,Company_C,UK,HR,87964.4,43815.62,2012.07,16921.91,17521.39,88037.63,44216.44,44148.78,50.19,-73.23,-0.08,-400.82,-0.91
2017-10-01,Company_C,UK,Marketing,114353.72,74798.81,10293.19,20351.14,30194.45,114448.92,72178.74,39554.91,34.59,-95.19,-0.08,2620.06,3.63
2017-10-01,Company_C,UK,Operations,175928.8,89204.49,3551.82,37162.97,33156.4,176075.26,92396.9,86724.31,49.3,-146.45,-0.08,-3192.4,-3.46
2017-10-01,Company_C,UK,Sales,307875.41,174372.17,4965.3,68643.3,66789.96,308131.7,167414.44,133503.24,43.36,-256.29,-0.08,6957.73,4.16
2017-10-01,Company_C,UK,Technology,193521.68,109658.25,5722.88,39638.64,41700.94,193682.78,110877.01,83863.43,43.34,-161.1,-0.08,-1218.76,-1.1
2017-10-01,Company_D,Germany,HR,112456.15,59179.36,2960.9,22134.31,21922.03,112107.19,59335.77,53276.78,47.38,348.96,0.31,-156.41,-0.26
2017-10-01,Company_D,Germany,Marketing,146192.99,100358.28,16940.26,31231.68,32131.44,145739.35,98264.4,45834.71,31.35,453.64,0.31,2093.89,2.13
2017-10-01,Company_D,Germany,Operations,224912.29,148405.22,4514.75,53263.77,60163.52,224214.38,145982.79,76507.08,34.02,697.91,0.31,2422.43,1.66
2017-10-01,Company_D,Germany,Sales,393596.52,216773.04,8381.92,81592.33,72907.8,392375.17,212993.29,176823.47,44.93,1221.35,0.31,3779.76,1.77
2017-10-01,Company_D,Germany,Technology,247403.52,146681.15,8050.11,52281.12,61258.5,246635.82,151218.04,100722.37,40.71,767.7,0.31,-4536.89,-3.0
2017-11-01,Company_A,India,HR,109305.22,60324.6,2786.21,18190.43,24160.79,116081.99,58757.75,48980.62,44.81,-6776.77,-5.84,1566.85,2.67
2017-11-01,Company_A,India,Marketing,142096.78,82867.2,10956.47,24856.33,28041.0,150906.59,80200.69,59229.58,41.68,-8809.8,-5.84,2666.51,3.32
2017-11-01,Company_A,India,Operations,218610.44,121990.99,7592.41,41205.39,52592.75,232163.98,117566.86,96619.44,44.2,-13553.54,-5.84,4424.13,3.76
2017-11-01,Company_A,India,Sales,382568.27,212748.6,9848.12,63871.16,91312.97,406286.96,202976.81,169819.67,44.39,-23718.7,-5.84,9771.79,4.81
2017-11-01,Company_A,India,Technology,240471.48,135578.34,5353.29,43934.64,58817.33,255380.38,132221.62,104893.15,43.62,-14908.9,-5.84,3356.71,2.54
2017-11-01,Company_B,USA,HR,144485.38,82894.81,3342.21,33720.21,28077.58,152611.31,81711.48,61590.57,42.63,-8125.93,-5.32,1183.33,1.45
2017-11-01,Company_B,USA,Marketing,187831.0,107344.07,12282.76,31095.71,45096.57,198394.7,112894.84,80486.92,42.85,-10563.7,-5.32,-5550.77,-4.92
2017-11-01,Company_B,USA,Operations,288970.76,184040.81,4625.94,68550.86,77744.24,305222.61,180417.51,104929.95,36.31,-16251.85,-5.32,3623.31,2.01
2017-11-01,Company_B,USA,Sales,505698.83,279639.74,16979.95,100271.11,107813.55,534139.57,266560.62,226059.1,44.7,-28440.74,-5.32,13079.12,4.91
2017-11-01,Company_B,USA,Technology,317867.84,175389.06,5878.31,64797.87,66622.94,335744.88,180262.33,142478.78,44.82,-17877.04,-5.32,-4873.27,-2.7
2017-11-01,Company_C,UK,HR,91078.79,53572.81,2994.85,18217.98,24772.26,93413.56,53419.94,37505.98,41.18,-2334.77,-2.5,152.87,0.29
2017-11-01,Company_C,UK,Marketing,118402.43,74977.73,11819.82,25911.38,22654.97,121437.63,73714.17,43424.7,36.68,-3035.2,-2.5,1263.56,1.71
2017-11-01,Company_C,UK,Operations,182157.58,99052.95,4370.32,38334.53,36224.44,186827.12,100459.7,83104.63,45.62,-4669.54,-2.5,-1406.75,-1.4
2017-11-01,Company_C,UK,Sales,318775.77,172900.28,5079.28,55258.62,82229.22,326947.47,171737.07,145875.49,45.76,-8171.7,-2.5,1163.21,0.68
2017-11-01,Company_C,UK,Technology,200373.34,122812.97,4644.36,47218.76,49331.31,205509.84,122991.47,77560.37,38.71,-5136.5,-2.5,-178.51,-0.15
2017-11-01,Company_D,Germany,HR,136108.92,73982.36,3995.19,23596.3,34775.54,137511.73,73016.0,62126.55,45.64,-1402.81,-1.02,966.37,1.32
2017-11-01,Company_D,Germany,Marketing,176941.59,123152.18,14293.66,42299.0,42455.0,178765.25,122433.59,53789.41,30.4,-1823.66,-1.02,718.59,0.59
2017-11-01,Company_D,Germany,Operations,272217.83,135181.51,6187.05,44432.01,60060.05,275023.46,136221.47,137036.32,50.34,-2805.63,-1.02,-1039.96,-0.76
2017-11-01,Company_D,Germany,Sales,476381.21,282938.81,16151.13,106662.58,114736.63,481291.06,289618.37,193442.4,40.61,-4909.85,-1.02,-6679.56,-2.31
2017-11-01,Company_D,Germany,Technology,299439.62,180505.89,8757.97,70052.49,64929.72,302525.81,179890.36,118933.72,39.72,-3086.19,-1.02,615.53,0.34
2017-12-01,Company_A,India,HR,111540.86,59155.89,1972.97,20850.15,20784.25,112721.05,58042.87,52384.97,46.96,-1180.18,-1.05,1113.02,1.92
2017-12-01,Company_A,India,Marketing,145003.12,84430.88,13757.07,26548.69,28338.87,146537.36,81366.39,60572.24,41.77,-1534.24,-1.05,3064.5,3.77
2017-12-01,Company_A,India,Operations,223081.73,117916.07,4427.77,44752.16,42716.51,225442.09,110237.14,105165.65,47.14,-2360.36,-1.05,7678.94,6.97
2017-12-01,Company_A,India,Sales,390393.02,229702.28,11076.57,67799.95,106552.93,394523.66,229446.11,160690.75,41.16,-4130.64,-1.05,256.17,0.11
2017-12-01,Company_A,India,Technology,245389.9,140976.62,5054.93,50483.82,63052.76,247986.3,135467.05,104413.28,42.55,-2596.4,-1.05,5509.57,4.07
2017-12-01,Company_B,USA,HR,146322.09,83549.68,3371.34,24622.31,37003.97,152186.85,83229.04,62772.4,42.9,-5864.76,-3.85,320.64,0.39
2017-12-01,Company_B,USA,Marketing,190218.71,115833.09,17765.42,40555.48,40758.75,197842.9,114186.65,74385.63,39.11,-7624.19,-3.85,1646.43,1.44
2017-12-01,Company_B,USA,Operations,292644.17,168297.15,4484.73,60716.91,74003.22,304373.7,170974.48,124347.02,42.49,-11729.53,-3.85,-2677.34,-1.57
2017-12-01,Company_B,USA,Sales,512127.3,326031.15,14609.57,114396.59,126988.78,532653.97,321940.75,186096.14,36.34,-20526.67,-3.85,4090.4,1.27
2017-12-01,Company_B,USA,Technology,321908.59,160618.58,4835.79,59123.64,66698.0,334811.07,162171.5,161290.01,50.1,-12902.48,-3.85,-1552.92,-0.96
2017-12-01,Company_C,UK,HR,86915.95,49692.66,2875.24,17941.04,18427.76,90060.1,49343.31,37223.29,42.83,-3144.14,-3.49,349.35,0.71
2017-12-01,Company_C,UK,Marketing,112990.74,75922.79,12474.17,19814.2,28529.18,117078.13,72509.48,37067.95,32.81,-4087.39,-3.49,3413.31,4.71
2017-12-01,Company_C,UK,Operations,173831.91,93807.74,5147.79,33618.37,40361.38,180120.2,92853.04,80024.17,46.04,-6288.29,-3.49,954.7,1.03
2017-12-01,Company_C,UK,Sales,304205.84,164266.07,5588.86,48876.26,72425.23,315210.35,158358.3,139939.77,46.0,-11004.51,-3.49,5907.77,3.73
2017-12-01,Company_C,UK,Technology,191215.1,117268.35,5566.26,44616.5,47264.15,198132.22,120761.1,73946.75,38.67,-6917.12,-3.49,-3492.75,-2.89
2017-12-01,Company_D,Germany,HR,136996.6,85885.66,3826.79,26855.61,37712.48,139947.73,86067.83,51110.94,37.31,-2951.13,-2.11,-182.17,-0.21
2017-12-01,Company_D,Germany,Marketing,178095.58,114511.51,17289.92,33932.49,44852.33,181932.05,112596.65,63584.07,35.7,-3836.47,-2.11,1914.86,1.7
2017-12-01,Company_D,Germany,Operations,273993.2,159265.73,8598.81,46717.45,76612.48,279895.46,153544.57,114727.47,41.87,-5902.26,-2.11,5721.15,3.73
2017-12-01,Company_D,Germany,Sales,479488.1,272278.55,12297.41,96253.94,99142.16,489817.05,264263.87,207209.55,43.21,-10328.95,-2.11,8014.68,3.03
2017-12-01,Company_D,Germany,Technology,301392.52,158912.61,4795.46,57102.14,63299.27,307885.0,149499.47,142479.91,47.27,-6492.48,-2.11,9413.15,6.3
2018-01-01,Company_A,India,HR,87899.07,45681.53,1606.19,15481.68,17265.71,88828.84,45098.84,42217.54,48.03,-929.77,-1.05,582.7,1.29
2018-01-01,Company_A,India,Marketing,114268.79,72921.87,12627.81,23534.56,22165.55,115477.5,71179.63,41346.92,36.18,-1208.7,-1.05,1742.24,2.45
2018-01-01,Company_A,India,Operations,175798.15,99197.47,5206.68,29875.8,48139.52,177657.69,97428.26,76600.67,43.57,-1859.54,-1.05,1769.21,1.82
2018-01-01,Company_A,India,Sales,307646.75,178669.67,8807.94,55490.63,78764.58,310900.95,164056.08,128977.08,41.92,-3254.2,-1.05,14613.59,8.91
2018-01-01,Company_A,India,Technology,193377.96,120370.74,6495.68,36337.55,50870.38,195423.45,115565.25,73007.22,37.75,-2045.49,-1.05,4805.49,4.16
2018-01-01,Company_B,USA,HR,110644.89,69907.74,3862.77,25436.1,26363.52,117160.34,66400.08,40737.16,36.82,-6515.44,-5.56,3507.66,5.28
2018-01-01,Company_B,USA,Marketing,143838.36,90577.12,17151.31,25049.7,32278.82,152308.44,88113.33,53261.25,37.03,-8470.08,-5.56,2463.79,2.8
2018-01-01,Company_B,USA,Operations,221289.79,115308.17,5039.77,46154.59,45149.74,234320.68,111192.44,105981.62,47.89,-13030.89,-5.56,4115.73,3.7
2018-01-01,Company_B,USA,Sales,387257.13,217141.05,5908.75,69845.12,90629.76,410061.18,213230.33,170116.08,43.93,-22804.05,-5.56,3910.72,1.83
2018-01-01,Company_B,USA,Technology,243418.77,135229.85,4065.37,48965.37,57175.97,257752.74,134398.38,108188.92,44.45,-14333.97,-5.56,831.47,0.62
2018-01-01,Company_C,UK,HR,71039.49,43132.43,2132.14,16487.85,16258.13,70737.07,41927.14,27907.05,39.28,302.42,0.43,1205.29,2.87
2018-01-01,Company_C,UK,Marketing,92351.33,62383.88,9146.14,18569.52,24839.62,91958.19,59792.9,29967.46,32.45,393.14,0.43,2590.97,4.33
2018-01-01,Company_C,UK,Operations,142078.97,91145.56,3375.89,33771.83,37807.69,141474.14,90414.13,50933.41,35.85,604.83,0.43,731.44,0.81
2018-01-01,Company_C,UK,Sales,248638.2,126355.16,4779.86,46474.47,52541.78,247579.74,123151.59,122283.04,49.18,1058.46,0.43,3203.58,2.6
2018-01-01,Company_C,UK,Technology,156286.87,84443.24,3745.91,28072.61,33141.2,155621.55,84521.68,71843.62,45.97,665.32,0.43,-78.44,-0.09
2018-01-01,Company_D,Germany,HR,97201.33,60417.63,2486.03,22770.13,24823.31,98969.36,58018.98,36783.71,37.84,-1768.03,-1.79,2398.65,4.13
2018-01-01,Company_D,Germany,Marketing,126361.73,78091.13,10869.3,20525.16,29941.56,128660.17,77659.5,48270.61,38.2,-2298.43,-1.79,431.63,0.56
2018-01-01,Company_D,Germany,Operations,194402.67,112242.06,4985.77,43380.31,40674.68,197938.72,106664.89,82160.6,42.26,-3536.05,-1.79,5577.18,5.23
2018-01-01,Company_D,Germany,Sales,340204.67,203622.3,7243.08,67239.27,85057.55,346392.76,202701.34,136582.37,40.15,-6188.09,-1.79,920.97,0.45
2018-01-01,Company_D,Germany,Technology,213842.93,124719.7,4756.63,47329.82,54190.46,217732.59,121054.47,89123.23,41.68,-3889.66,-1.79,3665.23,3.03
2018-02-01,Company_A,India,HR,95316.86,60238.36,2446.71,19978.97,25677.34,99775.61,58408.19,35078.5,36.8,-4458.74,-4.47,1830.17,3.13
2018-02-01,Company_A,India,Marketing,123911.92,77891.89,14422.1,20984.71,30082.2,129708.29,76993.21,46020.03,37.14,-5796.37,-4.47,898.68,1.17
2018-02-01,Company_A,India,Operations,190633.72,115273.13,4931.9,36356.01,51594.49,199551.21,112336.26,75360.59,39.53,-8917.49,-4.47,2936.87,2.61
2018-02-01,Company_A,India,Sales,333609.02,183237.34,10452.63,63851.3,74699.56,349214.62,178079.1,150371.68,45.07,-15605.6,-4.47,5158.24,2.9
2018-02-01,Company_A,India,Technology,209697.1,122246.3,4409.42,41313.34,53422.63,219506.33,120800.51,87450.8,41.7,-9809.24,-4.47,1445.78,1.2
2018-02-01,Company_B,USA,HR,113789.94,57330.5,3899.54,19349.29,21711.63,121403.61,56780.77,56459.44,49.62,-7613.67,-6.27,549.73,0.97
2018-02-01,Company_B,USA,Marketing,147926.92,85865.27,11401.1,23972.32,33180.51,157824.69,83372.04,62061.65,41.95,-9897.76,-6.27,2493.23,2.99
2018-02-01,Company_B,USA,Operations,227579.88,128063.15,6737.5,45515.23,55055.5,242807.21,126659.78,99516.73,43.73,-15227.33,-6.27,1403.38,1.11
2018-02-01,Company_B,USA,Sales,398264.79,217908.55,8484.95,85457.8,76992.94,424912.62,208399.52,180356.25,45.29,-26647.83,-6.27,9509.02,4.56
2018-02-01,Company_B,USA,Technology,250337.87,142245.69,6651.44,42624.04,62419.8,267087.93,141292.66,108092.18,43.18,-16750.06,-6.27,953.02,0.67
2018-02-01,Company_C,UK,HR,72482.8,38207.78,2018.32,14363.15,13324.96,76236.54,38607.51,34275.02,47.29,-3753.73,-4.92,-399.73,-1.04
2018-02-01,Company_C,UK,Marketing,94227.64,61722.72,10246.22,15628.56,24050.75,99107.5,61960.49,32504.92,34.5,-4879.85,-4.92,-237.76,-0.38
2018-02-01,Company_C,UK,Operations,144965.61,70811.85,3890.32,26900.86,27140.89,152473.07,69518.36,74153.76,51.15,-7507.46,-4.92,1293.49,1.86
2018-02-01,Company_C,UK,Sales,253689.81,128100.21,3926.53,41733.66,57080.82,266827.88,120713.52,125589.6,49.51,-13138.06,-4.92,7386.69,6.12
2018-02-01,Company_C,UK,Technology,159462.17,85015.36,3229.73,31105.31,31329.82,167720.38,80282.5,74446.81,46.69,-8258.21,-4.92,4732.86,5.9
2018-02-01,Company_D,Germany,HR,104190.08,53946.13,2960.58,16838.93,23643.67,110529.61,51909.48,50243.95,48.22,-6339.53,-5.74,2036.65,3.92
2018-02-01,Company_D,Germany,Marketing,135447.1,98528.58,16139.67,29128.44,34769.44,143688.5,98231.25,36918.53,27.26,-8241.39,-5.74,297.33,0.3
2018-02-01,Company_D,Germany,Operations,208380.16,118420.87,3801.81,42729.57,43966.75,221059.22,112604.44,89959.29,43.17,-12679.06,-5.74,5816.43,5.17
2018-02-01,Company_D,Germany,Sales,364665.28,203630.52,10739.11,58876.17,96108.83,386853.64,192546.43,161034.76,44.16,-22188.36,-5.74,11084.1,5.76
2018-02-01,Company_D,Germany,Technology,229218.18,133568.98,7340.86,44889.03,59038.69,243165.15,134849.73,95649.2,41.73,-13946.97,-5.74,-1280.76,-0.95
2018-03-01,Company_A,India,HR,91229.79,48782.82,1999.2,16434.49,18078.07,91572.25,45637.89,42446.97,46.53,-342.47,-0.37,3144.93,6.89
2018-03-01,Company_A,India,Marketing,118598.72,80413.5,11678.28,25807.43,29577.91,119043.93,76951.37,38185.22,32.2,-445.21,-0.37,3462.13,4.5
2018-03-01,Company_A,India,Operations,182459.58,98869.26,4186.67,31054.45,47390.14,183144.51,98762.95,83590.31,45.81,-684.93,-0.37,106.31,0.11
2018-03-01,Company_A,India,Sales,319304.26,161984.54,9540.47,57436.17,58545.47,320502.89,160684.54,157319.71,49.27,-1198.63,-0.37,1300.01,0.81
2018-03-01,Company_A,India,Technology,200705.53,108509.84,6307.2,37605.5,38347.44,201458.96,107244.78,92195.69,45.94,-753.43,-0.37,1265.06,1.18
2018-03-01,Company_B,USA,HR,134162.7,79533.11,3505.58,28997.8,28960.65,145298.34,75901.68,54629.59,40.72,-11135.64,-7.66,3631.42,4.78
2018-03-01,Company_B,USA,Marketing,174411.51,105633.74,17172.2,32996.18,39524.81,188887.84,105037.09,68777.77,39.43,-14476.33,-7.66,596.64,0.57
2018-03-01,Company_B,USA,Operations,268325.4,151009.89,5378.91,57728.82,56556.85,290596.68,153991.73,117315.5,43.72,-22271.28,-7.66,-2981.84,-1.94
2018-03-01,Company_B,USA,Sales,469569.45,229481.74,7579.1,78362.96,89475.68,508544.19,216005.65,240087.7,51.13,-38974.74,-7.66,13476.09,6.24
2018-03-01,Company_B,USA,Technology,295157.94,158343.08,9268.36,62284.8,54355.66,319656.35,156197.43,136814.86,46.35,-24498.41,-7.66,2145.64,1.37
2018-03-01,Company_C,UK,HR,77034.63,44826.95,1635.76,16930.51,16225.34,81912.6,44576.42,32207.68,41.81,-4877.97,-5.96,250.53,0.56
2018-03-01,Company_C,UK,Marketing,100145.02,61447.86,8907.44,20949.56,18964.04,106486.38,61328.72,38697.16,38.64,-6341.37,-5.96,119.14,0.19
2018-03-01,Company_C,UK,Operations,154069.26,95643.25,4091.7,31031.15,39277.11,163825.2,93848.33,58426.01,37.92,-9755.95,-5.96,1794.92,1.91
2018-03-01,Company_C,UK,Sales,269621.2,155031.62,5540.32,50850.85,65863.12,286694.11,150523.56,114589.58,42.5,-17072.91,-5.96,4508.05,2.99
2018-03-01,Company_C,UK,Technology,169476.18,106390.58,4444.87,37552.83,45467.69,180207.72,106535.28,63085.6,37.22,-10731.54,-5.96,-144.7,-0.14
2018-03-01,Company_D,Germany,HR,108426.65,69388.99,2828.88,25505.43,26024.77,110389.6,67535.66,39037.66,36.0,-1962.96,-1.78,1853.33,2.74
2018-03-01,Company_D,Germany,Marketing,140954.64,102406.13,14529.66,32062.47,38672.79,143506.48,100282.0,38548.51,27.35,-2551.84,-1.78,2124.13,2.12
2018-03-01,Company_D,Germany,Operations,216853.29,106409.82,5568.6,40405.77,40371.15,220779.21,101975.5,110443.47,50.93,-3925.91,-1.78,4434.32,4.35
2018-03-01,Company_D,Germany,Sales,379493.27,218031.88,8847.21,71886.11,99884.17,386363.61,220518.52,161461.38,42.55,-6870.35,-1.78,-2486.64,-1.13
2018-03-01,Company_D,Germany,Technology,238538.62,140942.64,5127.39,42978.84,62850.12,242857.13,142308.78,97595.98,40.91,-4318.5,-1.78,-1366.13,-0.96
2018-04-01,Company_A,India,HR,102758.15,61478.35,3265.44,24537.34,19777.48,107008.14,60055.46,41279.79,40.17,-4249.99,-3.97,1422.9,2.37
2018-04-01,Company_A,India,Marketing,133585.59,94456.76,13917.84,25906.31,36527.2,139110.58,90230.75,39128.83,29.29,-5524.99,-3.97,4226.01,4.68
2018-04-01,Company_A,India,Operations,205516.29,120979.55,3709.73,44510.53,48836.6,214016.27,119237.1,84536.74,41.13,-8499.98,-3.97,1742.46,1.46
2018-04-01,Company_A,India,Sales,359653.51,196467.5,9611.6,61956.83,82932.1,374528.47,192265.14,163186.01,45.37,-14874.96,-3.97,4202.36,2.19
2018-04-01,Company_A,India,Technology,226067.92,131347.98,7334.2,36498.4,61764.43,235417.9,130300.51,94719.95,41.9,-9349.98,-3.97,1047.47,0.8
2018-04-01,Company_B,USA,HR,139230.7,78682.89,3319.35,29624.84,34086.93,139353.56,74442.97,60547.81,43.49,-122.85,-0.09,4239.92,5.7
2018-04-01,Company_B,USA,Marketing,180999.92,117005.48,15765.88,43407.39,39000.57,181159.62,109417.99,63994.43,35.36,-159.71,-0.09,7587.49,6.93
2018-04-01,Company_B,USA,Operations,278461.41,147011.33,6994.57,52112.5,54631.98,278707.11,143462.36,131450.08,47.21,-245.7,-0.09,3548.97,2.47
2018-04-01,Company_B,USA,Sales,487307.46,293308.29,11736.15,107451.44,107806.04,487737.45,299383.21,193999.18,39.81,-429.98,-0.09,-6074.92,-2.03
2018-04-01,Company_B,USA,Technology,306307.55,175848.99,5332.49,55156.9,73040.36,306577.82,169721.48,130458.56,42.59,-270.27,-0.09,6127.51,3.61
2018-04-01,Company_C,UK,HR,74182.17,40308.4,2493.76,15157.25,13392.47,76379.76,39461.59,33873.76,45.66,-2197.59,-2.88,846.81,2.15
2018-04-01,Company_C,UK,Marketing,96436.82,56925.45,8374.22,17258.88,18056.6,99293.69,56163.01,39511.36,40.97,-2856.87,-2.88,762.44,1.36
2018-04-01,Company_C,UK,Operations,148364.33,77172.27,4720.32,30116.53,27201.51,152759.52,76246.62,71192.06,47.98,-4395.18,-2.88,925.65,1.21
2018-04-01,Company_C,UK,Sales,259637.58,138381.26,7475.14,50150.14,55665.77,267329.15,137179.96,121256.32,46.7,-7691.57,-2.88,1201.3,0.88
2018-04-01,Company_C,UK,Technology,163200.76,100456.57,4898.6,39124.88,39898.02,168035.47,102336.72,62744.19,38.45,-4834.7,-2.88,-1880.14,-1.84
2018-04-01,Company_D,Germany,HR,112127.93,72178.67,3375.81,23380.54,30293.08,116289.54,68299.7,39949.26,35.63,-4161.6,-3.58,3878.97,5.68
2018-04-01,Company_D,Germany,Marketing,145766.31,97914.09,11606.71,33062.66,33352.21,151176.4,94619.37,47852.23,32.83,-5410.09,-3.58,3294.72,3.48
2018-04-01,Company_D,Germany,Operations,224255.87,110492.25,6151.92,39590.07,43241.69,232579.08,109210.12,113763.62,50.73,-8323.21,-3.58,1282.13,1.17
2018-04-01,Company_D,Germany,Sales,392447.77,249936.23,10469.2,87769.54,96985.75,407013.38,246608.8,142511.54,36.31,-14565.61,-3.58,3327.43,1.35
2018-04-01,Company_D,Germany,Technology,246681.45,128852.34,6992.16,41258.21,51393.56,255836.98,122791.73,117829.11,47.77,-9155.53,-3.58,6060.61,4.94
2018-05-01,Company_A,India,HR,98694.52,52822.69,2728.44,20375.19,17894.25,103861.65,51411.15,45871.83,46.48,-5167.13,-4.98,1411.54,2.75
2018-05-01,Company_A,India,Marketing,128302.88,84453.21,10923.13,25643.82,34832.25,135020.15,82188.34,43849.67,34.18,-6717.27,-4.98,2264.87,2.76
2018-05-01,Company_A,India,Operations,197389.04,109087.31,4746.09,43228.22,39963.48,207723.3,106235.38,88301.73,44.73,-10334.26,-4.98,2851.93,2.68
2018-05-01,Company_A,India,Sales,345430.82,178197.43,7938.02,71608.51,64069.18,363515.78,170124.62,167233.39,48.41,-18084.96,-4.98,8072.81,4.75
2018-05-01,Company_A,India,Technology,217127.94,119820.0,7251.45,44075.16,46603.17,228495.63,112466.48,97307.94,44.82,-11367.69,-4.98,7353.52,6.54
2018-05-01,Company_B,USA,HR,137266.14,76297.9,4551.8,28176.35,30147.93,141147.56,74630.85,60968.23,44.42,-3881.42,-2.75,1667.06,2.23
2018-05-01,Company_B,USA,Marketing,178445.98,109673.59,19304.41,33483.33,41761.34,183491.83,110295.95,68772.39,38.54,-5045.85,-2.75,-622.36,-0.56
2018-05-01,Company_B,USA,Operations,274532.27,149298.38,4439.55,48511.63,64580.04,282295.12,147105.84,125233.89,45.62,-7762.85,-2.75,2192.54,1.49
2018-05-01,Company_B,USA,Sales,480431.47,265077.0,11793.79,82689.26,115390.36,494016.46,248624.61,215354.47,44.83,-13584.98,-2.75,16452.39,6.62
2018-05-01,Company_B,USA,Technology,301985.5,155011.81,6895.79,51381.6,59269.51,310524.63,147943.16,146973.69,48.67,-8539.13,-2.75,7068.65,4.78
2018-05-01,Company_C,UK,HR,80759.41,40360.74,2322.83,13944.13,15571.93,81019.47,40383.29,40398.67,50.02,-260.06,-0.32,-22.55,-0.06
2018-05-01,Company_C,UK,Marketing,104987.23,63853.92,10970.98,18236.48,22075.04,105325.31,61202.77,41133.32,39.18,-338.08,-0.32,2651.15,4.33
2018-05-01,Company_C,UK,Operations,161518.82,93397.98,2952.34,33644.44,40960.42,162038.94,96988.73,68120.84,42.18,-520.12,-0.32,-3590.75,-3.7
2018-05-01,Company_C,UK,Sales,282657.93,164437.74,7306.07,66338.21,65787.4,283568.14,162107.01,118220.19,41.82,-910.21,-0.32,2330.73,1.44
2018-05-01,Company_C,UK,Technology,177670.7,103687.12,3406.49,41427.36,43800.68,178242.83,99752.03,73983.58,41.64,-572.13,-0.32,3935.09,3.94
2018-05-01,Company_D,Germany,HR,110583.66,64287.44,2632.21,20055.99,28707.22,115337.65,63448.46,46296.21,41.87,-4753.99,-4.12,838.98,1.32
2018-05-01,Company_D,Germany,Marketing,143758.75,95646.14,12279.18,27756.91,35977.46,149938.94,94050.28,48112.61,33.47,-6180.19,-4.12,1595.86,1.7
2018-05-01,Company_D,Germany,Operations,221167.32,112536.27,5269.48,42984.64,41261.59,230675.3,110870.34,108631.04,49.12,-9507.98,-4.12,1665.93,1.5
2018-05-01,Company_D,Germany,Sales,387042.8,194078.11,8776.38,62695.03,75146.25,403681.77,188528.66,192964.69,49.86,-16638.97,-4.12,5549.45,2.94
2018-05-01,Company_D,Germany,Technology,243284.05,143586.51,4859.57,55207.84,54306.52,253742.82,141150.79,99697.53,40.98,-10458.78,-4.12,2435.73,1.73
2018-06-01,Company_A,India,HR,95618.26,48440.44,2215.92,20225.17,17454.03,104160.22,46529.69,47177.82,49.34,-8541.96,-8.2,1910.75,4.11
2018-06-01,Company_A,India,Marketing,124303.74,71111.58,11632.15,23873.91,24304.37,135408.28,67187.09,53192.16,42.79,-11104.55,-8.2,3924.49,5.84
2018-06-01,Company_A,India,Operations,191236.52,111871.98,4602.26,42462.58,44450.83,208320.44,109932.21,79364.54,41.5,-17083.92,-8.2,1939.78,1.76
2018-06-01,Company_A,India,Sales,334663.9,177451.9,10039.65,55342.07,67264.29,364560.77,174165.57,157212.0,46.98,-29896.86,-8.2,3286.33,1.89
2018-06-01,Company_A,India,Technology,210360.17,102488.3,3957.66,37109.88,38633.69,229152.48,98612.07,107871.87,51.28,-18792.31,-8.2,3876.22,3.93
2018-06-01,Company_B,USA,HR,137285.92,81859.77,4629.11,28342.9,33940.52,147488.13,75040.34,55426.16,40.37,-10202.2,-6.92,6819.42,9.09
2018-06-01,Company_B,USA,Marketing,178471.7,114744.48,12605.32,42418.3,45011.74,191734.56,113700.24,63727.22,35.71,-13262.87,-6.92,1044.25,0.92
2018-06-01,Company_B,USA,Operations,274571.84,148522.98,9285.36,50017.53,52837.12,294976.25,147668.08,126048.86,45.91,-20404.41,-6.92,854.9,0.58
2018-06-01,Company_B,USA,Sales,480500.72,274342.56,16236.78,79978.98,122774.36,516208.44,259349.82,206158.16,42.9,-35707.72,-6.92,14992.74,5.78
2018-06-01,Company_B,USA,Technology,302029.03,177704.31,5014.81,68341.65,68767.14,324473.88,176333.45,124324.72,41.16,-22444.85,-6.92,1370.86,0.78
2018-06-01,Company_C,UK,HR,80001.63,45164.75,2029.19,18543.09,18044.38,83105.62,43616.52,34836.88,43.55,-3103.99,-3.73,1548.23,3.55
2018-06-01,Company_C,UK,Marketing,104002.12,57653.35,8264.66,18711.59,22196.29,108037.31,58071.2,46348.77,44.57,-4035.19,-3.73,-417.85,-0.72
2018-06-01,Company_C,UK,Operations,160003.26,88086.75,4700.97,26918.26,36862.97,166211.24,83120.74,71916.51,44.95,-6207.98,-3.73,4966.01,5.97
2018-06-01,Company_C,UK,Sales,280005.71,161541.48,5300.18,64778.09,67589.06,290869.68,156921.0,118464.23,42.31,-10863.97,-3.73,4620.48,2.94
2018-06-01,Company_C,UK,Technology,176003.59,102788.52,5151.0,33673.53,43286.73,182832.37,98635.46,73215.07,41.6,-6828.78,-3.73,4153.05,4.21
2018-06-01,Company_D,Germany,HR,112271.71,61815.11,2530.24,18186.9,30266.2,115203.55,60380.38,50456.6,44.94,-2931.84,-2.54,1434.73,2.38
2018-06-01,Company_D,Germany,Marketing,145953.22,103799.36,15043.7,29818.52,39364.15,149764.62,102602.44,42153.87,28.88,-3811.39,-2.54,1196.92,1.17
2018-06-01,Company_D,Germany,Operations,224543.42,127364.51,4945.09,44448.33,48526.07,230407.11,122752.42,97178.91,43.28,-5863.68,-2.54,4612.09,3.76
2018-06-01,Company_D,Germany,Sales,392950.99,219214.9,12780.36,79505.09,88904.94,403212.43,207343.79,173736.09,44.21,-10261.45,-2.54,11871.11,5.73
2018-06-01,Company_D,Germany,Technology,246997.76,126861.89,8023.73,44083.5,48683.53,253447.82,126121.47,120135.87,48.64,-6450.05,-2.54,740.43,0.59
2018-07-01,Company_A,India,HR,102095.6,51587.64,1585.61,18033.24,20229.58,107893.49,51747.59,50507.96,49.47,-5797.89,-5.37,-159.96,-0.31
2018-07-01,Company_A,India,Marketing,132724.28,74811.72,15101.39,24348.51,24062.94,140261.54,74467.47,57912.56,43.63,-7537.26,-5.37,344.25,0.46
2018-07-01,Company_A,India,Operations,204191.2,125934.57,6557.38,44469.04,53706.77,215786.99,120012.3,78256.63,38.33,-11595.79,-5.37,5922.27,4.93
2018-07-01,Company_A,India,Sales,357334.6,180464.04,6946.39,57948.12,72577.33,377627.23,174488.33,176870.56,49.5,-20292.63,-5.37,5975.71,3.42
2018-07-01,Company_A,India,Technology,224610.32,116015.23,4439.12,47666.73,42663.41,237365.69,115114.3,108595.09,48.35,-12755.37,-5.37,900.93,0.78
2018-07-01,Company_B,USA,HR,129977.5,75088.9,4439.89,25102.72,30429.21,131917.16,74664.17,54888.59,42.23,-1939.67,-1.47,424.73,0.57
2018-07-01,Company_B,USA,Marketing,168970.75,117995.05,16540.13,38199.99,43668.89,171492.31,119719.35,50975.7,30.17,-2521.57,-1.47,-1724.3,-1.44
2018-07-01,Company_B,USA,Operations,259954.99,155232.65,8195.55,58655.99,62077.26,263834.33,153108.18,104722.34,40.28,-3879.33,-1.47,2124.48,1.39
2018-07-01,Company_B,USA,Sales,454921.24,238577.39,12682.81,88795.37,99216.13,461710.07,238820.35,216343.85,47.56,-6788.84,-1.47,-242.96,-0.1
2018-07-01,Company_B,USA,Technology,285950.49,147877.4,5526.47,54518.53,64126.61,290217.76,145688.09,138073.09,48.29,-4267.27,-1.47,2189.32,1.5
2018-07-01,Company_C,UK,HR,80851.98,40899.0,1910.55,13605.09,16412.29,84254.48,40227.67,39952.98,49.41,-3402.5,-4.04,671.33,1.67
2018-07-01,Company_C,UK,Marketing,105107.58,55445.37,6438.32,18977.82,21264.21,109530.83,54958.12,49662.21,47.25,-4423.25,-4.04,487.25,0.89
2018-07-01,Company_C,UK,Operations,161703.96,89326.12,2957.65,37992.07,32883.8,168508.97,89157.72,72377.85,44.76,-6805.01,-4.04,168.4,0.19
2018-07-01,Company_C,UK,Sales,282981.94,146630.97,9475.47,53018.01,51626.97,294890.7,138281.76,136350.96,48.18,-11908.76,-4.04,8349.21,6.04
2018-07-01,Company_C,UK,Technology,177874.36,98740.26,4988.54,34562.94,44951.18,185359.87,97401.35,79134.1,44.49,-7485.51,-4.04,1338.92,1.37
2018-07-01,Company_D,Germany,HR,108832.13,66647.04,1650.41,25821.87,29163.97,108625.64,65059.41,42185.1,38.76,206.49,0.19,1587.62,2.44
2018-07-01,Company_D,Germany,Marketing,141481.77,89414.74,14951.93,31881.45,29180.4,141213.33,84189.1,52067.03,36.8,268.44,0.19,5225.64,6.21
2018-07-01,Company_D,Germany,Operations,217664.26,111928.48,3760.2,44636.56,42200.22,217251.28,111744.1,105735.78,48.58,412.98,0.19,184.38,0.17
2018-07-01,Company_D,Germany,Sales,380912.46,235830.46,9053.02,79605.02,96246.48,380189.74,224879.0,145081.99,38.09,722.72,0.19,10951.46,4.87
2018-07-01,Company_D,Germany,Technology,239430.69,128165.3,4858.01,56173.92,46686.45,238976.41,127599.27,111265.39,46.47,454.28,0.19,566.03,0.44
2018-08-01,Company_A,India,HR,99326.89,55113.26,2002.21,20926.02,19263.02,100512.05,51654.67,44213.63,44.51,-1185.16,-1.18,3458.59,6.7
2018-08-01,Company_A,India,Marketing,129124.96,83082.23,13944.37,29900.72,28733.06,130665.67,82059.9,46042.73,35.66,-1540.71,-1.18,1022.32,1.25
2018-08-01,Company_A,India,Operations,198653.78,122168.78,3536.49,43920.06,53010.13,201024.11,119430.02,76485.01,38.5,-2370.32,-1.18,2738.76,2.29
2018-08-01,Company_A,India,Sales,347644.12,187192.81,7854.62,62838.02,83097.2,351792.19,188358.13,160451.31,46.15,-4148.06,-1.18,-1165.32,-0.62
2018-08-01,Company_A,India,Technology,218519.16,125537.61,5067.07,45874.15,51396.74,221126.52,123689.12,92981.55,42.55,-2607.35,-1.18,1848.49,1.49
2018-08-01,Company_B,USA,HR,129109.59,68781.09,2120.38,21298.35,30648.89,128179.01,65390.77,60328.51,46.73,930.58,0.73,3390.31,5.18
2018-08-01,Company_B,USA,Marketing,167842.47,107177.73,14937.59,33725.69,36636.39,166632.72,105084.6,60664.74,36.14,1209.76,0.73,2093.13,1.99
2018-08-01,Company_B,USA,Operations,258219.19,125985.21,5870.39,45493.96,47800.25,256358.02,122162.77,132233.97,51.21,1861.16,0.73,3822.44,3.13
2018-08-01,Company_B,USA,Sales,451883.58,252886.46,12240.25,74455.49,115849.04,448626.54,249679.33,198997.12,44.04,3257.04,0.73,3207.13,1.28
2018-08-01,Company_B,USA,Technology,284041.11,142302.56,8047.01,50599.6,53402.73,281993.83,138077.24,141738.54,49.9,2047.28,0.73,4225.32,3.06
2018-08-01,Company_C,UK,HR,85939.29,48866.72,2087.79,14212.57,22522.42,85399.59,50275.2,37072.57,43.14,539.7,0.63,-1408.48,-2.8
2018-08-01,Company_C,UK,Marketing,111721.07,73782.9,11341.01,23288.92,24389.49,111019.47,69117.64,37938.17,33.96,701.61,0.63,4665.26,6.75
2018-08-01,Company_C,UK,Operations,171878.58,88035.47,5591.42,30335.92,33658.75,170799.18,83368.5,83843.11,48.78,1079.39,0.63,4666.97,5.6
2018-08-01,Company_C,UK,Sales,300787.51,174176.26,8888.75,58036.4,67726.49,298898.57,164019.53,126611.25,42.09,1888.94,0.63,10156.73,6.19
2018-08-01,Company_C,UK,Technology,189066.43,109473.12,4106.32,44530.36,44632.81,187879.1,106239.59,79593.31,42.1,1187.33,0.63,3233.53,3.04
2018-08-01,Company_D,Germany,HR,118398.93,65997.02,2980.99,19968.31,26815.83,126577.28,64968.72,52401.92,44.26,-8178.35,-6.46,1028.3,1.58
2018-08-01,Company_D,Germany,Marketing,153918.61,90639.51,9707.32,24911.5,42393.16,164550.46,87996.59,63279.1,41.11,-10631.85,-6.46,2642.92,3.0
2018-08-01,Company_D,Germany,Operations,236797.87,126779.94,4488.13,46087.52,55611.59,253154.56,126281.87,110017.93,46.46,-16356.69,-6.46,498.07,0.39
2018-08-01,Company_D,Germany,Sales,414396.26,243498.34,8851.0,85785.63,97541.87,443020.48,235537.67,170897.92,41.24,-28624.21,-6.46,7960.67,3.38
2018-08-01,Company_D,Germany,Technology,260477.65,128240.36,3965.51,42558.61,58817.6,278470.01,122089.55,132237.3,50.77,-17992.36,-6.46,6150.8,5.04
2018-09-01,Company_A,India,HR,103420.99,54903.53,2343.81,20012.13,23982.48,106905.19,54515.99,48517.46,46.91,-3484.21,-3.26,387.54,0.71
2018-09-01,Company_A,India,Marketing,134447.29,86092.7,13431.58,27970.59,26558.33,138976.75,86485.91,48354.59,35.97,-4529.47,-3.26,-393.21,-0.45
2018-09-01,Company_A,India,Operations,206841.98,107438.54,3148.12,36510.44,40062.93,213810.39,105977.46,99403.44,48.06,-6968.41,-3.26,1461.08,1.38
2018-09-01,Company_A,India,Sales,361973.46,184924.09,7400.96,62887.22,65820.92,374168.18,182131.02,177049.37,48.91,-12194.72,-3.26,2793.07,1.53
2018-09-01,Company_A,India,Technology,227526.18,132632.86,5934.69,41392.57,55776.23,235191.43,126736.1,94893.31,41.71,-7665.25,-3.26,5896.77,4.65
2018-09-01,Company_B,USA,HR,142244.19,83250.89,2539.22,33558.03,31039.67,149440.07,83986.81,58993.3,41.47,-7195.89,-4.82,-735.92,-0.88
2018-09-01,Company_B,USA,Marketing,184917.44,122261.05,15068.62,33223.71,51582.82,194272.1,116574.06,62656.4,33.88,-9354.65,-4.82,5686.99,4.88
2018-09-01,Company_B,USA,Operations,284488.37,137942.19,4706.5,52268.76,56041.0,298880.15,135363.56,146546.19,51.51,-14391.77,-4.82,2578.63,1.9
2018-09-01,Company_B,USA,Sales,497854.65,261474.21,7952.68,117883.66,94493.2,523040.26,257390.55,236380.44,47.48,-25185.6,-4.82,4083.66,1.59
2018-09-01,Company_B,USA,Technology,312937.21,197990.52,4979.36,66231.84,85931.65,328768.16,187414.23,114946.69,36.73,-15830.95,-4.82,10576.28,5.64
2018-09-01,Company_C,UK,HR,85203.45,52333.98,2798.21,20041.08,19899.45,90057.01,49766.92,32869.46,38.58,-4853.56,-5.39,2567.07,5.16
2018-09-01,Company_C,UK,Marketing,110764.48,65902.08,6702.04,20893.2,29233.05,117074.11,62776.44,44862.4,40.5,-6309.63,-5.39,3125.64,4.98
2018-09-01,Company_C,UK,Operations,170406.89,79625.1,3226.45,29124.19,31616.14,180114.02,76933.25,90781.79,53.27,-9707.12,-5.39,2691.85,3.5
2018-09-01,Company_C,UK,Sales,298212.06,154161.06,4554.53,50540.07,62720.54,315199.53,148481.03,144051.0,48.3,-16987.46,-5.39,5680.03,3.83
2018-09-01,Company_C,UK,Technology,187447.58,100848.28,4390.47,37424.34,41435.72,198125.42,101245.46,86599.3,46.2,-10677.84,-5.39,-397.18,-0.39
2018-09-01,Company_D,Germany,HR,114461.8,64199.89,2105.84,21963.33,24987.76,123735.86,63654.86,50261.92,43.91,-9274.06,-7.5,545.03,0.86
2018-09-01,Company_D,Germany,Marketing,148800.35,93124.62,10519.29,27529.92,39568.72,160856.62,88443.38,55675.72,37.42,-12056.27,-7.5,4681.24,5.29
2018-09-01,Company_D,Germany,Operations,228923.61,145816.95,4076.15,51901.39,61501.8,247471.72,143766.92,83106.66,36.3,-18548.12,-7.5,2050.03,1.43
2018-09-01,Company_D,Germany,Sales,400616.32,231344.41,13597.62,75513.89,96264.45,433075.52,225876.88,169271.9,42.25,-32459.2,-7.5,5467.53,2.42
2018-09-01,Company_D,Germany,Technology,251815.97,140525.97,4354.6,49206.63,66401.97,272218.9,138935.91,111290.0,44.19,-20402.93,-7.5,1590.06,1.14
2018-10-01,Company_A,India,HR,103991.92,56943.79,1716.15,17525.54,26291.12,107077.28,54803.88,47048.13,45.24,-3085.35,-2.88,2139.91,3.9
2018-10-01,Company_A,India,Marketing,135189.5,83295.52,8528.5,28066.18,31044.46,139200.46,84022.84,51893.98,38.39,-4010.96,-2.88,-727.32,-0.87
2018-10-01,Company_A,India,Operations,207983.85,107477.47,4013.84,45466.47,38085.65,214154.55,105824.56,100506.38,48.32,-6170.71,-2.88,1652.91,1.56
2018-10-01,Company_A,India,Sales,363971.73,186580.49,8293.43,65379.49,76022.55,374770.47,179325.39,177391.24,48.74,-10798.74,-2.88,7255.1,4.05
2018-10-01,Company_A,India,Technology,228782.23,133533.23,4791.26,49765.55,54139.13,235570.01,132509.43,95249.0,41.63,-6787.78,-2.88,1023.81,0.77
2018-10-01,Company_B,USA,HR,156034.18,92424.54,4782.22,29333.65,43572.77,158756.27,89751.92,63609.64,40.77,-2722.09,-1.71,2672.62,2.98
2018-10-01,Company_B,USA,Marketing,202844.43,135880.3,18827.15,43450.02,46148.93,206383.15,132540.53,66964.13,33.01,-3538.72,-1.71,3339.77,2.52
2018-10-01,Company_B,USA,Operations,312068.35,162789.6,5286.22,55845.86,61759.31,317512.54,153031.99,149278.76,47.84,-5444.18,-1.71,9757.6,6.38
2018-10-01,Company_B,USA,Sales,546119.62,280092.54,8453.99,105529.66,116616.83,555646.94,256262.71,266027.08,48.71,-9527.32,-1.71,23829.83,9.3
2018-10-01,Company_B,USA,Technology,343275.19,194178.31,11717.5,57626.96,82364.07,349263.79,185806.49,149096.88,43.43,-5988.6,-1.71,8371.82,4.51
2018-10-01,Company_C,UK,HR,95020.59,53276.58,1845.58,19589.6,19660.9,96447.17,51774.44,41744.01,43.93,-1426.58,-1.48,1502.14,2.9
2018-10-01,Company_C,UK,Marketing,123526.77,82788.66,13702.34,24612.6,30956.53,125381.32,82210.7,40738.11,32.98,-1854.55,-1.48,577.96,0.7
2018-10-01,Company_C,UK,Operations,190041.19,107139.01,4764.6,32694.62,49441.92,192894.34,100599.84,82902.17,43.62,-2853.16,-1.48,6539.18,6.5
2018-10-01,Company_C,UK,Sales,332572.07,185142.78,8029.82,54649.51,78141.88,337565.1,182037.87,147429.3,44.33,-4993.03,-1.48,3104.9,1.71
2018-10-01,Company_C,UK,Technology,209045.3,105458.25,6575.09,35197.55,42019.1,212183.78,100993.16,103587.06,49.55,-3138.47,-1.48,4465.09,4.42
2018-10-01,Company_D,Germany,HR,123814.46,76799.72,2456.11,29051.45,32169.74,127704.66,74835.04,47014.75,37.97,-3890.2,-3.05,1964.67,2.63
2018-10-01,Company_D,Germany,Marketing,160958.8,103676.5,16698.0,28896.54,35727.58,166016.06,103224.43,57282.3,35.59,-5057.26,-3.05,452.07,0.44
2018-10-01,Company_D,Germany,Operations,247628.93,149386.06,5838.37,54858.46,63354.77,255409.33,151974.0,98242.87,39.67,-7780.4,-3.05,-2587.94,-1.7
2018-10-01,Company_D,Germany,Sales,433350.62,229568.91,6538.17,82952.36,89871.36,446966.32,223666.28,203781.71,47.02,-13615.7,-3.05,5902.63,2.64
2018-10-01,Company_D,Germany,Technology,272391.82,154715.49,4812.56,60999.77,52041.58,280950.26,153685.45,117676.33,43.2,-8558.44,-3.05,1030.04,0.67
2018-11-01,Company_A,India,HR,109491.44,59797.98,2714.13,19705.55,22130.51,117189.92,59244.28,49693.46,45.39,-7698.48,-6.57,553.7,0.93
2018-11-01,Company_A,India,Marketing,142338.87,100239.49,14166.56,31958.62,35474.78,152346.89,99764.82,42099.38,29.58,-10008.02,-6.57,474.67,0.48
2018-11-01,Company_A,India,Operations,218982.88,125031.88,5238.1,51684.12,43471.01,234379.83,123719.66,93951.0,42.9,-15396.95,-6.57,1312.22,1.06
2018-11-01,Company_A,India,Sales,383220.04,227141.26,12026.23,68869.3,99614.83,410164.71,226129.4,156078.78,40.73,-26944.67,-6.57,1011.86,0.45
2018-11-01,Company_A,India,Technology,240881.17,136254.44,4054.43,45497.13,65454.97,257817.82,128180.6,104626.73,43.43,-16936.65,-6.57,8073.84,6.3
2018-11-01,Company_B,USA,HR,154167.66,93846.81,2729.44,36957.4,38163.53,158219.18,90604.91,60320.86,39.13,-4051.52,-2.56,3241.9,3.58
2018-11-01,Company_B,USA,Marketing,200417.96,123784.43,18621.9,38733.87,44146.86,205684.93,122622.08,76633.53,38.24,-5266.97,-2.56,1162.35,0.95
2018-11-01,Company_B,USA,Operations,308335.32,187440.62,9584.08,69871.54,82215.25,316438.36,179963.82,120894.7,39.21,-8103.04,-2.56,7476.81,4.15
2018-11-01,Company_B,USA,Sales,539586.82,302503.04,12403.29,96031.66,119231.03,553767.13,300236.08,237083.78,43.94,-14180.31,-2.56,2266.95,0.76
2018-11-01,Company_B,USA,Technology,339168.86,187579.2,10045.3,63334.84,75295.86,348082.2,181325.31,151589.65,44.69,-8913.34,-2.56,6253.89,3.45
2018-11-01,Company_C,UK,HR,94159.19,51272.49,1641.93,17042.88,21748.49,95657.33,49751.85,42886.7,45.55,-1498.14,-1.57,1520.64,3.06
2018-11-01,Company_C,UK,Marketing,122406.95,82233.43,12994.11,27632.65,29337.56,124354.53,81612.13,40173.52,32.82,-1947.58,-1.57,621.3,0.76
2018-11-01,Company_C,UK,Operations,188318.39,105425.94,4372.6,31844.82,46097.27,191314.66,101723.1,82892.45,44.02,-2996.27,-1.57,3702.84,3.64
2018-11-01,Company_C,UK,Sales,329557.18,194196.87,8187.63,63137.23,88342.76,334800.65,187247.52,135360.31,41.07,-5243.47,-1.57,6949.35,3.71
2018-11-01,Company_C,UK,Technology,207150.23,106768.96,4121.46,33182.94,51385.34,210446.13,104773.78,100381.27,48.46,-3295.9,-1.57,1995.17,1.9
2018-11-01,Company_D,Germany,HR,129979.94,66759.8,3367.75,24153.54,25310.65,135914.9,65086.46,63220.14,48.64,-5934.96,-4.37,1673.34,2.57
2018-11-01,Company_D,Germany,Marketing,168973.93,114210.23,12712.42,37686.12,43318.7,176689.37,116461.45,54763.7,32.41,-7715.44,-4.37,-2251.22,-1.93
2018-11-01,Company_D,Germany,Operations,259959.89,150335.9,8149.91,42516.86,72526.01,271829.8,151716.05,109623.99,42.17,-11869.91,-4.37,-1380.15,-0.91
2018-11-01,Company_D,Germany,Sales,454929.8,245036.44,11072.69,99877.24,92250.7,475702.15,249474.77,209893.36,46.14,-20772.35,-4.37,-4438.33,-1.78
2018-11-01,Company_D,Germany,Technology,285955.88,158504.5,8227.69,59594.84,59545.35,299012.78,153571.26,127451.38,44.57,-13056.9,-4.37,4933.24,3.21
2018-12-01,Company_A,India,HR,120947.17,66270.2,2576.88,19983.92,28295.49,124792.02,63462.65,54676.97,45.21,-3844.85,-3.08,2807.55,4.42
2018-12-01,Company_A,India,Marketing,157231.33,87280.27,10571.29,28050.18,29511.58,162229.63,88274.73,69951.06,44.49,-4998.3,-3.08,-994.46,-1.13
2018-12-01,Company_A,India,Operations,241894.35,124958.58,7638.61,44878.18,44436.18,249584.04,122552.37,116935.77,48.34,-7689.69,-3.08,2406.21,1.96
2018-12-01,Company_A,India,Sales,423315.11,252507.87,6637.12,98733.62,105719.57,436772.08,239397.98,170807.25,40.35,-13456.96,-3.08,13109.88,5.48
2018-12-01,Company_A,India,Technology,266083.78,173287.69,9158.91,62250.75,73020.48,274542.45,169944.62,92796.09,34.87,-8458.66,-3.08,3343.07,1.97
2018-12-01,Company_B,USA,HR,154906.81,81790.35,2736.22,30834.85,31931.45,158012.93,83153.27,73116.46,47.2,-3106.12,-1.97,-1362.92,-1.64
2018-12-01,Company_B,USA,Marketing,201378.85,130313.04,20479.66,36428.02,47674.25,205416.81,129945.12,71065.81,35.29,-4037.96,-1.97,367.92,0.28
2018-12-01,Company_B,USA,Operations,309813.62,172246.27,6845.84,50194.74,79938.5,316025.86,165303.02,137567.34,44.4,-6212.25,-1.97,6943.26,4.2
2018-12-01,Company_B,USA,Sales,542173.83,308790.26,12012.53,104895.0,129784.52,553045.26,318578.19,233383.57,43.05,-10871.43,-1.97,-9787.93,-3.07
2018-12-01,Company_B,USA,Technology,340794.98,186386.17,8327.26,58929.12,80205.14,347628.45,185822.1,154408.81,45.31,-6833.47,-1.97,564.07,0.3
2018-12-01,Company_C,UK,HR,89009.22,45656.52,1390.27,18501.85,18468.48,94326.99,43508.48,43352.7,48.71,-5317.78,-5.64,2148.04,4.94
2018-12-01,Company_C,UK,Marketing,115711.98,69557.3,7210.65,19905.34,30997.86,122625.09,68006.23,46154.68,39.89,-6913.11,-5.64,1551.07,2.28
2018-12-01,Company_C,UK,Operations,178018.43,112850.76,4556.59,41211.61,43958.95,188653.98,110987.74,65167.67,36.61,-10635.55,-5.64,1863.01,1.68
2018-12-01,Company_C,UK,Sales,311532.26,173514.79,5694.31,72306.87,67957.92,330144.47,164209.15,138017.47,44.3,-18612.22,-5.64,9305.64,5.67
2018-12-01,Company_C,UK,Technology,195820.28,119351.77,5791.86,41121.38,53496.39,207519.38,115173.31,76468.5,39.05,-11699.11,-5.64,4178.46,3.63
2018-12-01,Company_D,Germany,HR,144947.88,70413.46,4127.28,24353.69,26203.09,149677.35,70891.71,74534.42,51.42,-4729.47,-3.16,-478.25,-0.67
2018-12-01,Company_D,Germany,Marketing,188432.24,127743.8,14246.79,40762.95,51666.33,194580.56,123794.87,60688.44,32.21,-6148.31,-3.16,3948.93,3.19
2018-12-01,Company_D,Germany,Operations,289895.76,180940.85,6526.75,67848.23,74151.22,299354.7,173998.41,108954.91,37.58,-9458.94,-3.16,6942.44,3.99
2018-12-01,Company_D,Germany,Sales,507317.58,272170.34,13505.87,88958.21,116986.59,523870.73,274538.84,235147.24,46.35,-16553.15,-3.16,-2368.5,-0.86
2018-12-01,Company_D,Germany,Technology,318885.34,148634.68,7440.93,54073.53,59719.65,329290.17,139342.69,170250.65,53.39,-10404.84,-3.16,9292.0,6.67
2019-01-01,Company_A,India,HR,90672.24,46493.26,1880.98,17079.91,19007.69,89571.57,45523.08,44178.98,48.72,1100.67,1.23,970.18,2.13
2019-01-01,Company_A,India,Marketing,117873.91,69365.22,12288.94,22833.19,24031.86,116443.04,70498.27,48508.69,41.15,1430.87,1.23,-1133.05,-1.61
2019-01-01,Company_A,India,Operations,181344.48,107002.59,4177.93,40145.14,41344.29,179143.13,103670.79,74341.88,40.99,2201.34,1.23,3331.8,3.21
2019-01-01,Company_A,India,Sales,317352.83,172308.46,8669.21,73269.86,64516.55,313500.49,169216.75,145044.37,45.7,3852.35,1.23,3091.71,1.83
2019-01-01,Company_A,India,Technology,199478.92,129050.34,6178.99,46902.57,55812.89,197057.45,129906.85,70428.59,35.31,2421.48,1.23,-856.51,-0.66
2019-01-01,Company_B,USA,HR,120047.79,69784.87,3992.89,26409.17,28476.81,130586.66,66937.72,50262.93,41.87,-10538.87,-8.07,2847.14,4.25
2019-01-01,Company_B,USA,Marketing,156062.13,108286.19,14953.36,36089.79,40734.73,169762.66,109028.81,47775.94,30.61,-13700.53,-8.07,-742.62,-0.68
2019-01-01,Company_B,USA,Operations,240095.59,142405.98,5557.57,48989.71,55735.24,261173.32,140373.4,97689.61,40.69,-21077.73,-8.07,2032.58,1.45
2019-01-01,Company_B,USA,Sales,420167.28,220564.94,6356.83,76913.62,96480.46,457053.31,219685.67,199602.34,47.51,-36886.03,-8.07,879.27,0.4
2019-01-01,Company_B,USA,Technology,264105.15,133391.28,6452.88,45941.81,49953.43,287290.65,131133.9,130713.87,49.49,-23185.5,-8.07,2257.39,1.72
2019-01-01,Company_C,UK,HR,74359.46,40023.4,1455.1,15792.61,15422.24,75877.27,38875.96,34336.06,46.18,-1517.81,-2.0,1147.44,2.95
2019-01-01,Company_C,UK,Marketing,96667.29,67613.76,8428.97,21529.37,25058.0,98640.44,65728.89,29053.53,30.06,-1973.15,-2.0,1884.87,2.87
2019-01-01,Company_C,UK,Operations,148718.91,79900.72,2858.4,26178.57,37005.62,151754.53,81196.75,68818.19,46.27,-3035.62,-2.0,-1296.03,-1.6
2019-01-01,Company_C,UK,Sales,260258.09,155339.7,7219.81,62100.75,51053.21,265570.43,147536.99,104918.4,40.31,-5312.34,-2.0,7802.71,5.29
2019-01-01,Company_C,UK,Technology,163590.8,104634.13,4932.16,38237.41,41416.37,166929.98,102689.88,58956.67,36.04,-3339.18,-2.0,1944.25,1.89
2019-01-01,Company_D,Germany,HR,102576.22,56378.5,2358.24,16617.11,28577.33,102115.2,52792.08,46197.72,45.04,461.02,0.45,3586.42,6.79
2019-01-01,Company_D,Germany,Marketing,133349.09,78391.07,14895.95,21524.72,26326.83,132749.76,78580.77,54958.02,41.21,599.33,0.45,-189.7,-0.24
2019-01-01,Company_D,Germany,Operations,205152.44,114907.9,4898.7,36499.04,46861.19,204230.4,112054.33,90244.54,43.99,922.04,0.45,2853.57,2.55
2019-01-01,Company_D,Germany,Sales,359016.77,227924.86,8719.82,85572.94,93972.58,357403.2,227776.84,131091.91,36.51,1613.57,0.45,148.02,0.06
2019-01-01,Company_D,Germany,Technology,225667.69,131843.94,6931.61,52173.75,47305.72,224653.44,129182.41,93823.74,41.58,1014.25,0.45,2661.54,2.06
2019-02-01,Company_A,India,HR,90773.56,51586.59,1997.25,20185.02,16864.3,96561.51,49838.48,39186.97,43.17,-5787.95,-5.99,1748.11,3.51
2019-02-01,Company_A,India,Marketing,118005.63,69981.93,10710.35,24618.21,23963.05,125529.96,67492.08,48023.7,40.7,-7524.34,-5.99,2489.85,3.69
2019-02-01,Company_A,India,Operations,181547.12,118401.2,3564.39,43443.04,49793.51,193123.02,117165.12,63145.92,34.78,-11575.9,-5.99,1236.08,1.05
2019-02-01,Company_A,India,Sales,317707.46,176473.37,10801.81,56380.47,82170.11,337965.29,168539.33,141234.09,44.45,-20257.83,-5.99,7934.04,4.71
2019-02-01,Company_A,India,Technology,199701.83,121519.79,6506.76,38623.63,54812.8,212435.33,115678.57,78182.05,39.15,-12733.49,-5.99,5841.22,5.05
2019-02-01,Company_B,USA,HR,118959.83,77872.83,3400.03,25343.46,32496.74,119508.9,73435.16,41087.0,34.54,-549.07,-0.46,4437.67,6.04
2019-02-01,Company_B,USA,Marketing,154647.78,104528.45,16689.49,33018.87,42261.42,155361.57,108457.77,50119.33,32.41,-713.79,-0.46,-3929.33,-3.62
2019-02-01,Company_B,USA,Operations,237919.66,124577.42,7431.97,45686.53,43155.35,239017.8,119226.42,113342.24,47.64,-1098.14,-0.46,5351.0,4.49
2019-02-01,Company_B,USA,Sales,416359.4,237635.36,11141.71,85108.32,92702.41,418281.15,226548.28,178724.04,42.93,-1921.75,-0.46,11087.09,4.89
2019-02-01,Company_B,USA,Technology,261711.62,128644.18,4385.18,43581.79,51605.07,262919.58,123833.87,133067.44,50.85,-1207.96,-0.46,4810.31,3.88
2019-02-01,Company_C,UK,HR,72079.79,42504.25,2370.12,14164.12,16562.99,73482.46,41092.1,29575.54,41.03,-1402.67,-1.91,1412.15,3.44
2019-02-01,Company_C,UK,Marketing,93703.73,61680.62,6866.07,19765.44,23211.1,95527.2,64031.73,32023.11,34.17,-1823.48,-1.91,-2351.11,-3.67
2019-02-01,Company_C,UK,Operations,144159.58,86799.36,2276.89,31063.62,38049.59,146964.92,86922.99,57360.22,39.79,-2805.35,-1.91,-123.64,-0.14
2019-02-01,Company_C,UK,Sales,252279.26,157177.14,4311.35,58699.08,63581.13,257188.62,148371.36,95102.12,37.7,-4909.36,-1.91,8805.78,5.93
2019-02-01,Company_C,UK,Technology,158575.53,85596.3,5304.58,26586.83,37558.17,161661.42,82149.92,72979.23,46.02,-3085.88,-1.91,3446.38,4.2
2019-02-01,Company_D,Germany,HR,100795.82,58013.62,2320.12,18896.64,25814.92,102853.21,55178.74,42782.19,42.44,-2057.39,-2.0,2834.89,5.14
2019-02-01,Company_D,Germany,Marketing,131034.56,84122.97,10921.39,27291.01,30893.26,133709.17,81734.33,46911.59,35.8,-2674.61,-2.0,2388.64,2.92
2019-02-01,Company_D,Germany,Operations,201591.63,116820.96,5951.41,42090.22,42626.08,205706.42,116159.31,84770.67,42.05,-4114.79,-2.0,661.65,0.57
2019-02-01,Company_D,Germany,Sales,352785.36,197924.61,7665.1,74145.28,87211.52,359986.24,193397.32,154860.75,43.9,-7200.88,-2.0,4527.28,2.34
2019-02-01,Company_D,Germany,Technology,221750.8,117991.76,6370.33,37846.64,44624.48,226277.06,112987.18,103759.04,46.79,-4526.26,-2.0,5004.58,4.43
2019-03-01,Company_A,India,HR,102124.7,58426.02,2062.42,19384.81,25770.35,103220.64,56501.45,43698.68,42.79,-1095.94,-1.06,1924.57,3.41
2019-03-01,Company_A,India,Marketing,132762.11,79481.58,12353.71,28201.24,25052.03,134186.83,78556.53,53280.53,40.13,-1424.72,-1.06,925.05,1.18
2019-03-01,Company_A,India,Operations,204249.4,123581.55,3592.81,37019.8,54917.52,206441.28,121993.11,80667.85,39.49,-2191.87,-1.06,1588.44,1.3
2019-03-01,Company_A,India,Sales,357436.46,210461.92,6461.71,77092.48,93499.41,361272.23,207320.37,146974.54,41.12,-3835.77,-1.06,3141.55,1.52
2019-03-01,Company_A,India,Technology,224674.35,124881.47,5976.72,46605.37,42496.86,227085.4,117651.63,99792.87,44.42,-2411.06,-1.06,7229.84,6.15
2019-03-01,Company_B,USA,HR,125084.35,80050.53,3792.2,27837.68,31166.71,131360.87,76476.66,45033.82,36.0,-6276.52,-4.78,3573.86,4.67
2019-03-01,Company_B,USA,Marketing,162609.65,115211.96,16055.45,38721.4,44466.32,170769.14,111711.78,47397.7,29.15,-8159.48,-4.78,3500.18,3.13
2019-03-01,Company_B,USA,Operations,250168.7,141105.79,7545.29,44811.55,64043.33,262721.75,133522.85,109062.91,43.6,-12553.05,-4.78,7582.94,5.68
2019-03-01,Company_B,USA,Sales,437795.22,255372.89,6997.9,100859.35,88919.75,459763.06,245005.16,182422.34,41.67,-21967.83,-4.78,10367.73,4.23
2019-03-01,Company_B,USA,Technology,275185.57,152378.97,8856.09,47070.5,63294.28,288993.92,146591.96,122806.6,44.63,-13808.35,-4.78,5787.01,3.95
2019-03-01,Company_C,UK,HR,77705.69,42405.3,1322.17,15236.45,19484.88,82185.57,41404.9,35300.4,45.43,-4479.87,-5.45,1000.4,2.42
2019-03-01,Company_C,UK,Marketing,101017.4,62719.37,7687.08,24080.4,18597.08,106841.24,61394.24,38298.03,37.91,-5823.84,-5.45,1325.14,2.16
2019-03-01,Company_C,UK,Operations,155411.39,89979.28,2638.79,34742.33,32191.63,164371.14,88492.44,65432.11,42.1,-8959.75,-5.45,1486.84,1.68
2019-03-01,Company_C,UK,Sales,271969.93,151707.03,6288.39,48521.27,71425.22,287649.49,153952.44,120262.9,44.22,-15679.56,-5.45,-2245.41,-1.46
2019-03-01,Company_C,UK,Technology,170952.53,86714.36,4760.04,32186.63,34970.59,180808.25,85220.98,84238.17,49.28,-9855.72,-5.45,1493.37,1.75
2019-03-01,Company_D,Germany,HR,110432.62,61045.53,3042.86,24207.15,24026.26,114028.09,60982.93,49387.09,44.72,-3595.47,-3.15,62.6,0.1
2019-03-01,Company_D,Germany,Marketing,143562.41,90104.69,13766.81,23452.87,38113.24,148236.52,85532.95,53457.71,37.24,-4674.12,-3.15,4571.75,5.35
2019-03-01,Company_D,Germany,Operations,220865.24,132674.33,4818.91,47286.96,51760.53,228056.19,125832.1,88190.91,39.93,-7190.95,-3.15,6842.23,5.44
2019-03-01,Company_D,Germany,Sales,386514.17,220861.76,11881.11,74696.29,90677.17,399098.33,215720.59,165652.41,42.86,-12584.16,-3.15,5141.17,2.38
2019-03-01,Company_D,Germany,Technology,242951.76,136186.78,8500.08,44134.3,51222.86,250861.81,131496.73,106764.98,43.94,-7910.04,-3.15,4690.05,3.57
2019-04-01,Company_A,India,HR,100204.0,54293.9,2993.11,18719.06,19647.6,102667.96,53407.16,45910.1,45.82,-2463.96,-2.4,886.74,1.66
2019-04-01,Company_A,India,Marketing,130265.2,89053.24,13131.83,28110.93,31506.09,133468.34,86900.11,41211.96,31.64,-3203.15,-2.4,2153.12,2.48
2019-04-01,Company_A,India,Operations,200408.0,128551.61,6482.37,45702.35,50269.6,205335.91,129543.72,71856.38,35.86,-4927.92,-2.4,-992.11,-0.77
2019-04-01,Company_A,India,Sales,350713.99,206441.38,9416.02,69598.11,92051.23,359337.85,208445.9,144272.61,41.14,-8623.86,-2.4,-2004.51,-0.96
2019-04-01,Company_A,India,Technology,220448.8,127855.13,5801.03,47229.23,45567.39,225869.5,127185.99,92593.66,42.0,-5420.71,-2.4,669.15,0.53
2019-04-01,Company_B,USA,HR,133401.9,114138.8,2167.6,24964.73,54896.39,140721.54,68583.25,19263.1,14.44,-7319.64,-5.2,45555.55,66.42
2019-04-01,Company_B,USA,Marketing,173422.47,119575.36,19738.9,38170.69,45889.74,182938.01,116813.97,53847.11,31.05,-9515.53,-5.2,2761.39,2.36
2019-04-01,Company_B,USA,Operations,266803.81,154665.49,8182.27,46928.26,72283.89,281443.08,149125.55,112138.31,42.03,-14639.28,-5.2,5539.94,3.71
2019-04-01,Company_B,USA,Sales,466906.66,258814.85,8934.89,96185.04,107596.58,492525.4,259427.26,208091.81,44.57,-25618.74,-5.2,-612.4,-0.24
2019-04-01,Company_B,USA,Technology,293484.19,167449.36,8189.49,56993.84,74698.03,309587.39,157641.84,126034.83,42.94,-16103.2,-5.2,9807.52,6.22
2019-04-01,Company_C,UK,HR,81104.42,41703.01,2004.99,15375.7,17143.71,83196.43,42732.39,39401.42,48.58,-2092.01,-2.51,-1029.38,-2.41
2019-04-01,Company_C,UK,Marketing,105435.75,71495.47,10665.1,23050.14,27764.09,108155.36,72550.48,33940.28,32.19,-2719.61,-2.51,-1055.01,-1.45
2019-04-01,Company_C,UK,Operations,162208.85,89343.48,4284.47,31781.56,36263.23,166392.86,87031.11,72865.37,44.92,-4184.01,-2.51,2312.37,2.66
2019-04-01,Company_C,UK,Sales,283865.49,157477.99,6515.48,63617.02,60642.55,291187.51,154626.36,126387.49,44.52,-7322.02,-2.51,2851.64,1.84
2019-04-01,Company_C,UK,Technology,178429.73,100472.54,4645.7,35409.71,43390.09,183032.15,93245.75,77957.2,43.69,-4602.41,-2.51,7226.79,7.75
2019-04-01,Company_D,Germany,HR,117157.63,71073.55,3971.76,23517.86,27511.0,124574.82,67125.0,46084.07,39.34,-7417.19,-5.95,3948.55,5.88
2019-04-01,Company_D,Germany,Marketing,152304.92,101099.22,10248.7,34515.45,39752.64,161947.27,93537.05,51205.7,33.62,-9642.35,-5.95,7562.17,8.08
2019-04-01,Company_D,Germany,Operations,234315.26,145164.65,5887.74,54478.38,56097.52,249149.64,141087.28,89150.61,38.05,-14834.38,-5.95,4077.37,2.89
2019-04-01,Company_D,Germany,Sales,410051.7,228629.3,13026.01,69235.73,96588.05,436011.87,226460.39,181422.4,44.24,-25960.17,-5.95,2168.91,0.96
2019-04-01,Company_D,Germany,Technology,257746.78,157760.19,4297.57,61269.54,69623.18,274064.61,158794.18,99986.59,38.79,-16317.82,-5.95,-1033.99,-0.65
2019-05-01,Company_A,India,HR,101573.25,52300.66,2962.23,18697.31,18967.29,107358.99,52817.19,49272.59,48.51,-5785.74,-5.39,-516.53,-0.98
2019-05-01,Company_A,India,Marketing,132045.22,81510.63,15348.11,22210.11,32851.34,139566.69,80260.68,50534.59,38.27,-7521.47,-5.39,1249.95,1.56
2019-05-01,Company_A,India,Operations,203146.49,126665.72,5246.33,44871.45,56129.21,214717.98,126057.4,76480.78,37.65,-11571.49,-5.39,608.32,0.48
2019-05-01,Company_A,India,Sales,355506.37,199728.98,7373.47,57062.64,85923.29,375756.47,188944.34,155777.38,43.82,-20250.1,-5.39,10784.65,5.71
2019-05-01,Company_A,India,Technology,223461.14,129813.84,5765.23,47087.83,57649.52,236189.78,129639.41,93647.3,41.91,-12728.64,-5.39,174.43,0.13
2019-05-01,Company_B,USA,HR,133067.81,79634.61,3758.67,24791.31,33956.58,132688.41,77758.93,53433.2,40.15,379.4,0.29,1875.69,2.41
2019-05-01,Company_B,USA,Marketing,172988.15,115339.84,19320.2,38782.5,33512.99,172494.93,110933.64,57648.31,33.33,493.22,0.29,4406.2,3.97
2019-05-01,Company_B,USA,Operations,266135.61,150831.74,6656.47,49642.1,65089.45,265376.82,146457.47,115303.88,43.33,758.8,0.29,4374.27,2.99
2019-05-01,Company_B,USA,Sales,465737.33,278969.39,15141.01,104654.02,97919.7,464409.43,276235.86,186767.93,40.1,1327.89,0.29,2733.53,0.99
2019-05-01,Company_B,USA,Technology,292749.18,174477.6,8433.07,50275.46,80360.35,291914.5,173390.6,118271.57,40.4,834.68,0.29,1087.01,0.63
2019-05-01,Company_C,UK,HR,82555.72,47722.8,2510.37,18111.47,18984.66,84231.89,44871.19,34832.92,42.19,-1676.17,-1.99,2851.61,6.36
2019-05-01,Company_C,UK,Marketing,107322.43,67602.46,10331.16,24050.28,21448.85,109501.45,66036.59,39719.97,37.01,-2179.02,-1.99,1565.87,2.37
2019-05-01,Company_C,UK,Operations,165111.43,86621.59,3107.57,27514.68,36997.43,168463.78,83773.54,78489.84,47.54,-3352.34,-1.99,2848.05,3.4
2019-05-01,Company_C,UK,Sales,288945.01,185416.43,8152.45,62020.76,79477.4,294811.61,180912.33,103528.58,35.83,-5866.6,-1.99,4504.11,2.49
2019-05-01,Company_C,UK,Technology,181622.58,110597.32,6269.9,37572.09,42359.91,185310.15,111422.61,71025.26,39.11,-3687.58,-1.99,-825.29,-0.74
2019-05-01,Company_D,Germany,HR,120424.79,64420.06,2496.79,20106.45,31087.54,120983.55,64192.38,56004.73,46.51,-558.76,-0.46,227.67,0.35
2019-05-01,Company_D,Germany,Marketing,156552.22,91975.54,16479.09,26303.63,32501.42,157278.62,89728.65,64576.69,41.25,-726.39,-0.46,2246.89,2.5
2019-05-01,Company_D,Germany,Operations,240849.58,146885.16,5693.8,55294.6,62822.35,241967.1,143941.51,93964.41,39.01,-1117.53,-0.46,2943.66,2.05
2019-05-01,Company_D,Germany,Sales,421486.76,256324.11,12047.18,94825.74,101448.59,423442.43,252761.83,165162.65,39.19,-1955.67,-0.46,3562.27,1.41
2019-05-01,Company_D,Germany,Technology,264934.53,137337.7,8470.42,44981.41,58658.32,266163.81,135531.4,127596.84,48.16,-1229.28,-0.46,1806.3,1.33
2019-06-01,Company_A,India,HR,96582.42,51918.95,2682.14,18696.25,21224.9,97647.43,50751.84,44663.47,46.24,-1065.01,-1.09,1167.11,2.3
2019-06-01,Company_A,India,Marketing,125557.15,76497.85,12659.92,20916.63,30818.14,126941.66,76211.36,49059.31,39.07,-1384.51,-1.09,286.48,0.38
2019-06-01,Company_A,India,Operations,193164.85,105584.0,5968.06,33434.89,48169.17,195294.87,97668.35,87580.85,45.34,-2130.02,-1.09,7915.65,8.1
2019-06-01,Company_A,India,Sales,338038.48,175030.16,5236.8,74591.93,61594.79,341766.02,173180.15,163008.32,48.22,-3727.53,-1.09,1850.02,1.07
2019-06-01,Company_A,India,Technology,212481.33,124213.04,6461.16,42303.22,52765.39,214824.35,117232.22,88268.29,41.54,-2343.02,-1.09,6980.82,5.95
2019-06-01,Company_B,USA,HR,143248.16,81527.1,4552.01,24127.59,35396.81,150516.06,81607.55,61721.06,43.09,-7267.9,-4.83,-80.44,-0.1
2019-06-01,Company_B,USA,Marketing,186222.61,121595.96,17925.56,37410.09,42103.04,195670.88,120785.4,64626.65,34.7,-9448.27,-4.83,810.56,0.67
2019-06-01,Company_B,USA,Operations,286496.32,164745.75,7442.66,65010.42,56989.73,301032.12,159830.03,121750.57,42.5,-14535.8,-4.83,4915.72,3.08
2019-06-01,Company_B,USA,Sales,501368.56,296659.77,10050.58,107402.1,134017.98,526806.22,297196.09,204708.8,40.83,-25437.65,-4.83,-536.33,-0.18
2019-06-01,Company_B,USA,Technology,315145.95,174002.65,9249.31,51775.58,71710.7,331135.34,165652.5,141143.3,44.79,-15989.38,-4.83,8350.15,5.04
2019-06-01,Company_C,UK,HR,82801.32,45177.58,2407.08,14044.9,20243.73,83002.51,44648.4,37623.75,45.44,-201.19,-0.24,529.18,1.19
2019-06-01,Company_C,UK,Marketing,107641.72,68436.75,6868.85,23090.96,23640.78,107903.27,63981.95,39204.97,36.42,-261.55,-0.24,4454.81,6.96
2019-06-01,Company_C,UK,Operations,165602.65,104155.45,4499.66,36808.46,45886.92,166005.02,103385.41,61447.19,37.11,-402.38,-0.24,770.05,0.74
2019-06-01,Company_C,UK,Sales,289804.63,152456.52,7418.04,50349.73,60568.8,290508.79,152491.83,137348.12,47.39,-704.16,-0.24,-35.31,-0.02
2019-06-01,Company_C,UK,Technology,182162.91,88508.98,5118.56,30864.79,37949.94,182605.53,85929.66,93653.93,51.41,-442.62,-0.24,2579.32,3.0
2019-06-01,Company_D,Germany,HR,121239.43,75879.69,3846.86,23132.88,33340.3,127287.5,72178.23,45359.73,37.41,-6048.07,-4.75,3701.46,5.13
2019-06-01,Company_D,Germany,Marketing,157611.26,103548.24,16993.53,36222.8,36486.69,165473.75,103111.32,54063.02,34.3,-7862.5,-4.75,436.91,0.42
2019-06-01,Company_D,Germany,Operations,242478.85,131446.53,8000.64,47968.22,51797.35,254575.0,132327.22,111032.32,45.79,-12096.15,-4.75,-880.68,-0.67
2019-06-01,Company_D,Germany,Sales,424337.99,246579.66,8492.97,71593.34,114339.52,445506.26,245196.12,177758.33,41.89,-21168.26,-4.75,1383.55,0.56
2019-06-01,Company_D,Germany,Technology,266726.74,144974.81,7541.79,56323.17,59058.65,280032.5,144507.33,121751.93,45.65,-13305.76,-4.75,467.48,0.32
2019-07-01,Company_A,India,HR,100743.28,53151.69,2481.35,22538.59,19315.59,103874.73,51189.87,47591.59,47.24,-3131.45,-3.01,1961.82,3.83
2019-07-01,Company_A,India,Marketing,130966.26,81400.11,8113.57,22329.69,35633.93,135037.15,82476.94,49566.15,37.85,-4070.89,-3.01,-1076.83,-1.31
2019-07-01,Company_A,India,Operations,201486.56,130523.19,6151.77,46239.12,51800.62,207749.46,130009.98,70963.37,35.22,-6262.9,-3.01,513.21,0.39
2019-07-01,Company_A,India,Sales,352601.48,188396.92,6910.67,81637.09,70982.37,363561.56,178734.33,164204.55,46.57,-10960.08,-3.01,9662.59,5.41
2019-07-01,Company_A,India,Technology,221635.21,137760.41,5422.13,50787.41,61352.91,228524.41,139977.54,83874.8,37.84,-6889.2,-3.01,-2217.13,-1.58
2019-07-01,Company_B,USA,HR,142690.56,81172.24,4651.47,27860.79,32897.61,145133.83,79180.58,61518.32,43.11,-2443.27,-1.68,1991.66,2.52
2019-07-01,Company_B,USA,Marketing,185497.73,110668.73,15105.37,35157.55,39772.41,188673.98,108564.49,74829.0,40.34,-3176.25,-1.68,2104.24,1.94
2019-07-01,Company_B,USA,Operations,285381.12,148247.27,6524.51,63366.15,55342.65,290267.66,146853.99,137133.85,48.05,-4886.53,-1.68,1393.28,0.95
2019-07-01,Company_B,USA,Sales,499416.97,294277.53,8615.85,108887.75,110260.18,507968.4,296228.39,205139.43,41.08,-8551.43,-1.68,-1950.85,-0.66
2019-07-01,Company_B,USA,Technology,313919.24,180102.61,6270.8,57021.78,86078.48,319294.42,183041.06,133816.63,42.63,-5375.19,-1.68,-2938.45,-1.61
2019-07-01,Company_C,UK,HR,84911.63,49493.3,2636.61,19129.12,19414.12,86548.12,46791.78,35418.33,41.71,-1636.5,-1.89,2701.52,5.77
2019-07-01,Company_C,UK,Marketing,110385.11,64092.12,11163.5,18123.19,24684.48,112512.56,60664.04,46292.99,41.94,-2127.45,-1.89,3428.08,5.65
2019-07-01,Company_C,UK,Operations,169823.25,99427.34,2977.53,40251.98,37711.46,173096.25,93756.05,70395.91,41.45,-3273.0,-1.89,5671.29,6.05
2019-07-01,Company_C,UK,Sales,297190.69,168973.72,5957.2,55180.83,69370.86,302918.44,163268.38,128216.97,43.14,-5727.75,-1.89,5705.34,3.49
2019-07-01,Company_C,UK,Technology,186805.58,109633.7,4240.33,40529.46,41140.09,190405.87,108838.01,77171.87,41.31,-3600.3,-1.89,795.7,0.73
2019-07-01,Company_D,Germany,HR,123402.2,69715.74,3049.43,27252.72,26443.76,124841.53,69398.66,53686.46,43.51,-1439.32,-1.15,317.09,0.46
2019-07-01,Company_D,Germany,Marketing,160422.86,80860.9,10105.89,26504.33,30729.91,162293.98,80035.51,79561.96,49.6,-1871.12,-1.15,825.39,1.03
2019-07-01,Company_D,Germany,Operations,246804.4,138609.83,3887.11,45833.95,67076.56,249683.05,129914.75,108194.57,43.84,-2878.65,-1.15,8695.09,6.69
2019-07-01,Company_D,Germany,Sales,431907.71,212904.44,7922.05,81248.46,79185.67,436945.34,207496.66,219003.27,50.71,-5037.64,-1.15,5407.78,2.61
2019-07-01,Company_D,Germany,Technology,271484.84,141325.46,9338.11,47922.79,49546.1,274651.36,139678.89,130159.39,47.94,-3166.51,-1.15,1646.56,1.18
2019-08-01,Company_A,India,HR,111570.87,61927.73,3241.06,23368.79,26326.81,114248.13,58895.81,49643.14,44.49,-2677.26,-2.34,3031.93,5.15
2019-08-01,Company_A,India,Marketing,145042.13,86896.44,9047.31,32255.64,33076.96,148522.57,85150.69,58145.69,40.09,-3480.44,-2.34,1745.76,2.05
2019-08-01,Company_A,India,Operations,223141.74,136103.17,4648.77,46413.85,55673.46,228496.26,125133.67,87038.57,39.01,-5354.52,-2.34,10969.5,8.77
2019-08-01,Company_A,India,Sales,390498.05,205608.56,10402.64,64485.57,80793.79,399868.46,194141.9,184889.49,47.35,-9370.41,-2.34,11466.66,5.91
2019-08-01,Company_A,India,Technology,245455.92,116454.65,5916.57,45367.36,44467.3,251345.89,112808.73,129001.27,52.56,-5889.97,-2.34,3645.92,3.23
2019-08-01,Company_B,USA,HR,139629.15,83038.61,2095.07,24794.06,37909.34,146595.19,78579.34,56590.54,40.53,-6966.03,-4.75,4459.27,5.67
2019-08-01,Company_B,USA,Marketing,181517.9,110335.31,20918.39,35363.5,38935.9,190573.74,107106.4,71182.59,39.22,-9055.84,-4.75,3228.92,3.01
2019-08-01,Company_B,USA,Operations,279258.31,168056.57,5980.9,56139.29,66911.69,293190.37,161215.85,111201.73,39.82,-13932.07,-4.75,6840.73,4.24
2019-08-01,Company_B,USA,Sales,488702.04,277047.46,11457.05,94422.93,126332.6,513083.16,283303.0,211654.58,43.31,-24381.12,-4.75,-6255.54,-2.21
2019-08-01,Company_B,USA,Technology,307184.14,179080.34,8593.46,69306.97,68163.23,322509.41,179340.07,128103.8,41.7,-15325.27,-4.75,-259.73,-0.14
2019-08-01,Company_C,UK,HR,88351.14,50782.58,2045.16,15488.23,24181.26,92291.93,49924.58,37568.56,42.52,-3940.78,-4.27,858.0,1.72
2019-08-01,Company_C,UK,Marketing,114856.49,70559.8,9073.78,21848.43,28453.44,119979.51,67916.88,44296.68,38.57,-5123.02,-4.27,2642.93,3.89
2019-08-01,Company_C,UK,Operations,176702.29,98725.15,4046.45,40618.79,37726.09,184583.85,97579.85,77977.14,44.13,-7881.57,-4.27,1145.29,1.17
2019-08-01,Company_C,UK,Sales,309229.0,139145.88,5224.54,50474.22,55871.13,323021.75,133239.04,170083.13,55.0,-13792.75,-4.27,5906.84,4.43
2019-08-01,Company_C,UK,Technology,194372.51,96850.44,6786.72,32172.38,40600.72,203042.24,89458.83,97522.07,50.17,-8669.73,-4.27,7391.61,8.26
2019-08-01,Company_D,Germany,HR,121240.84,71060.7,4240.4,28615.59,26331.81,121215.28,71214.51,50180.14,41.39,25.56,0.02,-153.81,-0.22
2019-08-01,Company_D,Germany,Marketing,157613.09,88492.92,14945.68,29747.18,29536.11,157579.86,87270.11,69120.17,43.85,33.23,0.02,1222.81,1.4
2019-08-01,Company_D,Germany,Operations,242481.68,126525.77,5591.5,45633.71,44047.7,242430.56,123100.84,115955.91,47.82,51.12,0.02,3424.92,2.78
2019-08-01,Company_D,Germany,Sales,424342.94,241357.33,11657.77,88728.82,96822.32,424253.48,227299.78,182985.61,43.12,89.46,0.02,14057.55,6.18
2019-08-01,Company_D,Germany,Technology,266729.85,164693.0,8381.31,63720.27,59613.59,266673.61,159379.13,102036.85,38.25,56.23,0.02,5313.87,3.33
2019-09-01,Company_A,India,HR,107476.78,58053.91,3363.65,20114.93,20206.87,104677.72,58804.82,49422.88,45.98,2799.06,2.67,-750.92,-1.28
2019-09-01,Company_A,India,Marketing,139719.82,98990.84,15684.69,30280.76,35126.78,136081.04,95410.01,40728.97,29.15,3638.78,2.67,3580.84,3.75
2019-09-01,Company_A,India,Operations,214953.56,119626.29,3673.85,37272.65,52371.94,209355.45,117412.09,95327.28,44.35,5598.12,2.67,2214.19,1.89
2019-09-01,Company_A,India,Sales,376168.74,171938.03,8280.43,62831.21,68959.37,366372.03,164193.86,204230.7,54.29,9796.7,2.67,7744.17,4.72
2019-09-01,Company_A,India,Technology,236448.92,138620.6,6807.2,48567.38,61490.59,230290.99,134874.03,97828.32,41.37,6157.93,2.67,3746.57,2.78
2019-09-01,Company_B,USA,HR,140022.85,79660.43,4525.64,32053.42,25342.89,145348.2,78619.58,60362.42,43.11,-5325.35,-3.66,1040.85,1.32
2019-09-01,Company_B,USA,Marketing,182029.7,115050.58,15773.06,34094.08,45063.03,188952.66,111460.35,66979.13,36.8,-6922.95,-3.66,3590.22,3.22
2019-09-01,Company_B,USA,Operations,280045.7,156245.44,4820.17,60909.22,51404.91,290696.4,158014.3,123800.26,44.21,-10650.7,-3.66,-1768.86,-1.12
2019-09-01,Company_B,USA,Sales,490079.97,281361.08,8013.83,83131.82,123697.62,508718.69,268733.95,208718.9,42.59,-18638.72,-3.66,12627.12,4.7
2019-09-01,Company_B,USA,Technology,308050.27,171809.0,6769.91,61915.46,66995.54,319766.03,167593.22,136241.27,44.23,-11715.77,-3.66,4215.78,2.52
2019-09-01,Company_C,UK,HR,82811.66,46103.0,1450.53,15631.81,19786.45,86557.05,44918.14,36708.66,44.33,-3745.39,-4.33,1184.85,2.64
2019-09-01,Company_C,UK,Marketing,107655.15,65642.28,12258.45,18065.56,23144.73,112524.16,64813.09,42012.87,39.03,-4869.01,-4.33,829.19,1.28
2019-09-01,Company_C,UK,Operations,165623.31,92717.38,3522.37,33957.15,34699.89,173114.09,90297.39,72905.93,44.02,-7490.78,-4.33,2419.99,2.68
2019-09-01,Company_C,UK,Sales,289840.79,140959.56,4686.94,49320.09,61023.47,302949.66,140010.49,148881.24,51.37,-13108.87,-4.33,949.07,0.68
2019-09-01,Company_C,UK,Technology,182185.64,93964.5,4765.28,29380.54,39706.66,190425.5,90526.72,88221.14,48.42,-8239.86,-4.33,3437.78,3.8
2019-09-01,Company_D,Germany,HR,129861.44,68356.84,3841.99,21388.66,27645.49,134838.03,67906.35,61504.6,47.36,-4976.59,-3.69,450.49,0.66
2019-09-01,Company_D,Germany,Marketing,168819.87,111263.3,12876.0,33798.14,46384.99,175289.44,107293.85,57556.57,34.09,-6469.56,-3.69,3969.45,3.7
2019-09-01,Company_D,Germany,Operations,259722.88,139889.23,7100.22,47987.84,60621.96,269676.05,135372.4,119833.65,46.14,-9953.18,-3.69,4516.83,3.34
2019-09-01,Company_D,Germany,Sales,454515.04,278189.07,10047.87,101147.63,107914.16,471933.09,266364.92,176325.96,38.79,-17418.06,-3.69,11824.15,4.44
2019-09-01,Company_D,Germany,Technology,285695.17,139597.78,9459.31,51035.95,52479.15,296643.66,135362.91,146097.38,51.14,-10948.49,-3.69,4234.87,3.13
2019-10-01,Company_A,India,HR,111757.59,55310.46,1744.88,18526.71,22996.17,120349.68,52789.97,56447.13,50.51,-8592.09,-7.14,2520.49,4.77
2019-10-01,Company_A,India,Marketing,145284.87,100908.37,17402.23,25900.86,40313.55,156454.59,100437.93,44376.5,30.54,-11169.72,-7.14,470.44,0.47
2019-10-01,Company_A,India,Operations,223515.18,133293.05,5579.81,47540.92,52645.95,240699.36,128715.44,90222.13,40.37,-17184.19,-7.14,4577.62,3.56
2019-10-01,Company_A,India,Sales,391151.56,196955.81,11590.52,79056.51,73600.25,421223.89,189623.21,194195.75,49.65,-30072.33,-7.14,7332.6,3.87
2019-10-01,Company_A,India,Technology,245866.7,137265.0,4472.53,44199.03,65690.26,264769.3,136313.88,108601.69,44.17,-18902.61,-7.14,951.12,0.7
2019-10-01,Company_B,USA,HR,150284.62,92851.45,3387.02,29063.78,40214.74,155251.84,92089.01,57433.17,38.22,-4967.22,-3.2,762.44,0.83
2019-10-01,Company_B,USA,Marketing,195370.01,103810.51,14460.12,35028.52,36498.76,201827.39,97137.92,91559.5,46.86,-6457.38,-3.2,6672.6,6.87
2019-10-01,Company_B,USA,Operations,300569.25,149402.71,9483.1,56202.38,54120.44,310503.68,144349.46,151166.53,50.29,-9934.43,-3.2,5053.25,3.5
2019-10-01,Company_B,USA,Sales,525996.18,322806.63,10505.25,115911.44,122998.68,543381.44,316260.99,203189.55,38.63,-17385.26,-3.2,6545.65,2.07
2019-10-01,Company_B,USA,Technology,330626.17,197357.96,5603.23,75581.95,82867.22,341554.04,196690.41,133268.21,40.31,-10927.88,-3.2,667.55,0.34
2019-10-01,Company_C,UK,HR,85309.21,49799.15,2953.46,15368.04,20591.15,88299.87,48481.9,35510.06,41.63,-2990.66,-3.39,1317.24,2.72
2019-10-01,Company_C,UK,Marketing,110901.97,83373.97,11962.79,25846.42,30181.5,114789.83,83927.1,27528.0,24.82,-3887.86,-3.39,-553.14,-0.66
2019-10-01,Company_C,UK,Operations,170618.42,90784.38,4843.56,31843.54,34398.99,176599.74,88155.99,79834.04,46.79,-5981.32,-3.39,2628.39,2.98
2019-10-01,Company_C,UK,Sales,298582.23,170654.63,7751.32,50088.18,74727.32,309049.54,172877.39,127927.6,42.85,-10467.31,-3.39,-2222.76,-1.29
2019-10-01,Company_C,UK,Technology,187680.26,112615.74,3388.22,39474.68,47111.0,194259.71,110176.34,75064.52,40.0,-6579.45,-3.39,2439.39,2.21
2019-10-01,Company_D,Germany,HR,118447.78,59098.76,3424.11,19671.43,24314.28,118926.42,55974.09,59349.02,50.11,-478.64,-0.4,3124.67,5.58
2019-10-01,Company_D,Germany,Marketing,153982.11,99939.96,10324.15,35185.13,38334.84,154604.34,96853.97,54042.15,35.1,-622.23,-0.4,3085.99,3.19
2019-10-01,Company_D,Germany,Operations,236895.55,143170.0,8275.87,55897.79,51530.49,237852.84,136759.24,93725.55,39.56,-957.28,-0.4,6410.76,4.69
2019-10-01,Company_D,Germany,Sales,414567.21,243026.01,13906.03,81728.33,111990.64,416242.46,230797.81,171541.2,41.38,-1675.25,-0.4,12228.2,5.3
2019-10-01,Company_D,Germany,Technology,260585.11,126868.82,6491.22,44443.93,49683.66,261638.12,125547.65,133716.29,51.31,-1053.01,-0.4,1321.16,1.05
2019-11-01,Company_A,India,HR,118182.93,66433.42,2334.22,20608.11,32753.16,123049.69,65062.31,51749.51,43.79,-4866.76,-3.96,1371.11,2.11
2019-11-01,Company_A,India,Marketing,153637.81,103347.17,10431.09,33592.76,38652.58,159964.6,104845.94,50290.64,32.73,-6326.79,-3.96,-1498.77,-1.43
2019-11-01,Company_A,India,Operations,236365.86,136788.32,5539.1,54850.15,49089.12,246099.38,139101.89,99577.54,42.13,-9733.52,-3.96,-2313.57,-1.66
2019-11-01,Company_A,India,Sales,413640.25,231548.46,9724.63,90759.51,88764.51,430673.92,228216.78,182091.8,44.02,-17033.66,-3.96,3331.68,1.46
2019-11-01,Company_A,India,Technology,260002.45,152274.77,7671.41,50723.68,59453.95,270709.32,153215.44,107727.68,41.43,-10706.87,-3.96,-940.67,-0.61
2019-11-01,Company_B,USA,HR,142869.02,71093.53,4583.07,24788.46,25905.42,146133.33,69379.58,71775.48,50.24,-3264.31,-2.23,1713.95,2.47
2019-11-01,Company_B,USA,Marketing,185729.72,115120.9,21791.09,30873.58,38018.15,189973.32,116569.35,70608.82,38.02,-4243.6,-2.23,-1448.45,-1.24
2019-11-01,Company_B,USA,Operations,285738.04,156775.62,4689.16,48549.09,77418.71,292266.65,154349.77,128962.41,45.13,-6528.62,-2.23,2425.86,1.57
2019-11-01,Company_B,USA,Sales,500041.56,243267.13,17035.44,84279.03,93019.08,511466.64,232061.17,256774.43,51.35,-11425.08,-2.23,11205.96,4.83
2019-11-01,Company_B,USA,Technology,314311.84,161603.55,9637.82,54420.88,60426.38,321493.32,153635.55,152708.29,48.58,-7181.48,-2.23,7968.0,5.19
2019-11-01,Company_C,UK,HR,90172.19,53175.01,2273.05,14965.05,24972.64,95638.04,52881.12,36997.18,41.03,-5465.85,-5.72,293.89,0.56
2019-11-01,Company_C,UK,Marketing,117223.84,73038.23,12992.83,24268.11,26273.08,124329.45,73051.1,44185.61,37.69,-7105.6,-5.72,-12.87,-0.02
2019-11-01,Company_C,UK,Operations,180344.37,100901.39,2800.56,34598.52,38513.57,191276.07,97953.5,79442.99,44.05,-10931.7,-5.72,2947.88,3.01
2019-11-01,Company_C,UK,Sales,315602.65,169972.7,9127.43,65935.58,67617.09,334733.13,167191.21,145629.96,46.14,-19130.47,-5.72,2781.49,1.66
2019-11-01,Company_C,UK,Technology,198378.81,112642.81,5920.42,40003.57,45820.26,210403.68,108408.26,85736.0,43.22,-12024.87,-5.72,4234.55,3.91
2019-11-01,Company_D,Germany,HR,150928.71,70569.29,2393.08,24216.14,30850.79,153752.77,71175.42,80359.42,53.24,-2824.06,-1.84,-606.13,-0.85
2019-11-01,Company_D,Germany,Marketing,196207.32,128511.43,23367.56,36219.28,51289.61,199878.6,119943.89,67695.9,34.5,-3671.27,-1.84,8567.54,7.14
2019-11-01,Company_D,Germany,Operations,301857.42,177107.19,8418.18,63352.19,75888.6,307505.54,170680.67,124750.23,41.33,-5648.12,-1.84,6426.52,3.77
2019-11-01,Company_D,Germany,Sales,528250.49,291977.48,12260.62,108584.32,105255.49,538134.69,279326.68,236273.01,44.73,-9884.2,-1.84,12650.79,4.53
2019-11-01,Company_D,Germany,Technology,332043.16,184780.77,8136.57,61275.85,74688.17,338256.09,184196.28,147262.39,44.35,-6212.93,-1.84,584.49,0.32
2019-12-01,Company_A,India,HR,129987.9,75206.63,2596.42,25278.88,31419.96,135004.13,72774.16,54781.27,42.14,-5016.23,-3.72,2432.48,3.34
2019-12-01,Company_A,India,Marketing,168984.27,93187.4,10884.24,30228.59,33285.81,175505.37,93644.64,75796.87,44.85,-6521.1,-3.72,-457.24,-0.49
2019-12-01,Company_A,India,Operations,259975.79,162148.15,4580.12,57682.87,72008.64,270008.26,163610.84,97827.64,37.63,-10032.47,-3.72,-1462.68,-0.89
2019-12-01,Company_A,India,Sales,454957.64,251328.23,11508.77,89000.82,98235.97,472514.46,243973.02,203629.42,44.76,-17556.82,-3.72,7355.21,3.01
2019-12-01,Company_A,India,Technology,285973.37,162528.04,6526.38,49496.82,79197.82,297009.09,154016.93,123445.33,43.17,-11035.71,-3.72,8511.11,5.53
2019-12-01,Company_B,USA,HR,169113.43,94774.86,3863.29,29481.14,46468.64,169141.51,92586.21,74338.57,43.96,-28.08,-0.02,2188.66,2.36
2019-12-01,Company_B,USA,Marketing,219847.46,122107.78,18645.48,41812.58,40447.79,219883.96,118497.0,97739.68,44.46,-36.5,-0.02,3610.78,3.05
2019-12-01,Company_B,USA,Operations,338226.86,185926.53,6127.14,71583.26,79383.38,338283.01,185976.72,152300.33,45.03,-56.16,-0.02,-50.19,-0.03
2019-12-01,Company_B,USA,Sales,591897.0,317895.48,13534.56,112557.69,138773.53,591995.27,303463.98,274001.52,46.29,-98.27,-0.02,14431.49,4.76
2019-12-01,Company_B,USA,Technology,372049.54,206443.82,6827.6,80102.17,78513.93,372111.31,205695.34,165605.72,44.51,-61.77,-0.02,748.48,0.36
2019-12-01,Company_C,UK,HR,103556.35,58860.12,2578.52,23675.18,19996.02,110133.32,58539.01,44696.24,43.16,-6576.97,-5.97,321.11,0.55
2019-12-01,Company_C,UK,Marketing,134623.26,77561.11,12965.04,21853.89,29559.83,143173.32,76768.46,57062.15,42.39,-8550.06,-5.97,792.66,1.03
2019-12-01,Company_C,UK,Operations,207112.7,112371.61,5213.19,40071.33,47154.47,220266.65,107249.56,94741.1,45.74,-13153.94,-5.97,5122.05,4.78
2019-12-01,Company_C,UK,Sales,362447.23,198696.19,11442.68,58813.22,93811.32,385466.63,200958.1,163751.04,45.18,-23019.4,-5.97,-2261.91,-1.13
2019-12-01,Company_C,UK,Technology,227823.98,116666.93,4396.34,49368.12,41927.13,242293.31,112826.8,111157.04,48.79,-14469.34,-5.97,3840.13,3.4
2019-12-01,Company_D,Germany,HR,143389.95,81092.71,3028.41,34262.13,27637.28,143951.69,78031.43,62297.25,43.45,-561.74,-0.39,3061.28,3.92
2019-12-01,Company_D,Germany,Marketing,186406.94,91265.69,11432.26,29977.72,33708.89,187137.2,87706.78,95141.25,51.04,-730.26,-0.39,3558.91,4.06
2019-12-01,Company_D,Germany,Operations,286779.91,146558.31,7938.36,55789.4,58990.22,287903.38,145118.71,140221.59,48.9,-1123.47,-0.39,1439.6,0.99
2019-12-01,Company_D,Germany,Sales,501864.84,305369.55,12625.86,96329.91,130997.05,503830.91,304621.63,196495.29,39.15,-1966.08,-0.39,747.92,0.25
2019-12-01,Company_D,Germany,Technology,315457.9,187412.86,7944.78,73431.49,78683.87,316693.72,176322.9,128045.03,40.59,-1235.82,-0.39,11089.97,6.29
2020-01-01,Company_A,India,HR,87883.57,51924.73,3014.61,20998.06,15862.46,89313.3,52075.74,35958.84,40.92,-1429.74,-1.6,-151.01,-0.29
2020-01-01,Company_A,India,Marketing,114248.64,62697.88,10331.97,21169.41,21039.72,116107.3,61317.4,51550.76,45.12,-1858.66,-1.6,1380.48,2.25
2020-01-01,Company_A,India,Operations,175767.13,99666.12,2837.19,31915.79,40974.3,178626.61,99498.28,76101.02,43.3,-2859.48,-1.6,167.84,0.17
2020-01-01,Company_A,India,Sales,307592.48,168413.05,9144.12,50117.19,75784.77,312596.57,166652.86,139179.43,45.25,-5004.09,-1.6,1760.19,1.06
2020-01-01,Company_A,India,Technology,193343.84,101794.19,6257.66,39988.99,38781.71,196489.27,100852.7,91549.65,47.35,-3145.43,-1.6,941.49,0.93
2020-01-01,Company_B,USA,HR,118893.14,59700.18,2097.91,22657.45,23739.25,122665.91,59967.17,59192.96,49.79,-3772.76,-3.08,-266.99,-0.45
2020-01-01,Company_B,USA,Marketing,154561.09,96739.29,10650.87,29131.15,37040.06,159465.68,91363.06,57821.8,37.41,-4904.59,-3.08,5376.23,5.88
2020-01-01,Company_B,USA,Operations,237786.29,125596.6,7410.7,49943.37,44443.14,245331.81,126337.89,112189.69,47.18,-7545.52,-3.08,-741.3,-0.59
2020-01-01,Company_B,USA,Sales,416126.01,257670.16,9417.9,99246.31,107162.21,429330.67,244940.13,158455.85,38.08,-13204.66,-3.08,12730.02,5.2
2020-01-01,Company_B,USA,Technology,261564.92,159673.83,8830.77,44905.91,71084.12,269864.99,158426.62,101891.09,38.95,-8300.07,-3.08,1247.21,0.79
2020-01-01,Company_C,UK,HR,72416.62,44216.96,2176.82,17195.02,18909.16,71687.26,45701.55,28199.66,38.94,729.36,1.02,-1484.59,-3.25
2020-01-01,Company_C,UK,Marketing,94141.6,58842.35,8780.53,21250.23,18638.13,93193.44,57380.96,35299.26,37.5,948.16,1.02,1461.39,2.55
2020-01-01,Company_C,UK,Operations,144833.24,91301.82,3512.08,32278.21,39698.3,143374.53,92842.79,53531.42,36.96,1458.71,1.02,-1540.97,-1.66
2020-01-01,Company_C,UK,Sales,253458.17,132681.84,7985.5,41871.31,48814.54,250905.42,129669.5,120776.33,47.65,2552.74,1.02,3012.34,2.32
2020-01-01,Company_C,UK,Technology,159316.56,97685.62,4363.51,34977.86,41471.31,157711.98,98447.82,61630.94,38.68,1604.58,1.02,-762.19,-0.77
2020-01-01,Company_D,Germany,HR,105128.03,58175.75,2341.47,18310.24,22849.2,109981.89,56359.35,46952.27,44.66,-4853.87,-4.41,1816.4,3.22
2020-01-01,Company_D,Germany,Marketing,136666.44,77021.61,12109.7,24327.07,26411.91,142976.46,75315.17,59644.82,43.64,-6310.03,-4.41,1706.45,2.27
2020-01-01,Company_D,Germany,Operations,210256.05,128412.48,3177.61,47403.69,58703.43,219963.79,129305.35,81843.57,38.93,-9707.73,-4.41,-892.87,-0.69
2020-01-01,Company_D,Germany,Sales,367948.1,215283.03,9652.13,67587.12,92533.65,384936.63,215445.36,152665.07,41.49,-16988.53,-4.41,-162.33,-0.08
2020-01-01,Company_D,Germany,Technology,231281.66,138229.42,6147.17,53104.22,51572.49,241960.17,136753.28,93052.24,40.23,-10678.51,-4.41,1476.14,1.08
2020-02-01,Company_A,India,HR,94002.16,53167.0,3160.26,15268.86,23402.09,98697.6,53500.17,40835.16,43.44,-4695.43,-4.76,-333.16,-0.62
2020-02-01,Company_A,India,Marketing,122202.81,83507.58,12341.86,28787.21,28072.12,128306.87,82257.26,38695.24,31.66,-6104.06,-4.76,1250.32,1.52
2020-02-01,Company_A,India,Operations,188004.33,117980.97,3486.16,43137.85,46862.45,197395.19,121266.83,70023.36,37.25,-9390.86,-4.76,-3285.86,-2.71
2020-02-01,Company_A,India,Sales,329007.57,165559.42,9323.18,65507.95,63815.99,345441.58,150260.68,163448.15,49.68,-16434.01,-4.76,15298.75,10.18
2020-02-01,Company_A,India,Technology,206804.76,110499.77,6016.7,38183.27,41399.28,217134.71,106566.62,96304.98,46.57,-10329.95,-4.76,3933.15,3.69
2020-02-01,Company_B,USA,HR,117705.92,57679.86,3909.78,19678.17,21258.24,125382.65,55388.04,60026.06,51.0,-7676.72,-6.12,2291.82,4.14
2020-02-01,Company_B,USA,Marketing,153017.7,89782.95,11391.9,31947.8,33462.02,162997.44,86972.86,63234.74,41.33,-9979.74,-6.12,2810.09,3.23
2020-02-01,Company_B,USA,Operations,235411.84,114359.17,6780.08,38143.28,49815.53,250765.29,108906.65,121052.68,51.42,-15353.45,-6.12,5452.52,5.01
2020-02-01,Company_B,USA,Sales,411970.73,217945.42,12968.82,77862.53,82562.54,438839.26,218099.23,194025.31,47.1,-26868.53,-6.12,-153.81,-0.07
2020-02-01,Company_B,USA,Technology,258953.03,146744.96,4817.35,58024.93,49456.48,275841.82,148564.83,112208.07,43.33,-16888.79,-6.12,-1819.87,-1.22
2020-02-01,Company_C,UK,HR,74402.76,38682.58,1693.6,15361.12,14663.0,76558.12,37307.15,35720.18,48.01,-2155.37,-2.82,1375.43,3.69
2020-02-01,Company_C,UK,Marketing,96723.58,55916.76,6459.78,20260.47,18922.34,99525.56,56853.06,40806.82,42.19,-2801.98,-2.82,-936.3,-1.65
2020-02-01,Company_C,UK,Operations,148805.51,86867.75,4504.67,29964.92,33441.55,153116.25,81778.49,61937.76,41.62,-4310.73,-2.82,5089.26,6.22
2020-02-01,Company_C,UK,Sales,260409.65,134677.29,5558.47,45776.14,54215.45,267953.43,135875.94,125732.36,48.28,-7543.78,-2.82,-1198.65,-0.88
2020-02-01,Company_C,UK,Technology,163686.06,87004.24,2974.29,26866.59,42766.14,168427.87,84676.98,76681.83,46.85,-4741.81,-2.82,2327.26,2.75
2020-02-01,Company_D,Germany,HR,104980.67,54312.31,3209.04,21740.98,19876.29,107859.12,53331.41,50668.37,48.26,-2878.45,-2.67,980.9,1.84
2020-02-01,Company_D,Germany,Marketing,136474.87,95086.91,14749.19,26793.35,35096.81,140216.86,90963.48,41387.96,30.33,-3741.99,-2.67,4123.43,4.53
2020-02-01,Company_D,Germany,Operations,209961.34,104959.55,7079.71,39299.97,41251.97,215718.25,105147.69,105001.79,50.01,-5756.9,-2.67,-188.15,-0.18
2020-02-01,Company_D,Germany,Sales,367432.35,212832.88,7139.9,75535.41,93938.59,377506.93,199984.42,154599.47,42.08,-10074.58,-2.67,12848.45,6.42
2020-02-01,Company_D,Germany,Technology,230957.48,141561.87,6497.86,53991.05,51650.2,237290.07,136697.5,89395.6,38.71,-6332.59,-2.67,4864.37,3.56
2020-03-01,Company_A,India,HR,101751.34,54245.73,1537.99,20712.41,21617.95,101387.57,55323.2,47505.61,46.69,363.77,0.36,-1077.46,-1.95
2020-03-01,Company_A,India,Marketing,132276.74,87164.56,11393.66,29606.85,34627.86,131803.84,86949.21,45112.18,34.1,472.91,0.36,215.36,0.25
2020-03-01,Company_A,India,Operations,203502.68,119277.6,4697.41,46862.85,43285.7,202775.14,118673.46,84225.09,41.39,727.55,0.36,604.14,0.51
2020-03-01,Company_A,India,Sales,356129.69,188629.02,9980.41,68202.1,67899.44,354856.49,184553.98,167500.68,47.03,1273.21,0.36,4075.04,2.21
2020-03-01,Company_A,India,Technology,223852.95,139083.55,6860.58,51410.13,52986.36,223052.65,137445.01,84769.4,37.87,800.3,0.36,1638.53,1.19
2020-03-01,Company_B,USA,HR,131746.48,66430.8,2653.54,21602.27,29841.06,132640.84,65603.24,65315.68,49.58,-894.36,-0.67,827.56,1.26
2020-03-01,Company_B,USA,Marketing,171270.42,122122.2,17859.34,40448.08,41060.87,172433.09,123318.69,49148.22,28.7,-1162.66,-0.67,-1196.49,-0.97
2020-03-01,Company_B,USA,Operations,263492.96,137474.0,8782.16,45662.89,56067.04,265281.67,132183.41,126018.96,47.83,-1788.71,-0.67,5290.59,4.0
2020-03-01,Company_B,USA,Sales,461112.68,286466.05,8407.88,107939.45,127536.04,464242.92,283025.05,174646.63,37.88,-3130.24,-0.67,3441.0,1.22
2020-03-01,Company_B,USA,Technology,289842.26,168694.44,7559.05,66883.51,67665.39,291809.84,172294.46,121147.81,41.8,-1967.58,-0.67,-3600.01,-2.09
2020-03-01,Company_C,UK,HR,74748.74,43667.46,2513.85,14943.98,17815.11,79870.79,41223.48,31081.28,41.58,-5122.05,-6.41,2443.98,5.93
2020-03-01,Company_C,UK,Marketing,97173.36,67770.7,8453.57,20132.21,25832.31,103832.02,68046.02,29402.66,30.26,-6658.66,-6.41,-275.32,-0.4
2020-03-01,Company_C,UK,Operations,149497.48,93306.93,2510.46,31167.41,41249.87,159741.57,93031.07,56190.55,37.59,-10244.1,-6.41,275.85,0.3
2020-03-01,Company_C,UK,Sales,261620.58,156200.75,4817.36,52636.54,64434.7,279547.75,152843.79,105419.83,40.29,-17927.17,-6.41,3356.97,2.2
2020-03-01,Company_C,UK,Technology,164447.22,96139.69,3562.72,39145.38,39385.87,175715.73,90126.96,68307.53,41.54,-11268.51,-6.41,6012.73,6.67
2020-03-01,Company_D,Germany,HR,114407.42,67794.42,2626.89,27338.01,24390.59,116804.93,65890.96,46613.01,40.74,-2397.5,-2.05,1903.46,2.89
2020-03-01,Company_D,Germany,Marketing,148729.65,87513.71,9109.8,24763.83,36122.64,151846.4,86439.58,61215.95,41.16,-3116.75,-2.05,1074.13,1.24
2020-03-01,Company_D,Germany,Operations,228814.85,139440.48,5065.03,46348.22,59313.77,233609.85,135274.53,89374.37,39.06,-4795.0,-2.05,4165.95,3.08
2020-03-01,Company_D,Germany,Sales,400425.98,248799.9,11377.41,92473.88,111400.11,408817.24,247613.36,151626.09,37.87,-8391.25,-2.05,1186.53,0.48
2020-03-01,Company_D,Germany,Technology,251696.33,147030.99,7589.44,58005.91,59487.69,256970.84,142870.51,104665.34,41.58,-5274.5,-2.05,4160.48,2.91
2020-04-01,Company_A,India,HR,98326.34,60082.08,2887.1,22127.25,27094.06,98347.5,59727.46,38244.26,38.9,-21.16,-0.02,354.62,0.59
2020-04-01,Company_A,India,Marketing,127824.25,79810.7,10728.21,24339.74,30424.37,127851.75,80976.48,48013.55,37.56,-27.51,-0.02,-1165.78,-1.44
2020-04-01,Company_A,India,Operations,196652.69,100125.57,4834.44,39630.74,35901.74,196695.01,97309.96,96527.12,49.09,-42.32,-0.02,2815.61,2.89
2020-04-01,Company_A,India,Sales,344142.21,168143.51,7731.17,61602.67,69766.9,344216.26,155728.67,175998.7,51.14,-74.06,-0.02,12414.83,7.97
2020-04-01,Company_A,India,Technology,216317.96,126848.6,6135.7,45053.81,52337.92,216364.51,127425.01,89469.36,41.36,-46.55,-0.02,-576.42,-0.45
2020-04-01,Company_B,USA,HR,100441.54,57311.75,2860.09,19299.85,22602.87,98322.75,55979.16,43129.79,42.94,2118.8,2.15,1332.58,2.38
2020-04-01,Company_B,USA,Marketing,130574.01,92128.65,13644.68,27401.85,34015.8,127819.57,89005.22,38445.35,29.44,2754.44,2.15,3123.43,3.51
2020-04-01,Company_B,USA,Operations,200883.09,129769.65,4472.68,45776.78,52107.77,196645.49,120984.24,71113.44,35.4,4237.6,2.15,8785.41,7.26
2020-04-01,Company_B,USA,Sales,351545.4,207701.79,8400.9,83289.56,80470.44,344129.61,198924.74,143843.61,40.92,7415.79,2.15,8777.05,4.41
2020-04-01,Company_B,USA,Technology,220971.4,142320.79,5829.03,51434.16,56616.73,216310.04,136628.17,78650.6,35.59,4661.36,2.15,5692.62,4.17
2020-04-01,Company_C,UK,HR,83044.48,43252.14,2221.78,14609.73,15479.85,80182.7,41961.49,39792.33,47.92,2861.78,3.57,1290.66,3.08
2020-04-01,Company_C,UK,Marketing,107957.82,62596.4,8480.74,18398.96,20694.21,104237.51,60154.57,45361.42,42.02,3720.31,3.57,2441.83,4.06
2020-04-01,Company_C,UK,Operations,166088.95,84591.91,3333.88,34172.19,33683.87,160365.4,83830.71,81497.04,49.07,5723.56,3.57,761.2,0.91
2020-04-01,Company_C,UK,Sales,290655.67,160630.85,10060.45,56933.29,62498.89,280639.44,158191.88,130024.81,44.74,10016.22,3.57,2438.97,1.54
2020-04-01,Company_C,UK,Technology,182697.85,102022.56,2915.7,31183.1,47052.18,176401.94,98474.68,80675.29,44.16,6295.91,3.57,3547.88,3.6
2020-04-01,Company_D,Germany,HR,125147.06,69189.52,4317.25,20674.75,31051.15,131326.83,68439.87,55957.54,44.71,-6179.76,-4.71,749.66,1.1
2020-04-01,Company_D,Germany,Marketing,162691.18,95199.06,12649.04,30416.28,30374.9,170724.87,91573.95,67492.12,41.48,-8033.69,-4.71,3625.11,3.96
2020-04-01,Company_D,Germany,Operations,250294.12,133264.93,4032.93,53556.41,48155.07,262653.65,134670.22,117029.2,46.76,-12359.53,-4.71,-1405.29,-1.04
2020-04-01,Company_D,Germany,Sales,438014.72,217064.46,8468.46,87273.9,86276.79,459643.89,214727.02,220950.25,50.44,-21629.17,-4.71,2337.44,1.09
2020-04-01,Company_D,Germany,Technology,275323.54,147831.52,4741.61,59871.59,56271.7,288919.02,137243.59,127492.01,46.31,-13595.48,-4.71,10587.93,7.71
2020-05-01,Company_A,India,HR,108097.29,58084.52,2756.83,18864.61,27122.11,111559.62,54609.62,50012.77,46.27,-3462.33,-3.1,3474.9,6.36
2020-05-01,Company_A,India,Marketing,140526.47,81418.1,9459.28,27133.4,27840.39,145027.51,81704.63,59108.37,42.06,-4501.03,-3.1,-286.53,-0.35
2020-05-01,Company_A,India,Operations,216194.57,124912.06,5574.19,48479.92,45645.33,223119.24,119323.4,91282.52,42.22,-6924.67,-3.1,5588.65,4.68
2020-05-01,Company_A,India,Sales,378340.51,202454.61,12689.8,67904.02,70381.45,390458.67,194589.43,175885.89,46.49,-12118.17,-3.1,7865.18,4.04
2020-05-01,Company_A,India,Technology,237814.03,125073.52,4788.51,47294.01,49581.2,245431.16,121694.43,112740.51,47.41,-7617.13,-3.1,3379.1,2.78
2020-05-01,Company_B,USA,HR,149896.63,82162.9,2366.16,23994.77,41630.55,148372.13,82492.17,67733.73,45.19,1524.5,1.03,-329.28,-0.4
2020-05-01,Company_B,USA,Marketing,194865.62,107503.7,16915.03,35109.69,37481.42,192883.76,105956.28,87361.92,44.83,1981.86,1.03,1547.42,1.46
2020-05-01,Company_B,USA,Operations,299793.26,186321.58,7057.76,70922.33,68205.97,296744.25,191238.16,113471.68,37.85,3049.01,1.03,-4916.58,-2.57
2020-05-01,Company_B,USA,Sales,524638.21,278957.71,15732.53,91766.35,123064.17,519302.44,280418.55,245680.5,46.83,5335.77,1.03,-1460.84,-0.52
2020-05-01,Company_B,USA,Technology,329772.59,203655.46,6371.41,65495.51,91257.02,326418.68,195280.43,126117.12,38.24,3353.91,1.03,8375.03,4.29
2020-05-01,Company_C,UK,HR,84228.5,56302.74,1819.29,19923.84,23265.48,86246.88,56349.41,27925.75,33.15,-2018.38,-2.34,-46.67,-0.08
2020-05-01,Company_C,UK,Marketing,109497.04,71315.16,7500.18,25797.37,26748.3,112120.94,73127.92,38181.88,34.87,-2623.9,-2.34,-1812.75,-2.48
2020-05-01,Company_C,UK,Operations,168456.99,90017.31,5173.88,28536.29,41668.12,172493.76,86990.28,78439.68,46.56,-4036.77,-2.34,3027.03,3.48
2020-05-01,Company_C,UK,Sales,294799.74,157408.74,6862.5,62278.45,61025.27,301864.08,150410.71,137391.0,46.6,-7064.35,-2.34,6998.03,4.65
2020-05-01,Company_C,UK,Technology,185302.69,105841.65,5333.42,32311.74,43825.43,189743.14,108483.67,79461.04,42.88,-4440.45,-2.34,-2642.02,-2.44
2020-05-01,Company_D,Germany,HR,126268.56,62712.63,1947.12,20244.66,28610.83,131977.03,62435.95,63555.93,50.33,-5708.47,-4.33,276.68,0.44
2020-05-01,Company_D,Germany,Marketing,164149.12,103167.1,19495.21,27556.53,34406.06,171570.14,102754.18,60982.02,37.15,-7421.02,-4.33,412.92,0.4
2020-05-01,Company_D,Germany,Operations,252537.11,151492.92,8827.61,58064.48,51635.91,263954.06,146444.45,101044.19,40.01,-11416.95,-4.33,5048.48,3.45
2020-05-01,Company_D,Germany,Sales,441939.95,243334.12,10852.96,98286.11,98547.43,461919.6,239501.45,198605.83,44.94,-19979.66,-4.33,3832.67,1.6
2020-05-01,Company_D,Germany,Technology,277790.82,172366.05,9276.01,48961.28,75418.32,290349.46,171942.99,105424.78,37.95,-12558.64,-4.33,423.06,0.25
2020-06-01,Company_A,India,HR,108961.27,63176.47,1842.61,23252.77,26410.68,111631.81,63883.64,45784.8,42.02,-2670.54,-2.39,-707.17,-1.11
2020-06-01,Company_A,India,Marketing,141649.65,87401.64,10512.14,26668.91,36553.05,145121.35,85009.13,54248.01,38.3,-3471.7,-2.39,2392.51,2.81
2020-06-01,Company_A,India,Operations,217922.54,137310.07,5060.29,45519.33,57528.53,223263.62,132288.29,80612.48,36.99,-5341.08,-2.39,5021.78,3.8
2020-06-01,Company_A,India,Sales,381364.45,210823.71,9917.2,85608.46,70301.2,390711.33,209519.19,170540.74,44.72,-9346.88,-2.39,1304.52,0.62
2020-06-01,Company_A,India,Technology,239714.8,157760.09,6480.03,56599.6,62785.83,245589.98,151836.23,81954.71,34.19,-5875.18,-2.39,5923.86,3.9
2020-06-01,Company_B,USA,HR,147529.29,76287.19,3482.71,25750.56,28996.88,146867.74,75578.07,71242.11,48.29,661.55,0.45,709.12,0.94
2020-06-01,Company_B,USA,Marketing,191788.08,126775.2,15419.81,43797.45,51200.7,190928.06,125943.65,65012.88,33.9,860.02,0.45,831.55,0.66
2020-06-01,Company_B,USA,Operations,295058.58,171126.77,7950.72,66464.79,64725.1,293735.47,164399.06,123931.81,42.0,1323.11,0.45,6727.72,4.09
2020-06-01,Company_B,USA,Sales,516352.52,322495.3,13944.11,112693.58,130701.76,514037.08,317434.18,193857.22,37.54,2315.44,0.45,5061.13,1.59
2020-06-01,Company_B,USA,Technology,324564.44,193951.95,8591.63,77256.99,69510.06,323109.02,188378.55,130612.5,40.24,1455.42,0.45,5573.4,2.96
2020-06-01,Company_C,UK,HR,85149.59,46515.83,1585.86,15201.47,22226.63,89118.09,44542.1,38633.76,45.37,-3968.5,-4.45,1973.73,4.43
2020-06-01,Company_C,UK,Marketing,110694.47,80602.82,12832.59,25927.23,27901.5,115853.52,79052.17,30091.65,27.18,-5159.05,-4.45,1550.64,1.96
2020-06-01,Company_C,UK,Operations,170299.18,88827.2,5811.36,36153.24,30705.3,178236.18,85572.36,81471.98,47.84,-7937.0,-4.45,3254.84,3.8
2020-06-01,Company_C,UK,Sales,298023.56,148364.75,4561.34,54715.48,60204.61,311913.31,135354.85,149658.81,50.22,-13889.75,-4.45,13009.9,9.61
2020-06-01,Company_C,UK,Technology,187329.1,113058.75,3450.99,36620.59,50077.83,196059.8,111478.41,74270.34,39.65,-8730.7,-4.45,1580.34,1.42
2020-06-01,Company_D,Germany,HR,133360.11,85586.17,4437.73,26789.43,36911.57,132700.12,84120.17,47773.95,35.82,659.99,0.5,1465.99,1.74
2020-06-01,Company_D,Germany,Marketing,173368.15,114355.06,17624.84,28422.56,45634.41,172510.16,112903.23,59013.09,34.04,857.99,0.5,1451.83,1.29
2020-06-01,Company_D,Germany,Operations,266720.23,160192.45,7851.46,54392.91,74504.9,265400.24,153413.21,106527.78,39.94,1319.98,0.5,6779.24,4.42
2020-06-01,Company_D,Germany,Sales,466760.4,254432.47,10885.51,104263.91,88377.9,464450.43,246630.48,212327.93,45.49,2309.97,0.5,7801.99,3.16
2020-06-01,Company_D,Germany,Technology,293392.25,152675.0,5157.47,49074.86,59840.57,291940.27,144948.17,140717.25,47.96,1451.98,0.5,7726.83,5.33
2020-07-01,Company_A,India,HR,98461.79,54596.16,1681.94,16765.24,24855.09,101685.97,52986.76,43865.63,44.55,-3224.18,-3.17,1609.4,3.04
2020-07-01,Company_A,India,Marketing,128000.33,87812.17,13191.18,24864.83,31903.26,132191.77,89654.29,40188.16,31.4,-4191.44,-3.17,-1842.12,-2.05
2020-07-01,Company_A,India,Operations,196923.58,118047.49,4910.36,40873.09,54898.07,203371.95,113314.75,78876.09,40.05,-6448.36,-3.17,4732.74,4.18
2020-07-01,Company_A,India,Sales,344616.27,185618.15,11115.92,75453.7,69500.14,355900.91,182109.09,158998.13,46.14,-11284.64,-3.17,3509.06,1.93
2020-07-01,Company_A,India,Technology,216615.94,117221.83,5617.71,45179.05,44015.21,223709.14,114446.6,99394.11,45.88,-7093.2,-3.17,2775.23,2.42
2020-07-01,Company_B,USA,HR,154455.42,88936.01,3489.88,26767.19,37334.87,160519.75,87948.08,65519.41,42.42,-6064.33,-3.78,987.93,1.12
2020-07-01,Company_B,USA,Marketing,200792.04,126227.3,18462.48,36990.31,47475.6,208675.68,124848.63,74564.74,37.14,-7883.63,-3.78,1378.67,1.1
2020-07-01,Company_B,USA,Operations,308910.84,169599.77,7893.22,72412.78,63601.78,321039.5,163628.9,139311.06,45.1,-12128.67,-3.78,5970.87,3.65
2020-07-01,Company_B,USA,Sales,540593.96,258635.1,10398.28,94992.61,99550.23,561819.13,260683.71,281958.86,52.16,-21225.17,-3.78,-2048.61,-0.79
2020-07-01,Company_B,USA,Technology,339801.92,215953.92,8056.0,72498.17,93551.55,353143.45,212641.28,123848.0,36.45,-13341.53,-3.78,3312.65,1.56
2020-07-01,Company_C,UK,HR,88039.34,54283.23,1764.66,16335.29,24262.93,90127.81,54813.97,33756.11,38.34,-2088.47,-2.32,-530.74,-0.97
2020-07-01,Company_C,UK,Marketing,114451.14,73990.93,11342.2,20010.88,28757.01,117166.16,73373.9,40460.22,35.35,-2715.01,-2.32,617.03,0.84
2020-07-01,Company_C,UK,Operations,176078.68,87642.77,5223.65,30332.93,31701.39,180255.63,85368.86,88435.92,50.23,-4176.94,-2.32,2273.91,2.66
2020-07-01,Company_C,UK,Sales,308137.7,185558.14,10649.2,53882.98,86102.55,315447.35,179453.71,122579.56,39.78,-7309.65,-2.32,6104.42,3.4
2020-07-01,Company_C,UK,Technology,193686.55,108763.38,4103.54,37567.33,40299.11,198281.19,104071.89,84923.18,43.85,-4594.64,-2.32,4691.49,4.51
2020-07-01,Company_D,Germany,HR,114773.79,59246.88,3074.27,21960.61,23823.43,115885.88,57496.68,55526.9,48.38,-1112.09,-0.96,1750.2,3.04
2020-07-01,Company_D,Germany,Marketing,149205.92,82244.72,8985.88,25565.88,34797.17,150651.64,80083.49,66961.21,44.88,-1445.72,-0.96,2161.22,2.7
2020-07-01,Company_D,Germany,Operations,229547.57,129611.34,7394.21,39631.53,51591.79,231771.76,121322.01,99936.24,43.54,-2224.18,-0.96,8289.32,6.83
2020-07-01,Company_D,Germany,Sales,401708.25,233668.72,9665.22,81888.07,107567.76,405600.58,234035.32,168039.53,41.83,-3892.32,-0.96,-366.59,-0.16
2020-07-01,Company_D,Germany,Technology,252502.33,132585.28,5407.41,42319.12,55226.18,254948.93,127182.2,119917.05,47.49,-2446.6,-0.96,5403.08,4.25
2020-08-01,Company_A,India,HR,105371.64,58804.42,3598.71,21599.47,20814.09,106473.62,57546.34,46567.22,44.19,-1101.97,-1.03,1258.08,2.19
2020-08-01,Company_A,India,Marketing,136983.13,95731.88,13658.64,32811.73,32297.66,138415.7,92129.94,41251.26,30.11,-1432.57,-1.03,3601.94,3.91
2020-08-01,Company_A,India,Operations,210743.28,117508.92,4528.17,42704.31,44951.58,212947.23,117607.42,93234.37,44.24,-2203.95,-1.03,-98.5,-0.08
2020-08-01,Company_A,India,Sales,368800.75,183780.2,8150.47,65695.4,68944.49,372657.66,175442.29,185020.54,50.17,-3856.91,-1.03,8337.91,4.75
2020-08-01,Company_A,India,Technology,231817.61,118734.21,7188.0,38344.72,47145.03,234241.96,117341.7,113083.4,48.78,-2424.34,-1.03,1392.51,1.19
2020-08-01,Company_B,USA,HR,144943.89,81510.82,2280.58,31738.45,32971.39,150401.9,79938.59,63433.08,43.76,-5458.01,-3.63,1572.23,1.97
2020-08-01,Company_B,USA,Marketing,188427.06,114612.62,14434.5,36746.55,44434.33,195522.47,106403.25,73814.44,39.17,-7095.41,-3.63,8209.37,7.72
2020-08-01,Company_B,USA,Operations,289887.79,154998.51,4840.93,50690.4,64826.04,300803.81,149774.29,134889.27,46.53,-10916.02,-3.63,5224.23,3.49
2020-08-01,Company_B,USA,Sales,507303.62,285196.81,14373.8,88961.71,122938.92,526406.66,289812.05,222106.82,43.78,-19103.04,-3.63,-4615.24,-1.59
2020-08-01,Company_B,USA,Technology,318876.56,175177.72,8154.67,63514.75,68062.37,330884.19,174096.65,143698.85,45.06,-12007.62,-3.63,1081.07,0.62
2020-08-01,Company_C,UK,HR,86598.6,50213.39,2188.58,16613.46,22542.01,83957.83,50572.89,36385.21,42.02,2640.78,3.15,-359.5,-0.71
2020-08-01,Company_C,UK,Marketing,112578.18,75358.11,12686.09,22252.32,26859.49,109145.17,74921.54,37220.08,33.06,3433.01,3.15,436.56,0.58
2020-08-01,Company_C,UK,Operations,173197.2,95546.59,3719.91,35212.17,33535.32,167915.65,94315.84,77650.61,44.83,5281.55,3.15,1230.75,1.3
2020-08-01,Company_C,UK,Sales,303095.11,154930.43,7131.26,52296.34,70845.96,293852.39,146410.49,148164.68,48.88,9242.72,3.15,8519.94,5.82
2020-08-01,Company_C,UK,Technology,190516.92,112837.49,5834.99,37251.59,47249.07,184707.22,114626.84,77679.43,40.77,5809.71,3.15,-1789.35,-1.56
2020-08-01,Company_D,Germany,HR,126803.28,72335.48,4372.79,28961.03,28397.5,129423.22,67525.78,54467.81,42.95,-2619.93,-2.02,4809.7,7.12
2020-08-01,Company_D,Germany,Marketing,164844.27,97551.99,16065.3,29153.44,30870.09,168250.18,99097.3,67292.28,40.82,-3405.91,-2.02,-1545.31,-1.56
2020-08-01,Company_D,Germany,Operations,253606.57,166827.1,5473.52,60050.67,68116.79,258846.43,163321.2,86779.47,34.22,-5239.86,-2.02,3505.9,2.15
2020-08-01,Company_D,Germany,Sales,443811.49,248356.42,7367.56,94240.93,90640.94,452981.25,245970.98,195455.07,44.04,-9169.76,-2.02,2385.45,0.97
2020-08-01,Company_D,Germany,Technology,278967.22,164846.79,9361.97,56433.64,62174.86,284731.07,163121.03,114120.43,40.91,-5763.85,-2.02,1725.76,1.06
2020-09-01,Company_A,India,HR,110553.13,58984.61,3225.38,24604.95,20299.33,109409.69,56645.89,51568.52,46.65,1143.44,1.05,2338.72,4.13
2020-09-01,Company_A,India,Marketing,143719.07,85481.46,15135.95,24019.76,27704.92,142232.6,84612.36,58237.61,40.52,1486.47,1.05,869.09,1.03
2020-09-01,Company_A,India,Operations,221106.26,140945.6,7415.91,52932.55,51737.92,218819.39,146299.17,80160.66,36.25,2286.87,1.05,-5353.57,-3.66
2020-09-01,Company_A,India,Sales,386935.95,212122.99,9289.33,64902.36,98907.15,382933.93,213667.83,174812.96,45.18,4002.03,1.05,-1544.84,-0.72
2020-09-01,Company_A,India,Technology,243216.88,136917.39,4789.63,56955.13,53491.08,240701.33,136264.09,106299.49,43.71,2515.56,1.05,653.31,0.48
2020-09-01,Company_B,USA,HR,159145.06,87134.14,3780.97,26038.06,42077.85,164558.57,84263.74,72010.92,45.25,-5413.51,-3.29,2870.4,3.41
2020-09-01,Company_B,USA,Marketing,206888.58,119287.05,13068.04,33705.64,54497.85,213926.14,117493.8,87601.53,42.34,-7037.56,-3.29,1793.24,1.53
2020-09-01,Company_B,USA,Operations,318290.12,177155.42,6301.0,72251.16,63497.55,329117.14,169249.89,141134.7,44.34,-10827.02,-3.29,7905.53,4.67
2020-09-01,Company_B,USA,Sales,557007.71,336341.45,9306.52,110733.93,154428.24,575954.99,318121.35,220666.25,39.62,-18947.28,-3.29,18220.11,5.73
2020-09-01,Company_B,USA,Technology,350119.13,173701.82,8256.86,69561.62,65643.69,362028.85,172801.03,176417.31,50.39,-11909.72,-3.29,900.79,0.52
2020-09-01,Company_C,UK,HR,86643.61,44968.93,1971.6,16588.23,18081.37,88325.64,42996.35,41674.68,48.1,-1682.03,-1.9,1972.58,4.59
2020-09-01,Company_C,UK,Marketing,112636.69,75331.25,12839.97,26303.27,25322.54,114823.33,71888.76,37305.44,33.12,-2186.64,-1.9,3442.49,4.79
2020-09-01,Company_C,UK,Operations,173287.22,101393.25,5709.53,30090.01,42561.87,176651.28,106806.14,71893.97,41.49,-3364.06,-1.9,-5412.89,-5.07
2020-09-01,Company_C,UK,Sales,303252.64,181830.3,5100.93,70708.43,74242.59,309139.74,185837.35,121422.34,40.04,-5887.1,-1.9,-4007.05,-2.16
2020-09-01,Company_C,UK,Technology,190615.95,110392.85,5122.63,31521.68,49027.03,194316.41,105745.68,80223.09,42.09,-3700.46,-1.9,4647.18,4.39
2020-09-01,Company_D,Germany,HR,128929.7,70968.19,2346.37,28967.52,26788.55,137233.33,71753.86,57961.51,44.96,-8303.63,-6.05,-785.67,-1.09
2020-09-01,Company_D,Germany,Marketing,167608.61,107679.22,11017.28,36558.0,36807.26,178403.33,108743.03,59929.4,35.76,-10794.72,-6.05,-1063.81,-0.98
2020-09-01,Company_D,Germany,Operations,257859.41,146342.47,4934.61,52752.24,62492.43,274466.66,142822.7,111516.94,43.25,-16607.26,-6.05,3519.76,2.46
2020-09-01,Company_D,Germany,Sales,451253.96,247096.43,9559.99,88369.65,103896.65,480316.66,243832.81,204157.53,45.24,-29062.7,-6.05,3263.63,1.34
2020-09-01,Company_D,Germany,Technology,283645.35,167609.0,7338.15,65280.36,57814.37,301913.33,170922.61,116036.35,40.91,-18267.98,-6.05,-3313.61,-1.94
2020-10-01,Company_A,India,HR,107304.13,63915.3,3703.3,20139.7,26192.64,105060.93,61201.35,43388.83,40.44,2243.21,2.14,2713.95,4.43
2020-10-01,Company_A,India,Marketing,139495.37,82825.92,10919.8,31135.71,26237.95,136579.2,82280.33,56669.45,40.62,2916.17,2.14,545.6,0.66
2020-10-01,Company_A,India,Operations,214608.27,132664.51,6987.53,40872.11,57258.7,210121.85,129683.24,81943.76,38.18,4486.41,2.14,2981.27,2.3
2020-10-01,Company_A,India,Sales,375564.46,212833.42,8992.53,72017.69,90157.79,367713.24,211279.69,162731.04,43.33,7851.23,2.14,1553.73,0.74
2020-10-01,Company_A,India,Technology,236069.09,157881.1,5887.39,55134.26,65914.22,231134.04,155046.46,78187.99,33.12,4935.06,2.14,2834.64,1.83
2020-10-01,Company_B,USA,HR,153475.06,90528.29,4175.64,35763.38,36011.5,165637.72,87158.63,62946.77,41.01,-12162.66,-7.34,3369.66,3.87
2020-10-01,Company_B,USA,Marketing,199517.58,128652.86,15345.91,44017.99,42258.61,215329.03,126008.08,70864.71,35.52,-15811.45,-7.34,2644.78,2.1
2020-10-01,Company_B,USA,Operations,306950.12,167262.61,8476.55,56115.54,69237.19,331275.43,167271.51,139687.52,45.51,-24325.31,-7.34,-8.9,-0.01
2020-10-01,Company_B,USA,Sales,537162.71,282156.44,11628.79,110479.63,113638.55,579732.01,266470.78,255006.27,47.47,-42569.29,-7.34,15685.66,5.89
2020-10-01,Company_B,USA,Technology,337645.13,202914.53,5736.55,63931.03,86659.86,364402.98,206965.41,134730.6,39.9,-26757.84,-7.34,-4050.87,-1.96
2020-10-01,Company_C,UK,HR,95689.89,55323.72,2802.09,18513.03,25465.3,96871.21,54607.33,40366.17,42.18,-1181.32,-1.22,716.39,1.31
2020-10-01,Company_C,UK,Marketing,124396.86,80313.87,11515.48,27270.91,28980.05,125932.57,82995.52,44082.99,35.44,-1535.71,-1.22,-2681.65,-3.23
2020-10-01,Company_C,UK,Operations,191379.78,114388.23,2907.21,43594.09,42158.86,193742.42,112552.57,76991.55,40.23,-2362.64,-1.22,1835.66,1.63
2020-10-01,Company_C,UK,Sales,334914.62,192160.43,10170.83,60819.79,89925.09,339049.23,187454.84,142754.18,42.62,-4134.61,-1.22,4705.6,2.51
2020-10-01,Company_C,UK,Technology,210517.76,129387.54,5138.0,41489.65,56283.51,213116.66,133476.9,81130.22,38.54,-2598.9,-1.22,-4089.36,-3.06
2020-10-01,Company_D,Germany,HR,135967.87,69255.95,3529.37,23814.57,24800.01,139591.04,67438.58,66711.91,49.06,-3623.18,-2.6,1817.37,2.69
2020-10-01,Company_D,Germany,Marketing,176758.22,108597.75,15007.6,34839.48,34451.87,181468.35,109084.43,68160.47,38.56,-4710.13,-2.6,-486.68,-0.45
2020-10-01,Company_D,Germany,Operations,271935.73,159567.34,9393.97,50719.15,72428.54,279182.08,159276.82,112368.39,41.32,-7246.35,-2.6,290.53,0.18
2020-10-01,Company_D,Germany,Sales,475887.53,264051.8,11298.31,107010.76,91555.08,488568.64,269762.86,211835.73,44.51,-12681.11,-2.6,-5711.06,-2.12
2020-10-01,Company_D,Germany,Technology,299129.3,186573.64,9231.09,70649.59,71153.91,307100.29,182277.69,112555.66,37.63,-7970.99,-2.6,4295.96,2.36
2020-11-01,Company_A,India,HR,119493.72,61713.07,3346.3,25041.94,23325.47,124924.01,60149.51,57780.65,48.35,-5430.29,-4.35,1563.57,2.6
2020-11-01,Company_A,India,Marketing,155341.84,92979.19,10305.36,30316.66,37916.24,162401.21,86527.68,62362.64,40.15,-7059.38,-4.35,6451.52,7.46
2020-11-01,Company_A,India,Operations,238987.44,154283.57,6211.42,56651.78,66099.68,249848.02,151446.58,84703.87,35.44,-10860.58,-4.35,2836.99,1.87
2020-11-01,Company_A,India,Sales,418228.02,228534.12,12670.72,87200.64,82593.28,437234.04,217878.07,189693.9,45.36,-19006.02,-4.35,10656.05,4.89
2020-11-01,Company_A,India,Technology,262886.18,125254.06,4301.72,49791.37,47998.07,274832.82,121793.21,137632.12,52.35,-11946.64,-4.35,3460.85,2.84
2020-11-01,Company_B,USA,HR,168184.73,100964.3,3201.55,31076.39,45558.33,170644.01,95943.27,67220.43,39.97,-2459.28,-1.44,5021.04,5.23
2020-11-01,Company_B,USA,Marketing,218640.15,143444.86,24915.12,46328.68,52987.56,221837.22,139726.01,75195.29,34.39,-3197.06,-1.44,3718.85,2.66
2020-11-01,Company_B,USA,Operations,336369.47,197693.93,5893.97,69310.01,80113.84,341288.03,198494.52,138675.54,41.23,-4918.56,-1.44,-800.6,-0.4
2020-11-01,Company_B,USA,Sales,588646.56,294883.65,14889.72,120518.0,111818.11,597254.05,288216.75,293762.92,49.9,-8607.48,-1.44,6666.9,2.31
2020-11-01,Company_B,USA,Technology,370006.41,225377.11,6140.0,77056.44,91876.82,375416.83,223085.63,144629.3,39.09,-5410.42,-1.44,2291.48,1.03
2020-11-01,Company_C,UK,HR,88197.7,48696.03,2534.37,16111.68,21822.05,87826.88,47614.32,39501.67,44.79,370.82,0.42,1081.71,2.27
2020-11-01,Company_C,UK,Marketing,114657.01,68489.69,11037.95,18532.26,23814.55,114174.94,67134.95,46167.32,40.27,482.07,0.42,1354.75,2.02
2020-11-01,Company_C,UK,Operations,176395.41,92569.88,2990.63,41746.83,32015.74,175653.76,93500.05,83825.53,47.52,741.64,0.42,-930.17,-0.99
2020-11-01,Company_C,UK,Sales,308691.96,188817.3,6173.02,66367.9,75328.58,307394.08,188931.07,119874.66,38.83,1297.88,0.42,-113.78,-0.06
2020-11-01,Company_C,UK,Technology,194034.95,115820.05,3322.24,46462.27,39448.34,193219.14,113028.35,78214.9,40.31,815.81,0.42,2791.7,2.47
2020-11-01,Company_D,Germany,HR,149432.72,91203.67,4624.16,35618.2,31407.46,157616.14,87559.62,58229.05,38.97,-8183.42,-5.19,3644.06,4.16
2020-11-01,Company_D,Germany,Marketing,194262.54,123431.96,19341.54,42624.79,42871.1,204900.99,120494.43,70830.58,36.46,-10638.45,-5.19,2937.53,2.44
2020-11-01,Company_D,Germany,Operations,298865.45,160127.56,9558.14,51095.46,72220.22,315232.29,157627.98,138737.89,46.42,-16366.84,-5.19,2499.58,1.59
2020-11-01,Company_D,Germany,Sales,523014.53,244836.9,10052.74,85846.39,98030.23,551656.51,246242.29,278177.63,53.19,-28641.97,-5.19,-1405.39,-0.57
2020-11-01,Company_D,Germany,Technology,328751.99,176516.92,8542.63,68699.96,68151.23,346755.52,181735.07,152235.07,46.31,-18003.52,-5.19,-5218.15,-2.87
2020-12-01,Company_A,India,HR,135762.21,81385.92,3160.9,25716.18,35672.04,139660.85,79300.88,54376.3,40.05,-3898.64,-2.79,2085.04,2.63
2020-12-01,Company_A,India,Marketing,176490.88,108364.62,15101.44,35679.98,34075.28,181559.11,102494.3,68126.25,38.6,-5068.23,-2.79,5870.32,5.73
2020-12-01,Company_A,India,Operations,271524.42,157614.8,7413.81,61124.93,57189.93,279321.71,154474.51,113909.62,41.95,-7797.28,-2.79,3140.29,2.03
2020-12-01,Company_A,India,Sales,475167.74,256583.9,9400.53,113419.84,92289.42,488812.99,249289.96,218583.84,46.0,-13645.24,-2.79,7293.95,2.93
2020-12-01,Company_A,India,Technology,298676.87,159564.1,5083.75,55034.8,74435.09,307253.88,157013.37,139112.76,46.58,-8577.01,-2.79,2550.74,1.62
2020-12-01,Company_B,USA,HR,179717.41,99226.0,5677.51,34332.82,34751.88,186780.34,97439.44,80491.41,44.79,-7062.92,-3.78,1786.56,1.83
2020-12-01,Company_B,USA,Marketing,233632.64,134882.77,14500.61,37773.9,52469.81,242814.44,135083.7,98749.86,42.27,-9181.8,-3.78,-200.92,-0.15
2020-12-01,Company_B,USA,Operations,359434.82,195223.26,10920.07,63362.17,79992.42,373560.67,189827.2,164211.56,45.69,-14125.85,-3.78,5396.06,2.84
2020-12-01,Company_B,USA,Sales,629010.94,340628.71,12275.65,124501.79,152008.17,653731.17,327814.87,288382.23,45.85,-24720.23,-3.78,12813.84,3.91
2020-12-01,Company_B,USA,Technology,395378.31,215220.17,9635.82,73577.38,77018.05,410916.74,208826.27,180158.13,45.57,-15538.43,-3.78,6393.91,3.06
2020-12-01,Company_C,UK,HR,102039.48,56167.1,1945.97,20711.32,19956.39,106860.99,52085.31,45872.39,44.96,-4821.51,-4.51,4081.79,7.84
2020-12-01,Company_C,UK,Marketing,132651.33,76716.39,11244.26,23314.3,26898.75,138919.29,73575.99,55934.94,42.17,-6267.97,-4.51,3140.4,4.27
2020-12-01,Company_C,UK,Operations,204078.96,113614.22,3433.17,39838.19,51399.4,213721.99,116093.48,90464.74,44.33,-9643.03,-4.51,-2479.26,-2.14
2020-12-01,Company_C,UK,Sales,357138.18,216095.89,8621.49,80009.36,85945.74,374013.48,208493.3,141042.29,39.49,-16875.29,-4.51,7602.59,3.65
2020-12-01,Company_C,UK,Technology,224486.86,124168.05,5275.45,50772.79,46591.05,235094.19,114388.4,100318.81,44.69,-10607.33,-4.51,9779.65,8.55
2020-12-01,Company_D,Germany,HR,153418.61,80353.38,3137.51,32075.42,31821.69,152308.25,82781.01,73065.23,47.62,1110.37,0.73,-2427.62,-2.93
2020-12-01,Company_D,Germany,Marketing,199444.2,129214.43,23013.59,37137.26,41272.12,198000.72,125239.7,70229.77,35.21,1443.48,0.73,3974.73,3.17
2020-12-01,Company_D,Germany,Operations,306837.23,181012.46,7387.74,57660.73,73486.55,304616.49,180768.21,125824.76,41.01,2220.73,0.73,244.26,0.14
2020-12-01,Company_D,Germany,Sales,536965.15,286897.36,15816.44,90684.93,111018.18,533078.86,278996.35,250067.79,46.57,3886.29,0.73,7901.01,2.83
2020-12-01,Company_D,Germany,Technology,337520.95,206430.63,5580.03,80886.46,76719.7,335078.14,205766.29,131090.32,38.84,2442.81,0.73,664.34,0.32
2021-01-01,Company_A,India,HR,89613.29,50610.57,2197.35,19624.29,19498.85,86048.83,51459.78,39002.72,43.52,3564.46,4.14,-849.21,-1.65
2021-01-01,Company_A,India,Marketing,116497.28,64262.99,10402.56,19553.67,22717.54,111863.48,62723.04,52234.29,44.84,4633.8,4.14,1539.95,2.46
2021-01-01,Company_A,India,Operations,179226.59,101330.13,4437.13,42434.79,34227.55,172097.66,102334.74,77896.46,43.46,7128.93,4.14,-1004.62,-0.98
2021-01-01,Company_A,India,Sales,313646.53,164974.06,6334.49,50665.01,80302.6,301170.91,155575.03,148672.47,47.4,12475.62,4.14,9399.03,6.04
2021-01-01,Company_A,India,Technology,197149.25,115622.77,3908.29,31735.05,54726.14,189307.43,113840.33,81526.48,41.35,7841.82,4.14,1782.44,1.57
2021-01-01,Company_B,USA,HR,117879.01,69923.93,2283.96,27797.63,25063.68,125012.17,71250.37,47955.08,40.68,-7133.17,-5.71,-1326.44,-1.86
2021-01-01,Company_B,USA,Marketing,153242.71,102367.95,13189.88,34348.93,40908.66,162515.82,100942.79,50874.76,33.2,-9273.12,-5.71,1425.16,1.41
2021-01-01,Company_B,USA,Operations,235758.01,138238.24,8171.12,43464.17,57590.43,250024.34,135256.99,97519.77,41.36,-14266.33,-5.71,2981.24,2.2
2021-01-01,Company_B,USA,Sales,412576.52,243763.24,8462.5,96977.96,87968.43,437542.6,242516.94,168813.28,40.92,-24966.08,-5.71,1246.3,0.51
2021-01-01,Company_B,USA,Technology,259333.81,142905.33,4220.89,56815.81,56722.09,275026.78,137939.75,116428.48,44.9,-15692.97,-5.71,4965.58,3.6
2021-01-01,Company_C,UK,HR,68645.2,36384.79,1861.96,11950.82,14668.94,67819.49,35131.23,32260.41,47.0,825.71,1.22,1253.56,3.57
2021-01-01,Company_C,UK,Marketing,89238.76,51824.67,6124.46,18088.52,16145.45,88165.34,49815.52,37414.09,41.93,1073.42,1.22,2009.15,4.03
2021-01-01,Company_C,UK,Operations,137290.41,69281.27,2647.44,27432.27,25537.02,135638.99,68661.75,68009.14,49.54,1651.42,1.22,619.52,0.9
2021-01-01,Company_C,UK,Sales,240258.21,128960.02,5996.73,39125.8,56560.86,237368.23,123582.63,111298.19,46.32,2889.98,1.22,5377.38,4.35
2021-01-01,Company_C,UK,Technology,151019.45,86725.26,4714.01,27210.36,41487.62,149202.89,86198.7,64294.19,42.57,1816.56,1.22,526.56,0.61
2021-01-01,Company_D,Germany,HR,104542.75,50813.39,1730.49,16841.08,22912.58,105056.49,51660.0,53729.36,51.39,-513.74,-0.49,-846.6,-1.64
2021-01-01,Company_D,Germany,Marketing,135905.58,82729.44,13645.4,23245.59,32564.85,136573.44,75396.93,53176.14,39.13,-667.86,-0.49,7332.52,9.73
2021-01-01,Company_D,Germany,Operations,209085.51,97350.12,3198.63,33926.46,40341.02,210112.98,94212.0,111735.39,53.44,-1027.48,-0.49,3138.12,3.33
2021-01-01,Company_D,Germany,Sales,365899.63,208409.3,9937.62,80874.22,69615.5,367697.72,206689.99,157490.33,43.04,-1798.08,-0.49,1719.31,0.83
2021-01-01,Company_D,Germany,Technology,229994.06,133030.06,4255.69,49130.14,52295.67,231124.28,130713.28,96963.99,42.16,-1130.22,-0.49,2316.78,1.77
2021-02-01,Company_A,India,HR,94475.87,54875.68,1440.02,15654.7,26042.29,95257.49,54031.53,39600.19,41.92,-781.62,-0.82,844.15,1.56
2021-02-01,Company_A,India,Marketing,122818.63,77166.38,12803.35,21126.47,28398.39,123834.73,74918.29,45652.25,37.17,-1016.1,-0.82,2248.09,3.0
2021-02-01,Company_A,India,Operations,188951.74,101274.72,5154.35,39856.27,35270.72,190514.97,100007.0,87677.02,46.4,-1563.23,-0.82,1267.73,1.27
2021-02-01,Company_A,India,Sales,330665.55,190040.83,7853.99,71109.88,67940.88,333401.21,191180.62,140624.72,42.53,-2735.66,-0.82,-1139.79,-0.6
2021-02-01,Company_A,India,Technology,207846.92,112339.01,6866.27,33894.45,47004.11,209566.47,112176.39,95507.91,45.95,-1719.56,-0.82,162.62,0.14
2021-02-01,Company_B,USA,HR,119644.4,68027.95,2675.85,19510.66,33249.56,127509.95,68830.49,51616.46,43.14,-7865.55,-6.17,-802.55,-1.17
2021-02-01,Company_B,USA,Marketing,155537.72,95132.57,13165.32,33609.81,35845.8,165762.94,95775.58,60405.16,38.84,-10225.21,-6.17,-643.01,-0.67
2021-02-01,Company_B,USA,Operations,239288.8,131783.43,6450.31,41191.04,58978.45,255019.9,129831.72,107505.38,44.93,-15731.1,-6.17,1951.7,1.5
2021-02-01,Company_B,USA,Sales,418755.41,214774.25,6770.92,74650.06,87935.68,446284.83,208477.74,203981.15,48.71,-27529.42,-6.17,6296.51,3.02
2021-02-01,Company_B,USA,Technology,263217.68,131340.19,5816.04,45652.9,57907.44,280521.89,131858.3,131877.49,50.1,-17304.21,-6.17,-518.11,-0.39
2021-02-01,Company_C,UK,HR,77134.58,46070.61,1603.62,17314.99,19006.93,77836.08,44812.09,31063.97,40.27,-701.49,-0.9,1258.52,2.81
2021-02-01,Company_C,UK,Marketing,100274.96,63762.24,9051.35,18150.84,25510.44,101186.9,62728.35,36512.71,36.41,-911.94,-0.9,1033.89,1.65
2021-02-01,Company_C,UK,Operations,154269.16,88293.3,4869.9,36134.78,32751.02,155672.15,84334.24,65975.87,42.77,-1402.99,-0.9,3959.06,4.69
2021-02-01,Company_C,UK,Sales,269971.04,137553.49,7603.92,52439.59,55716.79,272426.26,132859.27,132417.55,49.05,-2455.23,-0.9,4694.22,3.53
2021-02-01,Company_C,UK,Technology,169696.08,105260.01,4601.34,34196.3,46884.83,171239.37,109812.32,64436.07,37.97,-1543.29,-0.9,-4552.31,-4.15
2021-02-01,Company_D,Germany,HR,102953.13,59770.71,2808.65,22261.36,23784.88,101582.32,58008.03,43182.43,41.94,1370.82,1.35,1762.67,3.04
2021-02-01,Company_D,Germany,Marketing,133839.08,85048.91,15179.88,24390.0,31452.03,132057.01,83752.38,48790.17,36.45,1782.06,1.35,1296.52,1.55
2021-02-01,Company_D,Germany,Operations,205906.27,103977.51,5582.24,33570.92,47045.01,203164.64,104852.1,101928.76,49.5,2741.63,1.35,-874.6,-0.83
2021-02-01,Company_D,Germany,Sales,360335.97,218386.92,9830.19,67565.08,95880.18,355538.11,215489.51,141949.05,39.39,4797.86,1.35,2897.41,1.34
2021-02-01,Company_D,Germany,Technology,226496.9,130414.2,5038.62,46266.97,49037.74,223481.1,131889.01,96082.7,42.42,3015.8,1.35,-1474.81,-1.12
2021-03-01,Company_A,India,HR,95738.56,53150.85,3290.51,15639.48,24879.71,95806.5,52163.59,42587.71,44.48,-67.94,-0.07,987.26,1.89
2021-03-01,Company_A,India,Marketing,124460.12,83623.22,13252.27,26037.19,30416.86,124548.45,81426.37,40836.91,32.81,-88.32,-0.07,2196.85,2.7
2021-03-01,Company_A,India,Operations,191477.11,107112.83,5817.93,35162.01,46426.76,191613.0,104106.49,84364.28,44.06,-135.88,-0.07,3006.34,2.89
2021-03-01,Company_A,India,Sales,335084.95,186212.78,10217.77,62988.02,82476.82,335322.74,188008.36,148872.17,44.43,-237.79,-0.07,-1795.58,-0.96
2021-03-01,Company_A,India,Technology,210624.83,110138.12,3247.6,38166.0,39643.21,210774.3,109914.96,100486.71,47.71,-149.47,-0.07,223.16,0.2
2021-03-01,Company_B,USA,HR,142744.44,82827.75,3604.63,33937.15,29846.1,146328.14,80275.05,59916.69,41.97,-3583.71,-2.45,2552.7,3.18
2021-03-01,Company_B,USA,Marketing,185567.77,112259.77,20335.98,32719.23,43751.1,190226.59,109405.19,73308.0,39.5,-4658.82,-2.45,2854.57,2.61
2021-03-01,Company_B,USA,Operations,285488.88,158019.92,7026.22,65387.45,53350.85,292656.29,158771.17,127468.96,44.65,-7167.41,-2.45,-751.25,-0.47
2021-03-01,Company_B,USA,Sales,499605.54,317581.65,13310.19,108604.73,129787.76,512148.51,299170.56,182023.88,36.43,-12542.97,-2.45,18411.09,6.15
2021-03-01,Company_B,USA,Technology,314037.77,175838.6,10782.21,59944.81,78420.45,321921.92,160757.23,138199.16,44.01,-7884.15,-2.45,15081.37,9.38
2021-03-01,Company_C,UK,HR,90622.43,48851.2,2430.05,15150.81,21743.62,93469.68,47100.78,41771.23,46.09,-2847.25,-3.05,1750.43,3.72
2021-03-01,Company_C,UK,Marketing,117809.16,72299.67,14010.41,22486.09,25813.07,121510.58,67912.32,45509.49,38.63,-3701.42,-3.05,4387.35,6.46
2021-03-01,Company_C,UK,Operations,181244.87,96307.8,3748.52,34160.57,35815.6,186939.36,93657.35,84937.06,46.86,-5694.49,-3.05,2650.45,2.83
2021-03-01,Company_C,UK,Sales,317178.52,187810.08,7902.29,73162.93,67027.77,327143.87,181581.57,129368.44,40.79,-9965.36,-3.05,6228.51,3.43
2021-03-01,Company_C,UK,Technology,199369.35,114041.74,5879.09,45707.05,43937.24,205633.29,107990.84,85327.61,42.8,-6263.94,-3.05,6050.9,5.6
2021-03-01,Company_D,Germany,HR,109901.53,68585.9,3809.66,26302.49,26761.29,114020.39,70651.06,41315.63,37.59,-4118.86,-3.61,-2065.16,-2.92
2021-03-01,Company_D,Germany,Marketing,142871.98,87770.62,10566.19,26880.81,34530.53,148226.51,87972.23,55101.36,38.57,-5354.52,-3.61,-201.6,-0.23
2021-03-01,Company_D,Germany,Operations,219803.05,102929.53,6649.86,37462.41,41066.94,228040.78,101339.71,116873.52,53.17,-8237.73,-3.61,1589.82,1.57
2021-03-01,Company_D,Germany,Sales,384655.34,223168.05,10299.49,90509.68,81208.14,399071.36,216191.99,161487.29,41.98,-14416.02,-3.61,6976.06,3.23
2021-03-01,Company_D,Germany,Technology,241783.36,133250.68,6912.62,44349.56,51149.01,250844.86,131940.99,108532.67,44.89,-9061.5,-3.61,1309.7,0.99
2021-04-01,Company_A,India,HR,106604.67,67429.95,2580.98,23496.03,28164.94,113343.33,66557.71,39174.72,36.75,-6738.66,-5.95,872.24,1.31
2021-04-01,Company_A,India,Marketing,138586.07,92471.57,13685.19,32007.01,28907.76,147346.33,90235.79,46114.5,33.27,-8760.26,-5.95,2235.78,2.48
2021-04-01,Company_A,India,Operations,213209.34,114974.9,4224.5,50199.3,40968.2,226686.67,109504.37,98234.44,46.07,-13477.33,-5.95,5470.53,5.0
2021-04-01,Company_A,India,Sales,373116.34,203787.48,10495.6,83929.38,71940.4,396701.67,202299.0,169328.86,45.38,-23585.32,-5.95,1488.49,0.74
2021-04-01,Company_A,India,Technology,234530.27,135295.9,4571.54,54937.94,50943.89,249355.33,139544.89,99234.37,42.31,-14825.06,-5.95,-4248.99,-3.04
2021-04-01,Company_B,USA,HR,146831.62,76954.52,2266.63,23955.43,37801.59,149410.81,74290.15,69877.1,47.59,-2579.19,-1.73,2664.37,3.59
2021-04-01,Company_B,USA,Marketing,190881.11,117316.35,12027.52,45562.73,36204.32,194234.05,112487.73,73564.76,38.54,-3352.94,-1.73,4828.62,4.29
2021-04-01,Company_B,USA,Operations,293663.25,163209.73,9638.85,51195.23,66378.33,298821.62,161198.09,130453.51,44.42,-5158.37,-1.73,2011.64,1.25
2021-04-01,Company_B,USA,Sales,513910.68,275066.19,15726.16,94471.56,116741.31,522937.83,267870.58,238844.49,46.48,-9027.15,-1.73,7195.62,2.69
2021-04-01,Company_B,USA,Technology,323029.57,183972.91,6995.07,55979.34,88507.66,328703.78,180250.73,139056.66,43.05,-5674.21,-1.73,3722.18,2.07
2021-04-01,Company_C,UK,HR,85761.67,43871.78,1578.28,16456.36,17621.63,90072.99,43309.74,41889.89,48.84,-4311.32,-4.79,562.04,1.3
2021-04-01,Company_C,UK,Marketing,111490.17,71404.64,12700.77,22504.59,21901.05,117094.89,69321.04,40085.53,35.95,-5604.72,-4.79,2083.59,3.01
2021-04-01,Company_C,UK,Operations,171523.34,86425.82,4260.21,30323.86,31210.57,180145.99,82265.16,85097.52,49.61,-8622.65,-4.79,4160.66,5.06
2021-04-01,Company_C,UK,Sales,300165.84,140315.43,5125.87,51617.7,57739.08,315255.48,149888.64,159850.42,53.25,-15089.64,-4.79,-9573.21,-6.39
2021-04-01,Company_C,UK,Technology,188675.67,98727.12,3571.57,39391.08,38705.5,198160.59,94974.97,89948.55,47.67,-9484.91,-4.79,3752.15,3.95
2021-04-01,Company_D,Germany,HR,120820.43,75306.16,3105.26,26833.15,31382.97,122940.36,75074.58,45514.27,37.67,-2119.94,-1.72,231.58,0.31
2021-04-01,Company_D,Germany,Marketing,157066.55,111052.2,18552.2,31075.23,40394.53,159822.47,111950.13,46014.36,29.3,-2755.92,-1.72,-897.93,-0.8
2021-04-01,Company_D,Germany,Operations,241640.85,127489.1,8347.18,50549.99,46185.16,245880.73,126131.53,114151.75,47.24,-4239.88,-1.72,1357.56,1.08
2021-04-01,Company_D,Germany,Sales,422871.49,207709.45,6963.52,70205.88,84398.35,430291.27,199961.55,215162.04,50.88,-7419.78,-1.72,7747.9,3.87
2021-04-01,Company_D,Germany,Technology,265804.94,145124.37,6568.02,59216.54,56762.02,270468.8,136049.95,120680.57,45.4,-4663.86,-1.72,9074.41,6.67
2021-05-01,Company_A,India,HR,110919.65,52439.57,2687.71,19167.55,20069.04,116946.67,51116.75,58480.08,52.72,-6027.02,-5.15,1322.82,2.59
2021-05-01,Company_A,India,Marketing,144195.54,100476.41,16207.49,31018.02,35130.23,152030.67,94044.0,43719.13,30.32,-7835.13,-5.15,6432.41,6.84
2021-05-01,Company_A,India,Operations,221839.29,131773.71,5733.38,48499.42,53027.3,233893.34,131001.22,90065.58,40.6,-12054.05,-5.15,772.49,0.59
2021-05-01,Company_A,India,Sales,388218.76,238678.88,10055.08,67625.5,108106.1,409313.35,236290.22,149539.89,38.52,-21094.58,-5.15,2388.65,1.01
2021-05-01,Company_A,India,Technology,244023.22,147809.87,4702.38,55008.4,56268.16,257282.68,142446.75,96213.35,39.43,-13259.45,-5.15,5363.12,3.77
2021-05-01,Company_B,USA,HR,160208.29,90294.77,3297.11,29254.68,35325.42,161345.59,88738.4,69913.51,43.64,-1137.3,-0.7,1556.38,1.75
2021-05-01,Company_B,USA,Marketing,208270.77,126815.88,24478.55,37966.83,40463.14,209749.27,126090.43,81454.89,39.11,-1478.5,-0.7,725.45,0.58
2021-05-01,Company_B,USA,Operations,320416.57,190442.3,10534.87,74014.29,68435.1,322691.18,172313.94,129974.27,40.56,-2274.61,-0.7,18128.36,10.52
2021-05-01,Company_B,USA,Sales,560729.0,307723.15,8714.92,108931.78,144864.42,564709.57,304613.6,253005.85,45.12,-3980.57,-0.7,3109.55,1.02
2021-05-01,Company_B,USA,Technology,352458.23,194341.56,9062.0,68597.96,80254.15,354960.3,191735.2,158116.67,44.86,-2502.07,-0.7,2606.36,1.36
2021-05-01,Company_C,UK,HR,79692.78,41612.09,1838.59,15538.7,15436.23,84353.47,40709.86,38080.69,47.78,-4660.69,-5.53,902.23,2.22
2021-05-01,Company_C,UK,Marketing,103600.62,63423.83,6575.25,24000.63,20105.29,109659.51,61155.09,40176.79,38.78,-6058.89,-5.53,2268.74,3.71
2021-05-01,Company_C,UK,Operations,159385.57,92964.32,3894.61,32724.33,36592.05,168706.94,91703.19,66421.25,41.67,-9321.37,-5.53,1261.12,1.38
2021-05-01,Company_C,UK,Sales,278924.74,174203.44,4888.83,65775.65,77365.14,295237.15,167729.44,104721.3,37.54,-16312.4,-5.53,6474.0,3.86
2021-05-01,Company_C,UK,Technology,175324.12,93626.89,5638.04,30058.71,36973.42,185577.63,94477.43,81697.24,46.6,-10253.51,-5.53,-850.54,-0.9
2021-05-01,Company_D,Germany,HR,127452.03,77068.73,2903.78,27240.5,29158.65,124769.42,74761.39,50383.3,39.53,2682.61,2.15,2307.34,3.09
2021-05-01,Company_D,Germany,Marketing,165687.64,106038.63,13825.81,30880.36,42098.07,162200.25,104947.56,59649.01,36.0,3487.39,2.15,1091.07,1.04
2021-05-01,Company_D,Germany,Operations,254904.06,148685.59,4431.51,53237.07,69436.74,249538.84,146407.38,106218.46,41.67,5365.21,2.15,2278.21,1.56
2021-05-01,Company_D,Germany,Sales,446082.1,275225.97,14037.78,90412.23,124087.87,436692.97,267347.75,170856.12,38.3,9389.13,2.15,7878.23,2.95
2021-05-01,Company_D,Germany,Technology,280394.46,148695.6,6288.78,62288.65,51575.48,274492.73,146565.65,131698.86,46.97,5901.74,2.15,2129.96,1.45
2021-06-01,Company_A,India,HR,105879.59,61586.6,2844.02,24447.14,23203.78,106989.94,59739.57,44292.99,41.83,-1110.35,-1.04,1847.04,3.09
2021-06-01,Company_A,India,Marketing,137643.47,93429.55,15498.52,25388.11,38489.72,139086.92,95594.69,44213.92,32.12,-1443.46,-1.04,-2165.15,-2.26
2021-06-01,Company_A,India,Operations,211759.18,118718.79,4734.68,50111.94,45039.73,213979.88,118268.49,93040.39,43.94,-2220.7,-1.04,450.3,0.38
2021-06-01,Company_A,India,Sales,370578.57,210098.87,10991.89,75748.78,89531.24,374464.79,208988.38,160479.7,43.31,-3886.23,-1.04,1110.49,0.53
2021-06-01,Company_A,India,Technology,232935.1,124583.71,7145.48,43892.14,54838.2,235377.87,119647.4,108351.38,46.52,-2442.77,-1.04,4936.31,4.13
2021-06-01,Company_B,USA,HR,143856.41,83913.43,4970.11,24963.83,38169.67,149229.68,84007.36,59942.98,41.67,-5373.27,-3.6,-93.93,-0.11
2021-06-01,Company_B,USA,Marketing,187013.33,123320.79,22390.23,40890.99,39039.24,193998.58,113479.92,63692.54,34.06,-6985.25,-3.6,9840.86,8.67
2021-06-01,Company_B,USA,Operations,287712.82,151871.3,5798.17,46360.81,64733.76,298459.35,150953.76,135841.51,47.21,-10746.53,-3.6,917.54,0.61
2021-06-01,Company_B,USA,Sales,503497.43,246171.18,10739.17,90983.69,95008.3,522303.86,223679.59,257326.25,51.11,-18806.43,-3.6,22491.59,10.06
2021-06-01,Company_B,USA,Technology,316484.1,189560.65,10726.96,75109.49,67565.5,328305.29,185985.02,126923.45,40.1,-11821.19,-3.6,3575.63,1.92
2021-06-01,Company_C,UK,HR,85625.54,46963.56,1847.81,18154.65,18764.44,86091.44,46849.12,38661.98,45.15,-465.9,-0.54,114.43,0.24
2021-06-01,Company_C,UK,Marketing,111313.2,69745.55,9064.74,23030.1,26459.74,111918.87,67709.36,41567.65,37.34,-605.67,-0.54,2036.19,3.01
2021-06-01,Company_C,UK,Operations,171251.07,105765.67,3754.73,38986.95,42035.65,172182.88,100210.04,65485.4,38.24,-931.8,-0.54,5555.63,5.54
2021-06-01,Company_C,UK,Sales,299689.38,183544.66,10441.27,59477.22,74522.27,301320.03,183788.61,116144.72,38.76,-1630.66,-0.54,-243.96,-0.13
2021-06-01,Company_C,UK,Technology,188376.18,93240.67,5718.58,36391.98,34670.81,189401.16,90374.37,95135.51,50.5,-1024.98,-0.54,2866.3,3.17
2021-06-01,Company_D,Germany,HR,118887.86,65983.07,4062.85,23826.24,23449.39,124795.78,65400.28,52904.79,44.5,-5907.92,-4.73,582.79,0.89
2021-06-01,Company_D,Germany,Marketing,154554.21,102453.75,14739.89,36403.37,33144.18,162234.51,99774.59,52100.47,33.71,-7680.3,-4.73,2679.15,2.69
2021-06-01,Company_D,Germany,Operations,237775.71,123360.61,6416.02,47385.24,45074.4,249591.55,119962.64,114415.1,48.12,-11815.84,-4.73,3397.96,2.83
2021-06-01,Company_D,Germany,Sales,416107.5,212545.59,8675.39,92010.11,78286.06,436785.21,204173.39,203561.9,48.92,-20677.72,-4.73,8372.2,4.1
2021-06-01,Company_D,Germany,Technology,261553.28,158090.63,6069.8,50792.61,72931.25,274550.71,156844.61,103462.66,39.56,-12997.42,-4.73,1246.01,0.79
2021-07-01,Company_A,India,HR,99826.04,56032.52,2530.13,22270.11,22363.02,105472.66,53907.74,43793.52,43.87,-5646.62,-5.35,2124.78,3.94
2021-07-01,Company_A,India,Marketing,129773.85,81198.06,10388.95,21371.69,33545.2,137114.46,79567.25,48575.79,37.43,-7340.61,-5.35,1630.81,2.05
2021-07-01,Company_A,India,Operations,199652.08,116138.07,6209.14,42748.99,41324.4,210945.33,111439.7,83514.02,41.83,-11293.24,-5.35,4698.36,4.22
2021-07-01,Company_A,India,Sales,349391.15,205467.92,5890.67,78101.43,83441.67,369154.32,198460.19,143923.23,41.19,-19763.17,-5.35,7007.73,3.53
2021-07-01,Company_A,India,Technology,219617.29,128454.96,5760.49,45328.72,51844.18,232039.86,126478.52,91162.33,41.51,-12422.56,-5.35,1976.44,1.56
2021-07-01,Company_B,USA,HR,135143.45,74537.7,2051.71,24443.12,33087.14,140278.57,73965.6,60605.75,44.85,-5135.12,-3.66,572.1,0.77
2021-07-01,Company_B,USA,Marketing,175686.48,107485.72,13053.05,39494.02,35565.67,182362.14,107733.12,68200.76,38.82,-6675.66,-3.66,-247.4,-0.23
2021-07-01,Company_B,USA,Operations,270286.89,157101.1,8280.4,52582.85,61738.2,280557.13,146724.98,113185.79,41.88,-10270.24,-3.66,10376.13,7.07
2021-07-01,Company_B,USA,Sales,473002.06,285379.26,13669.48,96257.32,109507.88,490974.98,268464.25,187622.8,39.67,-17972.92,-3.66,16915.01,6.3
2021-07-01,Company_B,USA,Technology,297315.58,166333.36,5473.36,65936.32,64949.06,308612.85,168643.62,130982.22,44.05,-11297.26,-3.66,-2310.26,-1.37
2021-07-01,Company_C,UK,HR,83640.24,42385.58,2408.54,13576.46,19085.34,82063.03,43563.91,41254.66,49.32,1577.21,1.92,-1178.32,-2.7
2021-07-01,Company_C,UK,Marketing,108732.32,69376.04,6816.74,21216.1,29576.43,106681.94,68920.72,39356.28,36.2,2050.38,1.92,455.32,0.66
2021-07-01,Company_C,UK,Operations,167280.49,86606.41,5440.94,30002.46,30429.05,164126.06,85296.65,80674.08,48.23,3154.43,1.92,1309.76,1.54
2021-07-01,Company_C,UK,Sales,292740.86,175566.46,7386.06,63710.15,80315.36,287220.61,183760.6,117174.4,40.03,5520.25,1.92,-8194.15,-4.46
2021-07-01,Company_C,UK,Technology,184008.54,113747.95,2941.04,42987.29,43674.42,180538.67,111749.27,70260.59,38.18,3469.87,1.92,1998.68,1.79
2021-07-01,Company_D,Germany,HR,132064.95,74658.62,4507.55,30453.08,28296.22,138643.86,73169.52,57406.33,43.47,-6578.91,-4.75,1489.1,2.04
2021-07-01,Company_D,Germany,Marketing,171684.44,117617.35,12305.96,39996.49,41427.07,180237.02,115964.03,54067.09,31.49,-8552.58,-4.75,1653.31,1.43
2021-07-01,Company_D,Germany,Operations,264129.9,138793.68,7064.77,45225.88,52851.71,277287.72,134891.42,125336.22,47.45,-13157.82,-4.75,3902.25,2.89
2021-07-01,Company_D,Germany,Sales,462227.33,254561.86,9835.08,86943.84,114826.96,485253.5,241294.56,207665.46,44.93,-23026.18,-4.75,13267.3,5.5
2021-07-01,Company_D,Germany,Technology,290542.89,161657.14,9995.01,46679.9,64840.54,305016.49,157086.18,128885.75,44.36,-14473.6,-4.75,4570.95,2.91
2021-08-01,Company_A,India,HR,100376.38,53141.33,3394.09,18459.02,20670.48,102678.31,49729.08,47235.05,47.06,-2301.93,-2.24,3412.26,6.86
2021-08-01,Company_A,India,Marketing,130489.29,71966.82,10665.43,22804.06,27853.09,133481.8,70780.97,58522.47,44.85,-2992.51,-2.24,1185.86,1.68
2021-08-01,Company_A,India,Operations,200752.76,120916.24,4552.4,45607.85,47615.99,205356.62,115597.62,79836.52,39.77,-4603.86,-2.24,5318.62,4.6
2021-08-01,Company_A,India,Sales,351317.33,229548.23,10438.78,73024.13,98310.8,359374.08,224258.59,121769.1,34.66,-8056.75,-2.24,5289.64,2.36
2021-08-01,Company_A,India,Technology,220828.04,133730.59,5172.89,46684.2,53797.63,225892.28,130298.78,87097.45,39.44,-5064.25,-2.24,3431.81,2.63
2021-08-01,Company_B,USA,HR,146811.15,84010.89,3005.15,31567.56,37238.25,154428.24,78139.51,62800.26,42.78,-7617.09,-4.93,5871.38,7.51
2021-08-01,Company_B,USA,Marketing,190854.49,130705.95,21706.52,35850.9,52802.23,200756.71,129042.38,60148.54,31.52,-9902.22,-4.93,1663.57,1.29
2021-08-01,Company_B,USA,Operations,293622.3,171629.87,10081.43,52710.96,80985.09,308856.48,166966.71,121992.43,41.55,-15234.18,-4.93,4663.16,2.79
2021-08-01,Company_B,USA,Sales,513839.02,297679.51,13557.2,87946.64,137091.2,540498.83,293293.71,216159.51,42.07,-26659.81,-4.93,4385.8,1.5
2021-08-01,Company_B,USA,Technology,322984.53,173313.81,7248.05,70230.12,61123.19,339742.12,174170.12,149670.72,46.34,-16757.6,-4.93,-856.31,-0.49
2021-08-01,Company_C,UK,HR,94192.62,50772.17,1600.64,17414.13,19521.11,99724.5,51119.48,43420.45,46.1,-5531.88,-5.55,-347.31,-0.68
2021-08-01,Company_C,UK,Marketing,122450.41,76450.51,9695.52,19926.85,31964.86,129641.86,76729.34,45999.9,37.57,-7191.45,-5.55,-278.83,-0.36
2021-08-01,Company_C,UK,Operations,188385.24,104414.09,3633.2,35771.59,44932.17,199449.01,100572.38,83971.16,44.57,-11063.77,-5.55,3841.71,3.82
2021-08-01,Company_C,UK,Sales,329674.18,184348.07,9004.22,75456.06,59761.9,349035.77,180773.71,145326.11,44.08,-19361.59,-5.55,3574.36,1.98
2021-08-01,Company_C,UK,Technology,207223.77,117220.96,5452.3,40085.35,50750.77,219393.91,114065.11,90002.81,43.43,-12170.14,-5.55,3155.85,2.77
2021-08-01,Company_D,Germany,HR,118340.5,65877.89,1893.95,24928.25,28504.54,119930.6,66458.19,52462.61,44.33,-1590.1,-1.33,-580.3,-0.87
2021-08-01,Company_D,Germany,Marketing,153842.65,97485.42,16371.66,34598.06,29926.88,155909.78,93873.4,56357.23,36.63,-2067.13,-1.33,3612.02,3.85
2021-08-01,Company_D,Germany,Operations,236681.0,125006.53,5099.02,42653.32,55315.21,239861.2,123775.51,111674.46,47.18,-3180.21,-1.33,1231.02,0.99
2021-08-01,Company_D,Germany,Sales,414191.74,235296.26,8893.34,88131.11,88686.82,419757.1,232870.82,178895.48,43.19,-5565.36,-1.33,2425.43,1.04
2021-08-01,Company_D,Germany,Technology,260349.1,143605.79,8133.48,51382.49,50922.16,263847.32,144047.54,116743.3,44.84,-3498.23,-1.33,-441.75,-0.31
2021-09-01,Company_A,India,HR,115667.0,65180.73,3491.75,21023.17,26022.07,117018.28,63842.3,50486.27,43.65,-1351.28,-1.15,1338.43,2.1
2021-09-01,Company_A,India,Marketing,150367.1,93431.11,11250.28,27206.89,40693.17,152123.76,91086.75,56935.99,37.86,-1756.66,-1.15,2344.36,2.57
2021-09-01,Company_A,India,Operations,231334.01,139050.22,4096.25,48306.71,59021.98,234036.56,135921.06,92283.78,39.89,-2702.55,-1.15,3129.17,2.3
2021-09-01,Company_A,India,Sales,404834.51,202214.2,9982.97,79612.71,78273.94,409563.98,198030.82,202620.31,50.05,-4729.47,-1.15,4183.38,2.11
2021-09-01,Company_A,India,Technology,254467.41,145205.21,7529.73,49607.93,65283.94,257440.22,148734.61,109262.2,42.94,-2972.81,-1.15,-3529.4,-2.37
2021-09-01,Company_B,USA,HR,150879.72,78815.67,4802.87,26687.24,27616.33,152676.2,74315.18,72064.05,47.76,-1796.48,-1.18,4500.49,6.06
2021-09-01,Company_B,USA,Marketing,196143.63,125921.19,12522.92,42004.12,46998.81,198479.06,124042.56,70222.44,35.8,-2335.43,-1.18,1878.63,1.51
2021-09-01,Company_B,USA,Operations,301759.43,189983.69,5984.5,72020.1,74875.03,305352.39,182483.64,111775.74,37.04,-3592.96,-1.18,7500.05,4.11
2021-09-01,Company_B,USA,Sales,528079.0,284072.98,11254.77,99425.58,120983.94,534366.69,274141.52,244006.03,46.21,-6287.69,-1.18,9931.46,3.62
2021-09-01,Company_B,USA,Technology,331935.37,199253.7,7708.29,78998.08,74509.96,335887.63,190453.72,132681.68,39.97,-3952.26,-1.18,8799.98,4.62
2021-09-01,Company_C,UK,HR,92292.5,52730.36,2914.93,18562.46,20708.44,95519.88,50941.78,39562.14,42.87,-3227.39,-3.38,1788.59,3.51
2021-09-01,Company_C,UK,Marketing,119980.25,71998.89,8751.17,27571.1,22601.93,124175.85,71876.63,47981.36,39.99,-4195.6,-3.38,122.25,0.17
2021-09-01,Company_C,UK,Operations,184585.0,113182.42,5089.83,38954.87,43446.29,191039.77,113388.46,71402.58,38.68,-6454.77,-3.38,-206.04,-0.18
2021-09-01,Company_C,UK,Sales,323023.75,163288.54,5750.11,51934.48,68548.24,334319.6,162940.51,159735.21,49.45,-11295.85,-3.38,348.03,0.21
2021-09-01,Company_C,UK,Technology,203043.5,124024.95,6113.39,45165.35,48866.88,210143.75,120819.76,79018.54,38.92,-7100.25,-3.38,3205.19,2.65
2021-09-01,Company_D,Germany,HR,127439.13,81766.84,2576.33,30162.46,31639.87,133959.91,81842.46,45672.29,35.84,-6520.78,-4.87,-75.62,-0.09
2021-09-01,Company_D,Germany,Marketing,165670.87,104617.4,11984.26,32552.41,42340.67,174147.88,103267.28,61053.47,36.85,-8477.02,-4.87,1350.12,1.31
2021-09-01,Company_D,Germany,Operations,254878.25,142972.83,8415.41,51532.29,53854.39,267919.82,126093.45,111905.43,43.91,-13041.56,-4.87,16879.37,13.39
2021-09-01,Company_D,Germany,Sales,446036.95,224424.84,14191.91,81412.59,82523.26,468859.68,211972.44,221612.11,49.68,-22822.74,-4.87,12452.4,5.87
2021-09-01,Company_D,Germany,Technology,280366.08,160434.58,8416.19,65308.57,52258.08,294711.8,153786.8,119931.5,42.78,-14345.72,-4.87,6647.78,4.32
2021-10-01,Company_A,India,HR,113658.89,55095.27,2048.69,19222.86,23019.53,109611.95,55597.66,58563.62,51.53,4046.94,3.69,-502.39,-0.9
2021-10-01,Company_A,India,Marketing,147756.55,93748.76,13877.27,25982.67,33451.09,142495.53,88088.37,54007.8,36.55,5261.02,3.69,5660.39,6.43
2021-10-01,Company_A,India,Operations,227317.78,131388.56,7871.09,49661.13,46748.58,219223.9,127023.0,95929.22,42.2,8093.88,3.69,4365.56,3.44
2021-10-01,Company_A,India,Sales,397806.11,207970.59,13126.28,74703.0,72473.25,383641.82,208407.56,189835.52,47.72,14164.29,3.69,-436.97,-0.21
2021-10-01,Company_A,India,Technology,250049.55,155053.89,6552.14,59279.64,68434.12,241146.29,145895.84,94995.67,37.99,8903.27,3.69,9158.05,6.28
2021-10-01,Company_B,USA,HR,156344.32,93380.73,3469.83,35582.27,38886.5,164969.09,92408.25,62963.59,40.27,-8624.77,-5.23,972.48,1.05
2021-10-01,Company_B,USA,Marketing,203247.62,114121.96,16059.46,33625.89,42007.11,214459.81,113250.94,89125.66,43.85,-11212.2,-5.23,871.02,0.77
2021-10-01,Company_B,USA,Operations,312688.64,195969.21,10660.6,74456.33,81303.35,329938.17,184221.48,116719.43,37.33,-17249.53,-5.23,11747.73,6.38
2021-10-01,Company_B,USA,Sales,547205.12,286951.55,9583.13,111402.25,114350.98,577391.8,270256.94,260253.57,47.56,-30186.68,-5.23,16694.61,6.18
2021-10-01,Company_B,USA,Technology,343957.5,187029.17,7987.69,60909.17,86128.04,362931.99,177175.68,156928.33,45.62,-18974.49,-5.23,9853.49,5.56
2021-10-01,Company_C,UK,HR,96149.02,55317.47,3232.16,21395.26,19669.69,101286.69,53638.73,40831.55,42.47,-5137.68,-5.07,1678.74,3.13
2021-10-01,Company_C,UK,Marketing,124993.72,74944.18,9849.78,23891.46,28278.1,131672.7,74881.21,50049.54,40.04,-6678.98,-5.07,62.97,0.08
2021-10-01,Company_C,UK,Operations,192298.03,107502.16,5359.55,40143.3,36305.98,202573.38,102712.07,84795.87,44.1,-10275.35,-5.07,4790.09,4.66
2021-10-01,Company_C,UK,Sales,336521.55,177918.55,9047.93,58083.63,80550.15,354503.42,176137.01,158603.0,47.13,-17981.87,-5.07,1781.55,1.01
2021-10-01,Company_C,UK,Technology,211527.83,109464.67,7319.08,35933.73,46403.27,222830.72,108646.19,102063.16,48.25,-11302.89,-5.07,818.47,0.75
2021-10-01,Company_D,Germany,HR,137584.01,78999.7,3345.95,23669.39,34107.59,139449.38,78161.04,58584.31,42.58,-1865.37,-1.34,838.66,1.07
2021-10-01,Company_D,Germany,Marketing,178859.21,111511.93,16882.11,30223.08,46163.1,181284.2,109138.1,67347.28,37.65,-2424.99,-1.34,2373.84,2.18
2021-10-01,Company_D,Germany,Operations,275168.02,135356.19,9477.02,48736.92,53459.23,278898.77,133783.75,139811.83,50.81,-3730.75,-1.34,1572.44,1.18
2021-10-01,Company_D,Germany,Sales,481544.03,266540.91,8728.09,100165.93,112465.86,488072.84,268349.89,215003.13,44.65,-6528.81,-1.34,-1808.99,-0.67
2021-10-01,Company_D,Germany,Technology,302684.82,170202.91,7736.98,66439.0,66930.5,306788.64,170299.42,132481.91,43.77,-4103.82,-1.34,-96.52,-0.06
2021-11-01,Company_A,India,HR,124379.62,69785.6,3008.1,27924.75,23034.57,131060.79,67262.92,54594.02,43.89,-6681.17,-5.1,2522.69,3.75
2021-11-01,Company_A,India,Marketing,161693.51,97304.12,14993.18,34291.62,30111.75,170379.03,92901.77,64389.39,39.82,-8685.52,-5.1,4402.36,4.74
2021-11-01,Company_A,India,Operations,248759.24,147343.78,8436.41,43100.51,65920.59,262121.58,135692.82,101415.46,40.77,-13362.34,-5.1,11650.96,8.59
2021-11-01,Company_A,India,Sales,435328.68,264919.04,7529.17,87880.35,115803.51,458712.76,260789.23,170409.64,39.15,-23384.09,-5.1,4129.81,1.58
2021-11-01,Company_A,India,Technology,273635.17,151875.56,4551.79,55680.12,61795.05,288333.74,147444.49,121759.6,44.5,-14698.57,-5.1,4431.08,3.01
2021-11-01,Company_B,USA,HR,166478.14,98372.22,3608.5,32955.15,39610.37,169239.38,101196.34,68105.92,40.91,-2761.24,-1.63,-2824.13,-2.79
2021-11-01,Company_B,USA,Marketing,216421.59,132217.07,22747.62,37334.67,51254.44,220011.19,130231.91,84204.52,38.91,-3589.61,-1.63,1985.16,1.52
2021-11-01,Company_B,USA,Operations,332956.29,190596.22,11569.36,71729.98,67429.01,338478.76,190380.53,142360.07,42.76,-5522.47,-1.63,215.69,0.11
2021-11-01,Company_B,USA,Sales,582673.5,302122.29,13508.5,93685.86,124073.29,592337.83,290320.49,280551.21,48.15,-9664.33,-1.63,11801.8,4.07
2021-11-01,Company_B,USA,Technology,366251.91,217576.43,7646.73,82381.1,82272.13,372326.64,218861.78,148675.48,40.59,-6074.72,-1.63,-1285.35,-0.59
2021-11-01,Company_C,UK,HR,104205.0,55729.97,1729.06,18965.14,23233.58,105363.99,56295.37,48475.03,46.52,-1159.0,-1.1,-565.41,-1.0
2021-11-01,Company_C,UK,Marketing,135466.5,78183.84,8670.54,27866.43,25961.42,136973.19,77788.11,57282.66,42.29,-1506.69,-1.1,395.73,0.51
2021-11-01,Company_C,UK,Operations,208410.0,118095.21,3174.69,40857.3,49118.32,210727.99,120268.34,90314.79,43.34,-2317.99,-1.1,-2173.13,-1.81
2021-11-01,Company_C,UK,Sales,364717.49,182360.09,9590.75,58510.15,78020.49,368773.98,183125.07,182357.4,50.0,-4056.49,-1.1,-764.98,-0.42
2021-11-01,Company_C,UK,Technology,229251.0,128020.38,7350.58,47852.85,47331.09,231800.79,126736.96,101230.61,44.16,-2549.79,-1.1,1283.43,1.01
2021-11-01,Company_D,Germany,HR,156531.02,98826.53,3313.43,33747.65,41901.14,156470.05,94857.39,57704.49,36.86,60.97,0.04,3969.14,4.18
2021-11-01,Company_D,Germany,Marketing,203490.33,122244.97,12283.74,34530.49,46962.76,203411.06,120428.07,81245.35,39.93,79.27,0.04,1816.91,1.51
2021-11-01,Company_D,Germany,Operations,313062.04,179872.41,6226.5,54635.53,82424.51,312940.1,175675.64,133189.63,42.54,121.95,0.04,4196.78,2.39
2021-11-01,Company_D,Germany,Sales,547858.58,312743.05,15295.3,99374.74,152631.86,547645.17,307718.42,235115.53,42.92,213.41,0.04,5024.63,1.63
2021-11-01,Company_D,Germany,Technology,344368.25,186820.65,11742.2,62044.1,78631.47,344234.1,187645.02,157547.6,45.75,134.14,0.04,-824.38,-0.44
2021-12-01,Company_A,India,HR,126382.47,71995.34,3899.79,23124.33,30048.61,128016.77,67966.7,54387.13,43.03,-1634.3,-1.28,4028.64,5.93
2021-12-01,Company_A,India,Marketing,164297.21,115669.05,13607.95,37093.09,42316.58,166421.8,113683.22,48628.16,29.6,-2124.59,-1.28,1985.83,1.75
2021-12-01,Company_A,India,Operations,252764.93,135989.19,6308.06,51335.58,48163.69,256033.54,133004.79,116775.74,46.2,-3268.61,-1.28,2984.41,2.24
2021-12-01,Company_A,India,Sales,442338.63,256152.01,11229.97,97553.42,88683.64,448058.69,244924.04,186186.62,42.09,-5720.06,-1.28,11227.97,4.58
2021-12-01,Company_A,India,Technology,278041.43,159521.29,9011.76,64051.44,56686.98,281636.89,159852.74,118520.14,42.63,-3595.47,-1.28,-331.44,-0.21
2021-12-01,Company_B,USA,HR,183850.02,100523.17,2884.15,37192.23,44840.34,185440.79,103785.0,83326.85,45.32,-1590.77,-0.86,-3261.82,-3.14
2021-12-01,Company_B,USA,Marketing,239005.03,154355.53,23574.14,40419.88,62961.69,241073.03,148966.09,84649.5,35.42,-2068.0,-0.86,5389.44,3.62
2021-12-01,Company_B,USA,Operations,367700.05,215426.73,11221.3,61956.39,95894.6,370881.59,214973.65,152273.32,41.41,-3181.54,-0.86,453.08,0.21
2021-12-01,Company_B,USA,Sales,643475.09,325211.06,15983.94,114943.11,135788.38,649042.78,318928.91,318264.02,49.46,-5567.69,-0.86,6282.16,1.97
2021-12-01,Company_B,USA,Technology,404470.05,216568.12,8678.39,81027.74,83244.29,407969.75,214425.24,187901.94,46.46,-3499.69,-0.86,2142.87,1.0
2021-12-01,Company_C,UK,HR,102442.05,59944.15,2430.02,22331.63,24893.77,101489.14,60041.99,42497.9,41.48,952.91,0.94,-97.84,-0.16
2021-12-01,Company_C,UK,Marketing,133174.67,81207.36,12105.01,24462.22,26173.75,131935.88,79690.93,51967.31,39.02,1238.79,0.94,1516.43,1.9
2021-12-01,Company_C,UK,Operations,204884.1,106925.21,3908.03,36914.9,43853.08,202978.27,108110.67,97958.89,47.81,1905.83,0.94,-1185.45,-1.1
2021-12-01,Company_C,UK,Sales,358547.18,217033.59,10029.96,79020.14,87393.92,355211.98,219095.1,141513.59,39.47,3335.2,0.94,-2061.51,-0.94
2021-12-01,Company_C,UK,Technology,225372.51,122603.11,6520.06,36264.96,49042.0,223276.1,121202.15,102769.4,45.6,2096.41,0.94,1400.97,1.16
2021-12-01,Company_D,Germany,HR,147679.19,87534.41,2476.03,26843.16,38841.68,150720.88,83045.3,60144.78,40.73,-3041.7,-2.02,4489.11,5.41
2021-12-01,Company_D,Germany,Marketing,191982.95,117555.7,15323.82,35207.11,47640.85,195937.15,113596.44,74427.25,38.77,-3954.2,-2.02,3959.25,3.49
2021-12-01,Company_D,Germany,Operations,295358.38,177976.32,8006.58,60284.55,74002.12,301441.77,172842.33,117382.06,39.74,-6083.39,-2.02,5133.99,2.97
2021-12-01,Company_D,Germany,Sales,516877.16,277936.66,10739.54,100268.71,101939.46,527523.1,261718.19,238940.5,46.23,-10645.94,-2.02,16218.47,6.2
2021-12-01,Company_D,Germany,Technology,324894.21,186504.5,9927.41,77717.55,68095.78,331585.95,180651.32,138389.71,42.6,-6691.73,-2.02,5853.18,3.24
2022-01-01,Company_A,India,HR,92890.08,58629.5,2331.93,20834.16,25703.86,98187.17,55899.72,34260.58,36.88,-5297.09,-5.39,2729.78,4.88
2022-01-01,Company_A,India,Marketing,120757.1,74076.65,11703.52,23574.91,22744.17,127643.32,73379.59,46680.45,38.66,-6886.22,-5.39,697.06,0.95
2022-01-01,Company_A,India,Operations,185780.15,97043.95,3537.31,31816.14,36862.96,196374.34,92785.85,88736.2,47.76,-10594.19,-5.39,4258.1,4.59
2022-01-01,Company_A,India,Sales,325115.27,187402.04,8342.65,75819.22,63656.1,343655.1,180638.93,137713.23,42.36,-18539.83,-5.39,6763.1,3.74
2022-01-01,Company_A,India,Technology,204358.17,124331.29,6768.93,46711.03,42443.24,216011.78,125046.08,80026.88,39.16,-11653.61,-5.39,-714.78,-0.57
2022-01-01,Company_B,USA,HR,117060.7,66889.71,3419.0,26549.12,22387.9,118389.22,66956.04,50170.99,42.86,-1328.52,-1.12,-66.33,-0.1
2022-01-01,Company_B,USA,Marketing,152178.91,99651.04,12646.6,27514.53,41742.41,153905.98,96650.64,52527.87,34.52,-1727.07,-1.12,3000.4,3.1
2022-01-01,Company_B,USA,Operations,234121.4,117245.23,3864.31,49185.25,44773.31,236778.43,113119.75,116876.17,49.92,-2657.03,-1.12,4125.49,3.65
2022-01-01,Company_B,USA,Sales,409712.45,245076.71,7238.93,83431.48,102085.73,414362.25,225644.21,164635.74,40.18,-4649.81,-1.12,19432.5,8.61
2022-01-01,Company_B,USA,Technology,257533.54,152722.33,7208.65,43403.92,68709.94,260456.27,157464.62,104811.21,40.7,-2922.74,-1.12,-4742.29,-3.01
2022-01-01,Company_C,UK,HR,79663.34,44886.24,2326.5,14965.43,17238.35,78237.3,45955.87,34777.11,43.66,1426.04,1.82,-1069.63,-2.33
2022-01-01,Company_C,UK,Marketing,103562.35,68066.19,6925.42,21245.2,28966.29,101708.5,67306.86,35496.15,34.28,1853.85,1.82,759.33,1.13
2022-01-01,Company_C,UK,Operations,159326.69,86206.79,5167.11,28966.33,36406.03,156474.61,79380.34,73119.9,45.89,2852.08,1.82,6826.45,8.6
2022-01-01,Company_C,UK,Sales,278821.7,149762.0,7414.07,55722.62,58180.63,273830.56,145943.01,129059.7,46.29,4991.14,1.82,3819.0,2.62
2022-01-01,Company_C,UK,Technology,175259.36,88152.74,5478.36,29496.5,32227.98,172122.07,86108.9,87106.62,49.7,3137.29,1.82,2043.84,2.37
2022-01-01,Company_D,Germany,HR,104957.6,58766.18,3387.94,18484.68,22265.21,109380.67,57676.96,46191.42,44.01,-4423.06,-4.04,1089.22,1.89
2022-01-01,Company_D,Germany,Marketing,136444.89,94548.54,16229.98,25932.82,33639.19,142194.86,90120.86,41896.34,30.71,-5749.98,-4.04,4427.69,4.91
2022-01-01,Company_D,Germany,Operations,209915.21,131248.21,5424.61,44595.96,53853.72,218761.33,130364.91,78667.0,37.48,-8846.12,-4.04,883.3,0.68
2022-01-01,Company_D,Germany,Sales,367351.61,197619.97,5981.48,70338.59,74435.34,382832.33,190854.69,169731.64,46.2,-15480.71,-4.04,6765.28,3.54
2022-01-01,Company_D,Germany,Technology,230906.73,122728.18,4083.53,43150.26,43275.91,240637.46,122088.98,108178.55,46.85,-9730.74,-4.04,639.21,0.52
2022-02-01,Company_A,India,HR,100169.29,58704.41,1850.65,18713.29,25162.67,102204.87,57496.76,41464.88,41.39,-2035.58,-1.99,1207.65,2.1
2022-02-01,Company_A,India,Marketing,130220.08,82609.8,14232.82,25743.65,29420.17,132866.33,83636.22,47610.28,36.56,-2646.25,-1.99,-1026.42,-1.23
2022-02-01,Company_A,India,Operations,200338.58,120448.81,5171.92,45181.38,50289.85,204409.74,117150.32,79889.77,39.88,-4071.16,-1.99,3298.5,2.82
2022-02-01,Company_A,India,Sales,350592.52,187865.13,5347.29,60645.03,82731.27,357717.05,188737.44,162727.39,46.41,-7124.53,-1.99,-872.3,-0.46
2022-02-01,Company_A,India,Technology,220372.44,123889.84,7229.35,47941.65,41416.94,224850.72,122460.41,96482.6,43.78,-4478.28,-1.99,1429.43,1.17
2022-02-01,Company_B,USA,HR,123571.93,67183.65,1989.76,24312.47,27518.17,123878.79,67311.58,56388.28,45.63,-306.86,-0.25,-127.93,-0.19
2022-02-01,Company_B,USA,Marketing,160643.51,97193.46,13871.22,37421.18,29557.57,161042.42,96563.91,63450.05,39.5,-398.91,-0.25,629.55,0.65
2022-02-01,Company_B,USA,Operations,247143.86,151578.78,4341.58,52341.95,60554.87,247757.57,152609.25,95565.08,38.67,-613.71,-0.25,-1030.47,-0.68
2022-02-01,Company_B,USA,Sales,432501.76,269507.05,6700.7,101401.67,107982.24,433575.75,257620.44,162994.71,37.69,-1074.0,-0.25,11886.61,4.61
2022-02-01,Company_B,USA,Technology,271858.25,169333.94,9376.06,61687.43,75457.03,272533.33,168010.2,102524.31,37.71,-675.08,-0.25,1323.75,0.79
2022-02-01,Company_C,UK,HR,78809.43,49406.08,2526.1,18425.64,20292.51,79123.7,47663.06,29403.35,37.31,-314.27,-0.4,1743.02,3.66
2022-02-01,Company_C,UK,Marketing,102452.26,69943.54,11990.57,21109.67,27243.39,102860.81,67403.67,32508.72,31.73,-408.55,-0.4,2539.87,3.77
2022-02-01,Company_C,UK,Operations,157618.86,84239.42,4089.04,35547.56,29014.24,158247.39,83870.67,73379.44,46.55,-628.53,-0.4,368.75,0.44
2022-02-01,Company_C,UK,Sales,275833.01,156112.02,5882.37,47339.26,76573.19,276932.94,155671.93,119720.99,43.4,-1099.93,-0.4,440.09,0.28
2022-02-01,Company_C,UK,Technology,173380.75,94681.93,2704.81,34067.61,38095.7,174072.13,92842.93,78698.82,45.39,-691.39,-0.4,1839.01,1.98
2022-02-01,Company_D,Germany,HR,106753.19,56925.29,3140.97,22732.15,21940.25,108568.24,54193.94,49827.9,46.68,-1815.05,-1.67,2731.35,5.04
2022-02-01,Company_D,Germany,Marketing,138779.15,77538.87,13766.38,24335.06,25725.45,141138.71,76484.3,61240.27,44.13,-2359.57,-1.67,1054.57,1.38
2022-02-01,Company_D,Germany,Operations,213506.38,108672.09,3207.74,34377.22,51585.25,217136.48,105839.6,104834.28,49.1,-3630.1,-1.67,2832.49,2.68
2022-02-01,Company_D,Germany,Sales,373636.16,213327.19,12975.31,73773.24,83145.56,379988.84,216478.21,160308.98,42.91,-6352.68,-1.67,-3151.02,-1.46
2022-02-01,Company_D,Germany,Technology,234857.02,128059.4,7478.83,38601.84,57496.94,238850.13,125645.36,106797.61,45.47,-3993.11,-1.67,2414.04,1.92
2022-03-01,Company_A,India,HR,103887.59,59254.79,2894.06,18943.08,25911.13,105532.07,56587.83,44632.8,42.96,-1644.48,-1.56,2666.96,4.71
2022-03-01,Company_A,India,Marketing,135053.86,83500.45,15037.47,23498.09,27377.84,137191.69,82250.37,51553.41,38.17,-2137.82,-1.56,1250.09,1.52
2022-03-01,Company_A,India,Operations,207775.18,119549.82,3641.32,43784.75,51448.82,211064.13,115770.2,88225.36,42.46,-3288.95,-1.56,3779.62,3.26
2022-03-01,Company_A,India,Sales,363606.56,197540.63,7984.37,62306.81,81824.24,369362.23,199600.78,166065.93,45.67,-5755.67,-1.56,-2060.14,-1.03
2022-03-01,Company_A,India,Technology,228552.69,133907.64,7274.59,43011.33,51910.88,232170.54,136322.39,94645.05,41.41,-3617.85,-1.56,-2414.74,-1.77
2022-03-01,Company_B,USA,HR,141838.2,78206.47,4030.38,23567.49,37179.47,147543.31,78936.61,63631.73,44.86,-5705.11,-3.87,-730.14,-0.92
2022-03-01,Company_B,USA,Marketing,184389.66,124552.93,20918.99,42331.38,41469.93,191806.3,120558.43,59836.73,32.45,-7416.64,-3.87,3994.5,3.31
2022-03-01,Company_B,USA,Operations,283676.4,145985.7,6046.1,51473.5,54614.83,295086.61,143440.02,137690.69,48.54,-11410.21,-3.87,2545.68,1.77
2022-03-01,Company_B,USA,Sales,496433.7,265789.72,12662.22,91806.59,92637.27,516401.57,258142.62,230643.98,46.46,-19967.87,-3.87,7647.1,2.96
2022-03-01,Company_B,USA,Technology,312044.04,182925.05,8940.13,58796.19,76832.49,324595.27,169121.77,129118.98,41.38,-12551.23,-3.87,13803.29,8.16
2022-03-01,Company_C,UK,HR,73190.07,39950.01,2532.25,14046.87,14827.44,75743.67,38409.55,33240.06,45.42,-2553.6,-3.37,1540.46,4.01
2022-03-01,Company_C,UK,Marketing,95147.09,56421.19,10018.65,17741.45,20260.18,98466.77,52371.03,38725.9,40.7,-3319.68,-3.37,4050.16,7.73
2022-03-01,Company_C,UK,Operations,146380.14,87466.83,4430.3,32603.98,36926.03,151487.34,84874.55,58913.31,40.25,-5107.2,-3.37,2592.28,3.05
2022-03-01,Company_C,UK,Sales,256165.24,122019.37,6429.89,46179.38,46890.96,265102.84,120523.79,134145.88,52.37,-8937.6,-3.37,1495.57,1.24
2022-03-01,Company_C,UK,Technology,161018.15,90269.86,4080.68,31210.06,34940.92,166636.07,89538.12,70748.29,43.94,-5617.92,-3.37,731.75,0.82
2022-03-01,Company_D,Germany,HR,119982.73,71103.92,3964.7,25706.85,26225.01,120647.71,69349.33,48878.81,40.74,-664.98,-0.55,1754.59,2.53
2022-03-01,Company_D,Germany,Marketing,155977.55,105822.89,14842.98,35953.76,40220.39,156842.02,107447.35,50154.65,32.16,-864.47,-0.55,-1624.46,-1.51
2022-03-01,Company_D,Germany,Operations,239965.45,135478.11,6778.69,43950.25,57906.59,241295.41,136364.87,104487.34,43.54,-1329.96,-0.55,-886.76,-0.65
2022-03-01,Company_D,Germany,Sales,419939.55,229601.79,8127.75,98966.13,86370.71,422266.97,234267.69,190337.76,45.33,-2327.43,-0.55,-4665.9,-1.99
2022-03-01,Company_D,Germany,Technology,263962.0,147915.62,8505.54,55810.67,60352.95,265424.95,148457.8,116046.38,43.96,-1462.95,-0.55,-542.18,-0.37
2022-04-01,Company_A,India,HR,105225.16,58761.71,3384.76,19193.38,22015.4,109207.69,57866.33,46463.45,44.16,-3982.53,-3.65,895.38,1.55
2022-04-01,Company_A,India,Marketing,136792.7,83383.85,9116.31,32576.37,30402.84,141969.99,82408.22,53408.85,39.04,-5177.29,-3.65,975.63,1.18
2022-04-01,Company_A,India,Operations,210450.31,119243.0,6795.71,41422.65,49385.29,218415.37,113952.99,91207.32,43.34,-7965.06,-3.65,5290.0,4.64
2022-04-01,Company_A,India,Sales,368288.05,235248.22,11166.97,84594.42,95329.42,382226.9,231599.41,133039.83,36.12,-13938.85,-3.65,3648.81,1.58
2022-04-01,Company_A,India,Technology,231495.34,133032.62,7672.66,41859.67,57196.3,240256.91,129930.86,98462.72,42.53,-8761.57,-3.65,3101.77,2.39
2022-04-01,Company_B,USA,HR,143426.63,77999.23,2291.97,23149.04,34031.84,145791.02,77017.57,65427.4,45.62,-2364.39,-1.62,981.67,1.27
2022-04-01,Company_B,USA,Marketing,186454.62,98460.37,13293.08,32615.99,36997.23,189528.33,99321.09,87994.24,47.19,-3073.71,-1.62,-860.72,-0.87
2022-04-01,Company_B,USA,Operations,286853.25,169575.0,4826.9,58437.2,73338.24,291582.04,162955.83,117278.25,40.88,-4728.79,-1.62,6619.17,4.06
2022-04-01,Company_B,USA,Sales,501993.19,274967.08,9462.5,102429.53,95473.02,510268.57,272905.81,227026.11,45.22,-8275.37,-1.62,2061.27,0.76
2022-04-01,Company_B,USA,Technology,315538.58,180280.34,9529.49,71198.31,58335.71,320740.24,167945.77,135258.24,42.87,-5201.66,-1.62,12334.57,7.34
2022-04-01,Company_C,UK,HR,87976.82,51908.48,2156.58,16369.95,21139.14,94350.49,53623.58,36068.33,41.0,-6373.67,-6.76,-1715.1,-3.2
2022-04-01,Company_C,UK,Marketing,114369.86,76267.81,11785.15,20336.33,31375.07,122655.64,70804.55,38102.05,33.31,-8285.77,-6.76,5463.26,7.72
2022-04-01,Company_C,UK,Operations,175953.63,90581.68,3664.39,30058.78,34217.89,188700.98,86585.24,85371.95,48.52,-12747.35,-6.76,3996.44,4.62
2022-04-01,Company_C,UK,Sales,307918.86,162448.25,9989.54,61909.43,64322.31,330226.71,158737.07,145470.61,47.24,-22307.85,-6.76,3711.18,2.34
2022-04-01,Company_C,UK,Technology,193549.0,120513.27,4367.23,45469.55,45995.09,207571.08,121679.47,73035.73,37.74,-14022.08,-6.76,-1166.2,-0.96
2022-04-01,Company_D,Germany,HR,125279.7,72988.33,3479.52,28879.14,27406.94,125186.96,71754.38,52291.37,41.74,92.74,0.07,1233.95,1.72
2022-04-01,Company_D,Germany,Marketing,162863.62,94443.01,12347.4,28878.85,32711.61,162743.05,92695.6,68420.6,42.01,120.56,0.07,1747.41,1.89
2022-04-01,Company_D,Germany,Operations,250559.41,160974.37,8344.01,56163.8,64057.87,250373.93,156810.85,89585.04,35.75,185.48,0.07,4163.52,2.66
2022-04-01,Company_D,Germany,Sales,438478.96,239800.28,13692.89,104088.56,83737.37,438154.37,236364.73,198678.68,45.31,324.59,0.07,3435.55,1.45
2022-04-01,Company_D,Germany,Technology,275615.35,144820.64,6035.37,57206.15,50572.82,275411.32,138903.37,130794.71,47.46,204.03,0.07,5917.28,4.26
2022-05-01,Company_A,India,HR,114672.58,71859.65,3674.71,26630.6,28298.95,119303.54,70234.81,42812.94,37.33,-4630.96,-3.88,1624.84,2.31
2022-05-01,Company_A,India,Marketing,149074.36,89292.87,11627.08,27396.74,37912.49,155094.6,83898.88,59781.49,40.1,-6020.25,-3.88,5393.98,6.43
2022-05-01,Company_A,India,Operations,229345.16,109380.93,4549.72,38466.4,41566.61,238607.08,109380.77,119964.24,52.31,-9261.92,-3.88,0.16,0.0
2022-05-01,Company_A,India,Sales,401354.04,219399.74,13748.87,64794.81,101408.96,417562.39,212071.99,181954.3,45.34,-16208.36,-3.88,7327.75,3.46
2022-05-01,Company_A,India,Technology,252279.68,153860.94,4352.23,57978.99,63162.91,262467.79,153891.94,98418.74,39.01,-10188.11,-3.88,-30.99,-0.02
2022-05-01,Company_B,USA,HR,140680.26,87290.31,4308.93,29467.28,35216.17,139508.65,84538.11,53389.95,37.95,1171.61,0.84,2752.2,3.26
2022-05-01,Company_B,USA,Marketing,182884.34,112853.83,12132.37,31955.03,47784.95,181361.24,111689.67,70030.51,38.29,1523.1,0.84,1164.17,1.04
2022-05-01,Company_B,USA,Operations,281360.53,159481.21,4951.14,47856.28,69670.37,279017.3,156719.97,121879.32,43.32,2343.23,0.84,2761.24,1.76
2022-05-01,Company_B,USA,Sales,492380.93,263407.31,10086.06,102271.32,89938.71,488280.27,265966.29,228973.61,46.5,4100.65,0.84,-2558.98,-0.96
2022-05-01,Company_B,USA,Technology,309496.58,170092.02,8822.08,67883.35,62081.36,306919.03,174554.22,139404.56,45.04,2577.55,0.84,-4462.2,-2.56
2022-05-01,Company_C,UK,HR,90072.51,55864.36,2272.47,21340.99,22823.66,94556.3,53190.51,34208.15,37.98,-4483.79,-4.74,2673.85,5.03
2022-05-01,Company_C,UK,Marketing,117094.27,71185.89,11362.97,23243.44,25818.24,122923.19,71817.12,45908.38,39.21,-5828.93,-4.74,-631.23,-0.88
2022-05-01,Company_C,UK,Operations,180145.02,106795.45,3669.76,36328.99,46416.29,189112.6,101267.82,73349.58,40.72,-8967.58,-4.74,5527.63,5.46
2022-05-01,Company_C,UK,Sales,315253.79,189939.69,10372.27,67021.55,69133.6,330947.06,194571.8,125314.11,39.75,-15693.26,-4.74,-4632.11,-2.38
2022-05-01,Company_C,UK,Technology,198159.53,114937.62,6739.77,42957.89,40516.02,208023.86,108388.48,83221.91,42.0,-9864.34,-4.74,6549.13,6.04
2022-05-01,Company_D,Germany,HR,124274.83,72723.46,3431.03,21431.7,31508.81,132978.81,69322.43,51551.37,41.48,-8703.99,-6.55,3401.03,4.91
2022-05-01,Company_D,Germany,Marketing,161557.27,98226.26,15986.83,37602.27,30400.3,172872.46,93902.39,63331.02,39.2,-11315.18,-6.55,4323.87,4.6
2022-05-01,Company_D,Germany,Operations,248549.65,137002.21,8154.53,56992.11,51449.9,265957.63,131214.39,111547.45,44.88,-17407.97,-6.55,5787.81,4.41
2022-05-01,Company_D,Germany,Sales,434961.89,237759.55,11375.66,88809.3,90357.93,465425.85,219077.36,197202.34,45.34,-30463.95,-6.55,18682.19,8.53
2022-05-01,Company_D,Germany,Technology,273404.62,170542.41,6568.08,61694.85,65716.75,292553.39,164513.57,102862.21,37.62,-19148.77,-6.55,6028.84,3.66
2022-06-01,Company_A,India,HR,112580.01,62017.36,3270.75,23341.86,22937.43,115591.67,62815.7,50562.65,44.91,-3011.66,-2.61,-798.34,-1.27
2022-06-01,Company_A,India,Marketing,146354.01,101552.26,14066.88,32477.47,39406.16,150269.17,103614.47,44801.76,30.61,-3915.16,-2.61,-2062.22,-1.99
2022-06-01,Company_A,India,Operations,225160.02,122211.16,5315.7,45346.26,47665.17,231183.35,122825.41,102948.86,45.72,-6023.32,-2.61,-614.25,-0.5
2022-06-01,Company_A,India,Sales,394030.04,206279.68,12462.17,65050.92,94526.96,404570.86,208145.88,187750.36,47.65,-10540.82,-2.61,-1866.2,-0.9
2022-06-01,Company_A,India,Technology,247676.02,143002.77,8221.0,41487.86,61156.17,254301.68,140820.49,104673.25,42.26,-6625.66,-2.61,2182.29,1.55
2022-06-01,Company_B,USA,HR,156782.48,93268.49,3623.15,30703.92,43649.64,155236.23,93914.02,63513.98,40.51,1546.25,1.0,-645.53,-0.69
2022-06-01,Company_B,USA,Marketing,203817.22,124736.13,14146.06,36407.94,50616.57,201807.1,119730.56,79081.09,38.8,2010.12,1.0,5005.57,4.18
2022-06-01,Company_B,USA,Operations,313564.95,171426.71,10421.55,62728.53,61039.01,310472.46,165521.4,142138.24,45.33,3092.5,1.0,5905.31,3.57
2022-06-01,Company_B,USA,Sales,548738.67,318419.69,8597.9,129852.25,130588.44,543326.8,320440.79,230318.98,41.97,5411.87,1.0,-2021.1,-0.63
2022-06-01,Company_B,USA,Technology,344921.45,189257.02,6387.19,74840.23,70204.73,341519.7,187462.39,155664.43,45.13,3401.75,1.0,1794.63,0.96
2022-06-01,Company_C,UK,HR,85150.99,41003.22,2734.04,15469.61,15598.68,89635.71,39161.22,44147.78,51.85,-4484.71,-5.0,1842.0,4.7
2022-06-01,Company_C,UK,Marketing,110696.29,77681.69,12091.1,26212.99,29378.23,116526.42,74315.93,33014.6,29.82,-5830.13,-5.0,3365.77,4.53
2022-06-01,Company_C,UK,Operations,170301.99,105503.41,4727.35,39632.42,43753.47,179271.41,107844.4,64798.58,38.05,-8969.42,-5.0,-2340.98,-2.17
2022-06-01,Company_C,UK,Sales,298028.48,158450.95,7433.75,60642.12,57662.13,313724.97,146271.53,139577.53,46.83,-15696.49,-5.0,12179.42,8.33
2022-06-01,Company_C,UK,Technology,187332.19,108767.43,3282.57,32507.44,51191.25,197198.55,103766.54,78564.76,41.94,-9866.37,-5.0,5000.88,4.82
2022-06-01,Company_D,Germany,HR,125731.08,70291.68,4191.99,27091.48,27593.01,131038.49,68000.66,55439.4,44.09,-5307.41,-4.05,2291.02,3.37
2022-06-01,Company_D,Germany,Marketing,163450.41,107850.7,19534.87,36142.12,35066.6,170350.04,104491.71,55599.7,34.02,-6899.63,-4.05,3359.0,3.21
2022-06-01,Company_D,Germany,Operations,251462.17,141820.69,7525.86,48520.08,55423.01,262076.99,141125.0,109641.47,43.6,-10614.82,-4.05,695.7,0.49
2022-06-01,Company_D,Germany,Sales,440058.79,240499.28,13097.84,90656.07,100778.71,458634.73,234279.32,199559.51,45.35,-18575.94,-4.05,6219.96,2.65
2022-06-01,Company_D,Germany,Technology,276608.38,148177.13,7125.01,45677.9,69671.82,288284.69,148344.84,128431.25,46.43,-11676.3,-4.05,-167.71,-0.11
2022-07-01,Company_A,India,HR,89562.0,41172.0,1357.16,14369.37,18083.18,89912.98,40030.29,48390.0,54.03,-350.98,-0.39,1141.71,2.85
2022-07-01,Company_A,India,Marketing,116430.6,69555.29,8946.64,24317.98,23367.54,116886.88,68019.68,46875.31,40.26,-456.27,-0.39,1535.62,2.26
2022-07-01,Company_A,India,Operations,179124.0,90336.48,2850.4,35430.63,34750.49,179825.96,85353.71,88787.52,49.57,-701.96,-0.39,4982.77,5.84
2022-07-01,Company_A,India,Sales,313467.01,193769.64,8791.02,62384.12,86220.07,314695.43,190105.46,119697.37,38.18,-1228.43,-0.39,3664.17,1.93
2022-07-01,Company_A,India,Technology,197036.4,105276.02,3235.07,41521.15,40478.99,197808.56,107631.71,91760.38,46.57,-772.15,-0.39,-2355.69,-2.19
2022-07-01,Company_B,USA,HR,141175.65,74094.0,2393.24,24815.1,27767.11,139931.5,71708.72,67081.64,47.52,1244.14,0.89,2385.28,3.33
2022-07-01,Company_B,USA,Marketing,183528.34,110808.37,12568.57,41045.43,35426.85,181910.96,106063.52,72719.97,39.62,1617.38,0.89,4744.84,4.47
2022-07-01,Company_B,USA,Operations,282351.29,150276.31,5938.34,60464.29,56139.98,279863.01,146602.36,132074.98,46.78,2488.28,0.89,3673.95,2.51
2022-07-01,Company_B,USA,Sales,494114.76,292853.97,9905.25,101376.3,134166.48,489760.27,292052.08,201260.79,40.73,4354.49,0.89,801.89,0.27
2022-07-01,Company_B,USA,Technology,310586.42,177002.5,10673.78,53886.73,69971.5,307849.31,174637.82,133583.92,43.01,2737.11,0.89,2364.68,1.35
2022-07-01,Company_C,UK,HR,86459.0,52089.69,1428.45,20285.68,19895.25,87230.25,51551.33,34369.31,39.75,-771.25,-0.88,538.36,1.04
2022-07-01,Company_C,UK,Marketing,112396.7,75388.54,9730.88,26486.32,26967.27,113399.33,77310.52,37008.16,32.93,-1002.63,-0.88,-1921.98,-2.49
2022-07-01,Company_C,UK,Operations,172918.0,110239.26,2593.95,37744.14,47620.25,174460.5,110016.49,62678.74,36.25,-1542.5,-0.88,222.77,0.2
2022-07-01,Company_C,UK,Sales,302606.5,159221.41,9368.35,54030.02,71509.75,305305.88,148404.91,143385.09,47.38,-2699.38,-0.88,10816.5,7.29
2022-07-01,Company_C,UK,Technology,190209.8,108629.15,5425.32,32167.45,47592.34,191906.55,102461.39,81580.65,42.89,-1696.75,-0.88,6167.76,6.02
2022-07-01,Company_D,Germany,HR,124742.0,68888.95,3750.24,23321.03,26125.32,122322.06,66051.37,55853.05,44.77,2419.94,1.98,2837.58,4.3
2022-07-01,Company_D,Germany,Marketing,162164.6,89642.62,10647.17,26877.91,38641.71,159018.68,87165.12,72521.98,44.72,3145.92,1.98,2477.5,2.84
2022-07-01,Company_D,Germany,Operations,249484.0,151361.62,5471.57,48816.03,65762.09,244644.12,145766.93,98122.38,39.33,4839.88,1.98,5594.68,3.84
2022-07-01,Company_D,Germany,Sales,436597.0,234449.43,8588.55,80007.29,110720.32,428127.21,238163.25,202147.58,46.3,8469.79,1.98,-3713.83,-1.56
2022-07-01,Company_D,Germany,Technology,274432.4,157676.67,7427.74,49754.12,67754.62,269108.53,155277.82,116755.73,42.54,5323.87,1.98,2398.85,1.54
2022-08-01,Company_A,India,HR,109091.71,68673.51,2311.38,22760.07,28623.38,112689.48,68173.44,40418.2,37.05,-3597.78,-3.19,500.07,0.73
2022-08-01,Company_A,India,Marketing,141819.22,84027.49,11866.66,25808.05,31509.79,146496.33,82908.09,57791.73,40.75,-4677.11,-3.19,1119.4,1.35
2022-08-01,Company_A,India,Operations,218183.42,129971.85,6337.18,43524.04,60934.63,225378.97,127441.66,88211.57,40.43,-7195.55,-3.19,2530.19,1.99
2022-08-01,Company_A,India,Sales,381820.98,228664.75,7968.52,76751.14,104304.09,394413.19,231754.3,153156.24,40.11,-12592.21,-3.19,-3089.55,-1.33
2022-08-01,Company_A,India,Technology,240001.76,116738.29,6561.97,40072.47,45932.46,247916.87,117543.81,123263.47,51.36,-7915.11,-3.19,-805.52,-0.69
2022-08-01,Company_B,USA,HR,158052.53,87948.72,3730.49,33262.29,35368.44,163965.28,87874.5,70103.82,44.35,-5912.75,-3.61,74.22,0.08
2022-08-01,Company_B,USA,Marketing,205468.29,124297.51,22172.77,36879.34,39183.4,213154.86,121131.45,81170.78,39.51,-7686.57,-3.61,3166.06,2.61
2022-08-01,Company_B,USA,Operations,316105.07,204931.98,10936.95,67628.62,88054.25,327930.56,196332.66,111173.08,35.17,-11825.49,-3.61,8599.32,4.38
2022-08-01,Company_B,USA,Sales,553183.87,321766.5,15850.61,118475.36,134353.65,573878.48,332023.33,231417.36,41.83,-20694.61,-3.61,-10256.83,-3.09
2022-08-01,Company_B,USA,Technology,347715.57,198371.41,8383.89,56719.54,93569.35,360723.61,196887.75,149344.16,42.95,-13008.04,-3.61,1483.66,0.75
2022-08-01,Company_C,UK,HR,97516.99,81903.24,2178.87,21332.71,31926.92,99596.2,49601.06,15613.75,16.01,-2079.21,-2.09,32302.18,65.12
2022-08-01,Company_C,UK,Marketing,126772.08,77315.01,13210.79,24177.45,28852.59,129475.05,75609.07,49457.07,39.01,-2702.97,-2.09,1705.94,2.26
2022-08-01,Company_C,UK,Operations,195033.97,120761.69,6542.87,45239.35,42958.41,199192.39,119059.38,74272.28,38.08,-4158.42,-2.09,1702.31,1.43
2022-08-01,Company_C,UK,Sales,341309.45,188334.41,7368.3,55250.05,79759.52,348586.68,181476.1,152975.04,44.82,-7277.23,-2.09,6858.31,3.78
2022-08-01,Company_C,UK,Technology,214537.37,117981.27,3765.13,48855.38,40612.58,219111.63,110555.31,96556.1,45.01,-4574.26,-2.09,7425.95,6.72
2022-08-01,Company_D,Germany,HR,134449.01,77510.47,3957.18,29627.43,26095.01,140909.07,75799.17,56938.54,42.35,-6460.06,-4.58,1711.3,2.26
2022-08-01,Company_D,Germany,Marketing,174783.71,112565.75,19253.64,30073.88,47819.17,183181.79,105517.38,62217.96,35.6,-8398.08,-4.58,7048.37,6.68
2022-08-01,Company_D,Germany,Operations,268898.02,161767.82,8411.04,54101.15,67820.26,281818.14,160975.55,107130.2,39.84,-12920.12,-4.58,792.27,0.49
2022-08-01,Company_D,Germany,Sales,470571.53,272185.94,9038.93,90253.89,109232.4,493181.75,272535.77,198385.59,42.16,-22610.21,-4.58,-349.83,-0.13
2022-08-01,Company_D,Germany,Technology,295787.82,172602.74,5459.78,62461.32,73436.93,309999.96,175816.78,123185.08,41.65,-14212.13,-4.58,-3214.04,-1.83
2022-09-01,Company_A,India,HR,113960.45,70408.49,3790.98,24032.86,27493.8,117227.68,67922.3,43551.96,38.22,-3267.23,-2.79,2486.19,3.66
2022-09-01,Company_A,India,Marketing,148148.59,91256.98,12105.99,31747.29,35461.75,152395.99,90440.09,56891.62,38.4,-4247.39,-2.79,816.89,0.9
2022-09-01,Company_A,India,Operations,227920.91,119845.07,3742.5,50164.08,42853.23,234455.36,117953.48,108075.84,47.42,-6534.45,-2.79,1891.59,1.6
2022-09-01,Company_A,India,Sales,398861.59,222713.95,6457.77,72037.82,95878.17,410296.88,216764.53,176147.64,44.16,-11435.29,-2.79,5949.42,2.74
2022-09-01,Company_A,India,Technology,250713.0,129397.83,5611.22,49264.83,48162.59,257900.9,123926.92,121315.17,48.39,-7187.9,-2.79,5470.92,4.41
2022-09-01,Company_B,USA,HR,158055.33,92554.8,4961.92,28698.17,44245.22,164315.56,92676.21,65500.52,41.44,-6260.23,-3.81,-121.41,-0.13
2022-09-01,Company_B,USA,Marketing,205471.93,121309.73,13653.0,42673.13,37332.46,213610.23,124096.95,84162.19,40.96,-8138.3,-3.81,-2787.21,-2.25
2022-09-01,Company_B,USA,Operations,316110.65,184755.44,5665.31,66427.58,82915.94,328631.12,176117.23,131355.22,41.55,-12520.46,-3.81,8638.2,4.9
2022-09-01,Company_B,USA,Sales,553193.65,297676.21,9042.33,99700.43,114400.29,575104.46,302090.61,255517.43,46.19,-21910.81,-3.81,-4414.4,-1.46
2022-09-01,Company_B,USA,Technology,347721.72,172223.57,10218.76,62788.87,63567.76,361494.23,172392.99,175498.15,50.47,-13772.51,-3.81,-169.42,-0.1
2022-09-01,Company_C,UK,HR,103169.64,60681.79,2593.54,20252.23,25662.31,105647.92,57874.98,42487.85,41.18,-2478.28,-2.35,2806.82,4.85
2022-09-01,Company_C,UK,Marketing,134120.54,79773.2,9407.68,24057.96,34534.14,137342.3,80414.37,54347.34,40.52,-3221.76,-2.35,-641.18,-0.8
2022-09-01,Company_C,UK,Operations,206339.29,101964.69,5709.55,33713.11,42269.34,211295.84,98101.47,104374.59,50.58,-4956.56,-2.35,3863.22,3.94
2022-09-01,Company_C,UK,Sales,361093.75,212246.69,10439.14,67444.67,90224.17,369767.73,212583.29,148847.07,41.22,-8673.98,-2.35,-336.61,-0.16
2022-09-01,Company_C,UK,Technology,226973.21,118375.25,5448.56,45198.47,45380.59,232425.43,115961.69,108597.96,47.85,-5452.21,-2.35,2413.56,2.08
2022-09-01,Company_D,Germany,HR,136791.88,72797.48,2947.04,24270.15,33219.85,138360.55,70936.45,63994.41,46.78,-1568.66,-1.13,1861.02,2.62
2022-09-01,Company_D,Germany,Marketing,177829.45,119139.13,19510.08,39996.73,42140.38,179868.71,117380.9,58690.32,33.0,-2039.26,-1.13,1758.24,1.5
2022-09-01,Company_D,Germany,Operations,273583.77,151627.45,4423.47,59354.15,64573.16,276721.1,150303.79,121956.32,44.58,-3137.33,-1.13,1323.66,0.88
2022-09-01,Company_D,Germany,Sales,478771.6,241303.11,10324.92,94106.59,93754.93,484261.92,240208.54,237468.48,49.6,-5490.32,-1.13,1094.57,0.46
2022-09-01,Company_D,Germany,Technology,300942.15,150133.38,5192.44,51090.0,56345.72,304393.21,154583.62,150808.76,50.11,-3451.06,-1.13,-4450.24,-2.88
2022-10-01,Company_A,India,HR,123162.41,78265.73,3959.83,27809.31,33458.73,122719.87,76211.16,44896.68,36.45,442.54,0.36,2054.57,2.7
2022-10-01,Company_A,India,Marketing,160111.14,100602.74,12252.16,34237.74,33724.42,159535.83,102092.83,59508.4,37.17,575.3,0.36,-1490.09,-1.46
2022-10-01,Company_A,India,Operations,246324.82,147583.19,7860.74,52266.02,61396.29,245439.74,141435.71,98741.63,40.09,885.08,0.36,6147.49,4.35
2022-10-01,Company_A,India,Sales,431068.44,216845.24,10104.54,69374.66,90310.59,429519.54,213096.85,214223.21,49.7,1548.9,0.36,3748.39,1.76
2022-10-01,Company_A,India,Technology,270957.31,143030.14,4301.39,55864.89,52105.18,269983.71,144695.39,127927.17,47.21,973.59,0.36,-1665.26,-1.15
2022-10-01,Company_B,USA,HR,152712.98,96252.5,3807.88,35780.82,40361.21,162074.74,91958.36,56460.48,36.97,-9361.76,-5.78,4294.15,4.67
2022-10-01,Company_B,USA,Marketing,198526.88,129333.75,23658.57,34409.29,52030.9,210697.16,127424.37,69193.12,34.85,-12170.28,-5.78,1909.39,1.5
2022-10-01,Company_B,USA,Operations,305425.97,174075.61,10576.19,57230.12,74208.85,324149.48,169630.0,131350.35,43.01,-18723.51,-5.78,4445.62,2.62
2022-10-01,Company_B,USA,Sales,534495.44,305553.67,18466.16,91323.71,147753.42,567261.58,299550.68,228941.77,42.83,-32766.14,-5.78,6002.99,2.0
2022-10-01,Company_B,USA,Technology,335968.56,180444.03,5712.51,61802.71,69603.2,356564.42,173454.72,155524.53,46.29,-20595.86,-5.78,6989.31,4.03
2022-10-01,Company_C,UK,HR,94260.58,60173.39,2479.19,19141.13,25909.45,95556.07,60059.8,34087.19,36.16,-1295.49,-1.36,113.59,0.19
2022-10-01,Company_C,UK,Marketing,122538.76,77419.29,13383.39,25595.37,27008.89,124222.89,81567.13,45119.46,36.82,-1684.13,-1.36,-4147.83,-5.09
2022-10-01,Company_C,UK,Operations,188521.16,117458.74,3160.09,41045.01,49888.69,191112.13,114764.04,71062.43,37.69,-2590.97,-1.36,2694.7,2.35
2022-10-01,Company_C,UK,Sales,329912.03,184571.07,8392.2,60961.55,81280.58,334446.24,177391.23,145340.97,44.05,-4534.2,-1.36,7179.83,4.05
2022-10-01,Company_C,UK,Technology,207373.28,116290.91,4504.83,45115.64,43346.9,210223.35,115812.16,91082.37,43.92,-2850.07,-1.36,478.74,0.41
2022-10-01,Company_D,Germany,HR,128592.74,65695.82,2765.75,22769.62,25085.06,133344.36,63872.11,62896.92,48.91,-4751.62,-3.56,1823.71,2.86
2022-10-01,Company_D,Germany,Marketing,167170.56,102476.74,10575.98,29063.65,41068.07,173347.67,102778.45,64693.83,38.7,-6177.11,-3.56,-301.71,-0.29
2022-10-01,Company_D,Germany,Operations,257185.48,120244.43,5770.71,44762.94,47020.83,266688.73,116779.75,136941.05,53.25,-9503.25,-3.56,3464.68,2.97
2022-10-01,Company_D,Germany,Sales,450074.59,281486.47,13485.04,105251.78,111007.6,466705.28,265725.99,168588.12,37.46,-16630.68,-3.56,15760.48,5.93
2022-10-01,Company_D,Germany,Technology,282904.03,164692.67,5299.15,56308.04,76234.45,293357.6,162286.79,118211.36,41.78,-10453.57,-3.56,2405.88,1.48
2022-11-01,Company_A,India,HR,131551.72,78216.58,2546.56,24885.31,36677.09,129089.95,75069.14,53335.14,40.54,2461.77,1.91,3147.44,4.19
2022-11-01,Company_A,India,Marketing,171017.23,108681.82,13454.45,32967.05,42363.03,167816.94,105939.72,62335.41,36.45,3200.3,1.91,2742.1,2.59
2022-11-01,Company_A,India,Operations,263103.44,144881.09,4080.46,45347.66,64350.43,258179.9,139947.28,118222.34,44.93,4923.53,1.91,4933.81,3.53
2022-11-01,Company_A,India,Sales,460431.01,270999.64,12441.53,87340.91,115364.94,451814.83,258188.36,189431.37,41.14,8616.18,1.91,12811.28,4.96
2022-11-01,Company_A,India,Technology,289413.78,168455.2,5166.58,56274.29,77855.12,283997.89,163356.0,120958.58,41.79,5415.89,1.91,5099.2,3.12
2022-11-01,Company_B,USA,HR,177124.85,101833.51,3494.58,40717.95,35628.78,185622.04,99969.55,75291.34,42.51,-8497.19,-4.58,1863.96,1.86
2022-11-01,Company_B,USA,Marketing,230262.31,122592.94,15809.52,44530.57,43601.54,241308.65,124161.19,107669.37,46.76,-11046.34,-4.58,-1568.25,-1.26
2022-11-01,Company_B,USA,Operations,354249.7,221029.02,9532.26,79249.65,95172.56,371244.08,225643.37,133220.68,37.61,-16994.38,-4.58,-4614.35,-2.04
2022-11-01,Company_B,USA,Sales,619936.98,324917.3,13777.68,107817.64,151097.37,649677.13,322852.34,295019.68,47.59,-29740.16,-4.58,2064.96,0.64
2022-11-01,Company_B,USA,Technology,389674.67,246164.64,9543.39,93404.22,101941.11,408368.48,227877.24,143510.03,36.83,-18693.81,-4.58,18287.39,8.03
2022-11-01,Company_C,UK,HR,104404.65,60078.31,3080.75,22121.54,20981.79,107801.48,57086.6,44326.34,42.46,-3396.82,-3.15,2991.71,5.24
2022-11-01,Company_C,UK,Marketing,135726.05,85929.8,8957.36,27745.26,35356.88,140141.92,87260.54,49796.25,36.69,-4415.87,-3.15,-1330.74,-1.53
2022-11-01,Company_C,UK,Operations,208809.3,104965.13,4599.47,36161.33,43116.33,215602.95,100502.94,103844.17,49.73,-6793.65,-3.15,4462.19,4.44
2022-11-01,Company_C,UK,Sales,365416.28,207797.56,6201.08,86046.12,75462.97,377305.16,203735.36,157618.72,43.13,-11888.88,-3.15,4062.2,1.99
2022-11-01,Company_C,UK,Technology,229690.23,130181.52,4083.71,50495.74,47141.94,237163.25,131518.07,99508.72,43.32,-7473.01,-3.15,-1336.56,-1.02
2022-11-01,Company_D,Germany,HR,157908.54,87964.98,4892.04,32121.14,28996.03,156694.05,81581.8,69943.55,44.29,1214.48,0.78,6383.18,7.82
2022-11-01,Company_D,Germany,Marketing,205281.1,126634.14,23368.58,44013.27,39746.0,203702.27,129164.05,78646.96,38.31,1578.83,0.78,-2529.91,-1.96
2022-11-01,Company_D,Germany,Operations,315817.07,174996.8,7386.27,62350.83,62477.3,313388.1,170999.63,140820.27,44.59,2428.97,0.78,3997.18,2.34
2022-11-01,Company_D,Germany,Sales,552679.87,345826.23,14322.18,122105.77,134170.24,548429.18,330536.53,206853.65,37.43,4250.7,0.78,15289.7,4.63
2022-11-01,Company_D,Germany,Technology,347398.78,189354.74,9458.32,75530.15,68733.99,344726.91,179026.54,158044.03,45.49,2671.87,0.78,10328.21,5.77
2022-12-01,Company_A,India,HR,137662.43,73792.32,3002.11,26271.63,32232.39,139473.25,73142.42,63870.12,46.4,-1810.81,-1.3,649.89,0.89
2022-12-01,Company_A,India,Marketing,178961.16,119603.02,20277.05,33128.81,43003.34,181315.22,116890.11,59358.14,33.17,-2354.06,-1.3,2712.9,2.32
2022-12-01,Company_A,India,Operations,275324.86,150082.41,9086.18,50422.88,52756.07,278946.49,153078.98,125242.45,45.49,-3621.63,-1.3,-2996.57,-1.96
2022-12-01,Company_A,India,Sales,481818.51,258002.82,16516.91,96573.97,105239.12,488156.36,252749.55,223815.69,46.45,-6337.85,-1.3,5253.27,2.08
2022-12-01,Company_A,India,Technology,302857.35,140113.87,6892.95,49207.19,59360.8,306841.14,136405.07,162743.48,53.74,-3983.79,-1.3,3708.8,2.72
2022-12-01,Company_B,USA,HR,163645.46,96850.1,4645.14,37533.87,36788.9,173635.79,93607.31,66795.35,40.82,-9990.33,-5.75,3242.8,3.46
2022-12-01,Company_B,USA,Marketing,212739.09,132677.65,15785.93,37625.26,51653.7,225726.52,124899.63,80061.44,37.63,-12987.43,-5.75,7778.02,6.23
2022-12-01,Company_B,USA,Operations,327290.91,201237.43,6434.66,71538.44,85525.76,347271.57,205897.22,126053.48,38.51,-19980.66,-5.75,-4659.79,-2.26
2022-12-01,Company_B,USA,Sales,572759.1,277144.31,8690.12,98233.97,104240.61,607725.25,268051.38,295614.79,51.61,-34966.16,-5.75,9092.93,3.39
2022-12-01,Company_B,USA,Technology,360020.0,182853.95,9130.22,70719.3,65072.29,381998.73,177123.14,177166.06,49.21,-21978.73,-5.75,5730.81,3.24
2022-12-01,Company_C,UK,HR,119412.28,64043.68,3836.2,25326.84,22836.2,120129.73,63398.51,55368.6,46.37,-717.45,-0.6,645.17,1.02
2022-12-01,Company_C,UK,Marketing,155235.96,102287.11,16409.15,35312.18,28847.45,156168.64,101705.21,52948.85,34.11,-932.68,-0.6,581.9,0.57
2022-12-01,Company_C,UK,Operations,238824.55,135881.13,5784.19,44146.26,59085.23,240259.45,133361.26,102943.42,43.1,-1434.9,-0.6,2519.87,1.89
2022-12-01,Company_C,UK,Sales,417942.96,248143.26,13037.1,78162.38,104305.09,420454.04,247297.38,169799.71,40.63,-2511.07,-0.6,845.88,0.34
2022-12-01,Company_C,UK,Technology,262707.01,140798.02,7705.07,51305.65,57440.72,264285.4,138717.21,121908.99,46.4,-1578.39,-0.6,2080.81,1.5
2022-12-01,Company_D,Germany,HR,150312.12,70083.72,2421.5,27630.82,27094.17,150844.91,65865.3,80228.4,53.37,-532.8,-0.35,4218.41,6.4
2022-12-01,Company_D,Germany,Marketing,195405.75,117696.16,15519.08,34971.02,44578.12,196098.39,117399.6,77709.59,39.77,-692.64,-0.35,296.56,0.25
2022-12-01,Company_D,Germany,Operations,300624.23,187277.74,4826.97,64844.97,78675.91,301689.82,183949.8,113346.49,37.7,-1065.59,-0.35,3327.93,1.81
2022-12-01,Company_D,Germany,Sales,526092.4,324043.41,17944.11,117490.07,116458.17,527957.19,313137.21,202048.99,38.41,-1864.79,-0.35,10906.2,3.48
2022-12-01,Company_D,Germany,Technology,330686.65,199743.5,8141.84,74703.37,81812.74,331858.81,192396.4,130943.15,39.6,-1172.15,-0.35,7347.1,3.82
2023-01-01,Company_A,India,HR,105297.28,60062.07,2778.54,22099.0,25488.9,113803.45,58162.14,45235.2,42.96,-8506.18,-7.47,1899.93,3.27
2023-01-01,Company_A,India,Marketing,136886.46,95193.89,11513.07,27255.71,38244.0,147944.49,91102.02,41692.57,30.46,-11058.03,-7.47,4091.87,4.49
2023-01-01,Company_A,India,Operations,210594.55,116450.53,4621.61,43091.16,50131.35,227606.91,120159.72,94144.02,44.7,-17012.36,-7.47,-3709.19,-3.09
2023-01-01,Company_A,India,Sales,368540.46,211840.48,11672.78,81429.81,82569.33,398312.09,203431.56,156699.99,42.52,-29771.62,-7.47,8408.92,4.13
2023-01-01,Company_A,India,Technology,231654.01,123117.29,5061.4,38132.98,47958.12,250367.6,118744.02,108536.72,46.85,-18713.59,-7.47,4373.27,3.68
2023-01-01,Company_B,USA,HR,133164.44,66603.35,2998.39,22684.62,25289.87,132430.96,67738.88,66561.08,49.98,733.47,0.55,-1135.52,-1.68
2023-01-01,Company_B,USA,Marketing,173113.77,118391.69,15923.58,40886.2,42093.38,172160.25,117878.5,54722.07,31.61,953.51,0.55,513.19,0.44
2023-01-01,Company_B,USA,Operations,266328.87,143652.05,5019.32,53103.14,60295.16,264861.93,139886.15,122676.83,46.06,1466.94,0.55,3765.9,2.69
2023-01-01,Company_B,USA,Sales,466075.53,261367.6,16272.05,87948.17,106273.77,463508.37,261458.95,204707.92,43.92,2567.15,0.55,-91.35,-0.03
2023-01-01,Company_B,USA,Technology,292961.76,180210.18,7037.7,65642.61,73788.26,291348.12,177185.43,112751.58,38.49,1613.64,0.55,3024.75,1.71
2023-01-01,Company_C,UK,HR,78491.06,42391.21,1564.62,13033.0,19586.02,81069.74,41145.44,36099.85,45.99,-2578.69,-3.18,1245.77,3.03
2023-01-01,Company_C,UK,Marketing,102038.38,62385.62,7296.4,22699.75,18877.76,105390.67,63267.64,39652.75,38.86,-3352.29,-3.18,-882.02,-1.39
2023-01-01,Company_C,UK,Operations,156982.12,89379.25,3940.77,28694.48,36597.72,162139.49,88443.79,67602.87,43.06,-5157.37,-3.18,935.46,1.06
2023-01-01,Company_C,UK,Sales,274718.7,151185.81,8451.0,45674.56,72401.73,283744.1,149821.92,123532.9,44.97,-9025.4,-3.18,1363.88,0.91
2023-01-01,Company_C,UK,Technology,172680.33,94417.49,5457.56,34813.5,38322.07,178353.44,94495.81,78262.84,45.32,-5673.11,-3.18,-78.32,-0.08
2023-01-01,Company_D,Germany,HR,114452.36,71407.8,2354.27,22430.16,31396.15,109523.88,70040.71,43044.55,37.61,4928.47,4.5,1367.09,1.95
2023-01-01,Company_D,Germany,Marketing,148788.06,94792.54,14030.47,33971.3,33551.87,142381.05,90941.2,53995.52,36.29,6407.02,4.5,3851.34,4.23
2023-01-01,Company_D,Germany,Operations,228904.71,134619.01,6439.65,42129.29,62235.8,219047.76,129857.05,94285.7,41.19,9856.95,4.5,4761.96,3.67
2023-01-01,Company_D,Germany,Sales,400583.24,203859.55,10423.43,68799.31,77899.62,383333.59,195422.4,196723.7,49.11,17249.66,4.5,8437.15,4.32
2023-01-01,Company_D,Germany,Technology,251795.18,133212.4,4650.84,47387.36,54722.77,240952.54,129636.89,118582.78,47.09,10842.64,4.5,3575.51,2.76
2023-02-01,Company_A,India,HR,100781.49,56568.59,1921.34,18429.17,25818.18,109963.55,57221.85,44212.9,43.87,-9182.06,-8.35,-653.26,-1.14
2023-02-01,Company_A,India,Marketing,131015.94,88570.3,15572.46,25811.98,29916.28,142952.62,82872.94,42445.64,32.4,-11936.68,-8.35,5697.36,6.87
2023-02-01,Company_A,India,Operations,201562.98,116490.34,6559.22,36696.84,55309.73,219927.1,113161.07,85072.64,42.21,-18364.12,-8.35,3329.27,2.94
2023-02-01,Company_A,India,Sales,352735.22,214030.78,12091.97,62864.46,95572.01,384872.43,201708.11,138704.45,39.32,-32137.21,-8.35,12322.66,6.11
2023-02-01,Company_A,India,Technology,221719.28,123179.73,7183.57,44936.05,42806.29,241919.81,121544.91,98539.56,44.44,-20200.53,-8.35,1634.82,1.35
2023-02-01,Company_B,USA,HR,133087.47,70804.93,2877.12,22131.13,27260.14,134532.88,69833.69,62282.54,46.8,-1445.41,-1.07,971.24,1.39
2023-02-01,Company_B,USA,Marketing,173013.71,114323.54,17829.7,31079.55,44582.54,174892.74,114499.13,58690.17,33.92,-1879.03,-1.07,-175.59,-0.15
2023-02-01,Company_B,USA,Operations,266174.93,138260.75,9134.25,44919.31,52563.83,269065.75,129856.79,127914.19,48.06,-2890.82,-1.07,8403.96,6.47
2023-02-01,Company_B,USA,Sales,465806.14,271199.73,15619.28,89670.75,116936.99,470865.07,262580.22,194606.4,41.78,-5058.93,-1.07,8619.51,3.28
2023-02-01,Company_B,USA,Technology,292792.43,180508.89,4885.03,58963.06,81530.27,295972.33,179842.39,112283.54,38.35,-3179.9,-1.07,666.5,0.37
2023-02-01,Company_C,UK,HR,84856.6,43432.12,1963.88,14711.65,17245.18,83000.34,43149.55,41424.48,48.82,1856.25,2.24,282.56,0.65
2023-02-01,Company_C,UK,Marketing,110313.57,66933.19,6768.2,21959.77,27434.19,107900.44,62592.34,43380.38,39.32,2413.13,2.24,4340.86,6.94
2023-02-01,Company_C,UK,Operations,169713.19,83832.18,2573.22,32286.66,30705.4,166000.68,80244.97,85881.01,50.6,3712.51,2.24,3587.22,4.47
2023-02-01,Company_C,UK,Sales,296998.08,178949.88,9661.93,60228.19,80560.29,290501.2,180649.85,118048.2,39.75,6496.89,2.24,-1699.97,-0.94
2023-02-01,Company_C,UK,Technology,186684.51,119064.09,4850.6,36771.48,51321.67,182600.75,119010.6,67620.41,36.22,4083.76,2.24,53.5,0.04
2023-02-01,Company_D,Germany,HR,111687.86,65687.72,1843.64,21186.51,30807.41,113204.05,64959.26,46000.14,41.19,-1516.19,-1.34,728.46,1.12
2023-02-01,Company_D,Germany,Marketing,145194.22,89488.56,10268.48,27181.62,34627.89,147165.26,89130.67,55705.66,38.37,-1971.04,-1.34,357.89,0.4
2023-02-01,Company_D,Germany,Operations,223375.73,130340.34,5140.77,45034.15,51854.93,226408.1,127400.98,93035.39,41.65,-3032.37,-1.34,2939.36,2.31
2023-02-01,Company_D,Germany,Sales,390907.52,219530.91,9987.8,89966.52,83428.08,396214.17,207411.56,171376.61,43.84,-5306.65,-1.34,12119.35,5.84
2023-02-01,Company_D,Germany,Technology,245713.3,140393.69,6754.75,55046.16,55729.38,249048.91,138579.56,105319.61,42.86,-3335.61,-1.34,1814.13,1.31
2023-03-01,Company_A,India,HR,97811.26,56905.74,2880.95,21031.16,24379.77,107929.22,54385.3,40905.52,41.82,-10117.96,-9.37,2520.44,4.63
2023-03-01,Company_A,India,Marketing,127154.64,78356.83,14696.91,26718.67,23130.9,140307.99,71029.71,48797.81,38.38,-13153.35,-9.37,7327.12,10.32
2023-03-01,Company_A,India,Operations,195622.52,127229.42,4652.49,44663.94,51780.67,215858.44,126572.77,68393.11,34.96,-20235.92,-9.37,656.64,0.52
2023-03-01,Company_A,India,Sales,342339.41,212600.6,11061.51,70584.33,95195.67,377752.27,211118.36,129738.81,37.9,-35412.86,-9.37,1482.24,0.7
2023-03-01,Company_A,India,Technology,215184.77,113317.71,7342.31,44302.74,43047.17,237444.29,112879.22,101867.06,47.34,-22259.51,-9.37,438.5,0.39
2023-03-01,Company_B,USA,HR,153512.26,90989.36,3434.76,28355.77,39448.53,154665.54,90482.92,62522.91,40.73,-1153.28,-0.75,506.44,0.56
2023-03-01,Company_B,USA,Marketing,199565.94,124134.6,19353.4,44544.45,36817.13,201065.21,121036.84,75431.34,37.8,-1499.26,-0.75,3097.77,2.56
2023-03-01,Company_B,USA,Operations,307024.53,178004.79,4648.92,57438.32,76149.78,309331.09,173595.29,129019.74,42.02,-2306.56,-0.75,4409.5,2.54
2023-03-01,Company_B,USA,Sales,537292.92,287342.36,10338.39,115398.71,109553.9,541329.4,271225.3,249950.56,46.52,-4036.48,-0.75,16117.06,5.94
2023-03-01,Company_B,USA,Technology,337726.98,192914.78,11005.8,54567.26,93402.11,340264.19,186727.47,144812.2,42.88,-2537.21,-0.75,6187.31,3.31
2023-03-01,Company_C,UK,HR,88041.35,47932.73,1832.39,19024.97,18466.61,87110.59,45883.98,40108.62,45.56,930.77,1.07,2048.75,4.47
2023-03-01,Company_C,UK,Marketing,114453.76,75302.88,12557.87,22271.75,30019.94,113243.76,72885.78,39150.88,34.21,1210.0,1.07,2417.1,3.32
2023-03-01,Company_C,UK,Operations,176082.7,106059.73,4574.92,41194.26,41960.48,174221.17,105996.7,70022.98,39.77,1861.53,1.07,63.03,0.06
2023-03-01,Company_C,UK,Sales,308144.73,167330.97,8757.32,53182.79,78698.24,304887.05,160752.6,140813.76,45.7,3257.68,1.07,6578.37,4.09
2023-03-01,Company_C,UK,Technology,193690.98,110782.09,3929.62,40259.56,45083.99,191643.29,108405.92,82908.88,42.8,2047.69,1.07,2376.18,2.19
2023-03-01,Company_D,Germany,HR,132524.75,75021.99,2707.44,30600.45,24370.93,139543.05,74032.67,57502.75,43.39,-7018.31,-5.03,989.32,1.34
2023-03-01,Company_D,Germany,Marketing,172282.17,113935.51,19371.39,34370.97,46297.23,181405.97,110899.62,58346.66,33.87,-9123.8,-5.03,3035.89,2.74
2023-03-01,Company_D,Germany,Operations,265049.49,165395.2,8129.72,62629.21,65200.17,279086.1,158629.73,99654.29,37.6,-14036.61,-5.03,6765.47,4.26
2023-03-01,Company_D,Germany,Sales,463836.61,281347.36,8861.67,94493.3,118516.89,488400.68,271294.59,182489.25,39.34,-24564.07,-5.03,10052.78,3.71
2023-03-01,Company_D,Germany,Technology,291554.44,145311.12,4862.85,49306.25,62379.96,306994.71,152991.21,146243.32,50.16,-15440.27,-5.03,-7680.09,-5.02
2023-04-01,Company_A,India,HR,104893.4,51820.91,2428.37,17434.54,23151.09,105872.28,49642.01,53072.49,50.6,-978.87,-0.92,2178.91,4.39
2023-04-01,Company_A,India,Marketing,136361.42,95460.99,14449.8,29001.79,36080.16,137633.96,93488.47,40900.44,29.99,-1272.53,-0.92,1972.51,2.11
2023-04-01,Company_A,India,Operations,209786.81,129768.51,3746.16,45993.26,53567.55,211744.55,128847.73,80018.3,38.14,-1957.75,-0.92,920.78,0.71
2023-04-01,Company_A,India,Sales,367126.91,195223.75,12537.0,64928.74,66408.24,370552.96,195528.27,171903.16,46.82,-3426.05,-0.92,-304.52,-0.16
2023-04-01,Company_A,India,Technology,230765.49,123698.6,7285.12,49417.44,48336.59,232919.01,123466.96,107066.89,46.4,-2153.52,-0.92,231.64,0.19
2023-04-01,Company_B,USA,HR,147869.99,79639.52,4650.98,31537.09,26812.99,156767.83,78269.32,68230.47,46.14,-8897.84,-5.68,1370.2,1.75
2023-04-01,Company_B,USA,Marketing,192230.99,119776.67,18174.97,39024.14,47003.36,203798.18,119545.58,72454.32,37.69,-11567.19,-5.68,231.09,0.19
2023-04-01,Company_B,USA,Operations,295739.99,145255.0,10068.53,54159.46,54707.76,313535.66,143646.2,150484.99,50.88,-17795.67,-5.68,1608.8,1.12
2023-04-01,Company_B,USA,Sales,517544.98,304151.85,17053.44,102841.46,140138.82,548687.4,294387.67,213393.13,41.23,-31142.42,-5.68,9764.18,3.32
2023-04-01,Company_B,USA,Technology,325313.99,200919.1,10250.87,76422.59,84298.96,344889.23,198958.31,124394.89,38.24,-19575.24,-5.68,1960.79,0.99
2023-04-01,Company_C,UK,HR,93905.06,62567.26,3201.48,21133.76,25596.53,94804.73,64022.45,31337.8,33.37,-899.67,-0.95,-1455.19,-2.27
2023-04-01,Company_C,UK,Marketing,122076.58,76066.59,9827.5,26008.64,30320.16,123246.15,74363.95,46009.99,37.69,-1169.57,-0.95,1702.64,2.29
2023-04-01,Company_C,UK,Operations,187810.13,112531.26,3779.7,42962.46,40946.27,189609.46,109247.49,75278.87,40.08,-1799.34,-0.95,3283.77,3.01
2023-04-01,Company_C,UK,Sales,328667.72,201797.06,5222.99,65100.04,91059.8,331816.56,190960.58,126870.66,38.6,-3148.84,-0.95,10836.48,5.67
2023-04-01,Company_C,UK,Technology,206591.14,113554.56,4415.67,38396.1,46452.9,208570.41,110366.39,93036.58,45.03,-1979.27,-0.95,3188.16,2.89
2023-04-01,Company_D,Germany,HR,134176.67,79946.79,4161.34,28252.15,30217.96,141863.21,72870.64,54229.88,40.42,-7686.54,-5.42,7076.14,9.71
2023-04-01,Company_D,Germany,Marketing,174429.67,110734.67,20298.18,33858.75,38872.77,184422.18,111001.82,63695.0,36.52,-9992.5,-5.42,-267.15,-0.24
2023-04-01,Company_D,Germany,Operations,268353.34,147461.02,6743.51,44138.02,71674.24,283726.43,138954.17,120892.32,45.05,-15373.08,-5.42,8506.85,6.12
2023-04-01,Company_D,Germany,Sales,469618.35,295408.94,15404.47,104680.17,110489.34,496521.25,291768.04,174209.41,37.1,-26902.9,-5.42,3640.89,1.25
2023-04-01,Company_D,Germany,Technology,295188.68,186549.31,5115.88,70754.29,78211.53,312099.07,189889.09,108639.37,36.8,-16910.39,-5.42,-3339.77,-1.76
2023-05-01,Company_A,India,HR,110280.55,58589.83,2705.04,20481.27,22343.16,112188.51,57505.82,51690.71,46.87,-1907.96,-1.7,1084.01,1.89
2023-05-01,Company_A,India,Marketing,143364.71,99625.46,16594.99,32153.64,31613.39,145845.06,95292.0,43739.25,30.51,-2480.35,-1.7,4333.47,4.55
2023-05-01,Company_A,India,Operations,220561.09,109945.49,3630.0,36176.01,48586.81,224377.01,105632.48,110615.61,50.15,-3815.92,-1.7,4313.0,4.08
2023-05-01,Company_A,India,Sales,385981.92,225085.79,13105.54,86714.24,72268.03,392659.77,209928.43,160896.12,41.68,-6677.86,-1.7,15157.36,7.22
2023-05-01,Company_A,India,Technology,242617.2,139028.92,6068.46,40310.6,62947.41,246814.72,136989.7,103588.28,42.7,-4197.51,-1.7,2039.23,1.49
2023-05-01,Company_B,USA,HR,151455.62,80654.37,4554.2,29745.36,29268.35,143237.54,77290.56,70801.25,46.75,8218.08,5.74,3363.81,4.35
2023-05-01,Company_B,USA,Marketing,196892.31,142032.54,21474.91,44162.05,54715.34,186208.81,141682.77,54859.77,27.86,10683.5,5.74,349.77,0.25
2023-05-01,Company_B,USA,Operations,302911.25,158432.74,10373.73,52275.31,70225.9,286475.09,149857.48,144478.51,47.7,16436.16,5.74,8575.26,5.72
2023-05-01,Company_B,USA,Sales,530094.69,291921.41,15207.73,87877.54,122092.49,501331.41,277405.89,238173.27,44.93,28763.28,5.74,14515.53,5.23
2023-05-01,Company_B,USA,Technology,333202.37,204697.78,6146.83,70592.44,89044.82,315122.6,200348.57,128504.59,38.57,18079.78,5.74,4349.21,2.17
2023-05-01,Company_C,UK,HR,83441.74,47665.62,2026.42,17670.09,19152.53,85935.41,48768.72,35776.12,42.88,-2493.66,-2.9,-1103.09,-2.26
2023-05-01,Company_C,UK,Marketing,108474.27,61647.06,6790.9,21706.58,23305.46,111716.03,59220.94,46827.2,43.17,-3241.76,-2.9,2426.13,4.1
2023-05-01,Company_C,UK,Operations,166883.49,88641.37,4585.14,38706.96,30133.01,171870.81,86282.72,78242.12,46.88,-4987.33,-2.9,2358.65,2.73
2023-05-01,Company_C,UK,Sales,292046.1,171378.41,8410.32,57592.32,78385.11,300773.92,165556.7,120667.7,41.32,-8727.82,-2.9,5821.71,3.52
2023-05-01,Company_C,UK,Technology,183571.84,102705.02,3822.79,31019.84,44317.61,189057.9,99849.63,80866.82,44.05,-5486.06,-2.9,2855.38,2.86
2023-05-01,Company_D,Germany,HR,118935.19,74317.7,3908.54,28290.03,25481.07,123188.2,71942.22,44617.49,37.51,-4253.01,-3.45,2375.48,3.3
2023-05-01,Company_D,Germany,Marketing,154615.75,97606.6,11988.87,32356.05,34336.45,160144.66,95203.34,57009.15,36.87,-5528.91,-3.45,2403.26,2.52
2023-05-01,Company_D,Germany,Operations,237870.38,125637.04,5042.96,43108.63,55374.08,246376.41,126772.49,112233.35,47.18,-8506.02,-3.45,-1135.45,-0.9
2023-05-01,Company_D,Germany,Sales,416273.17,233609.3,12219.47,88514.69,98159.25,431158.71,225825.23,182663.87,43.88,-14885.54,-3.45,7784.07,3.45
2023-05-01,Company_D,Germany,Technology,261657.42,135605.07,7448.97,47781.27,47578.44,271014.05,130115.55,126052.35,48.17,-9356.63,-3.45,5489.52,4.22
2023-06-01,Company_A,India,HR,118351.31,68687.67,1903.88,24896.93,30163.55,125335.99,66611.1,49663.64,41.96,-6984.68,-5.57,2076.57,3.12
2023-06-01,Company_A,India,Marketing,153856.71,91528.36,16388.93,26375.67,31870.02,162936.79,88108.14,62328.35,40.51,-9080.08,-5.57,3420.22,3.88
2023-06-01,Company_A,India,Operations,236702.63,142812.69,7356.52,53448.11,55684.32,250671.98,136480.57,93889.93,39.67,-13969.35,-5.57,6332.12,4.64
2023-06-01,Company_A,India,Sales,414229.59,223632.71,13575.62,70350.13,95400.55,438675.96,211842.68,190596.89,46.01,-24446.37,-5.57,11790.03,5.57
2023-06-01,Company_A,India,Technology,260372.89,141252.15,7159.13,53863.13,48735.97,275739.17,141277.31,119120.73,45.75,-15366.29,-5.57,-25.15,-0.02
2023-06-01,Company_B,USA,HR,155983.25,91716.19,2841.58,30292.47,39001.24,164187.71,90454.06,64267.06,41.2,-8204.46,-5.0,1262.13,1.4
2023-06-01,Company_B,USA,Marketing,202778.22,132655.37,22796.47,44021.7,39071.34,213444.02,126704.36,70122.85,34.58,-10665.8,-5.0,5951.01,4.7
2023-06-01,Company_B,USA,Operations,311966.5,181205.14,6137.57,69603.82,76094.93,328375.42,183383.85,130761.36,41.92,-16408.92,-5.0,-2178.72,-1.19
2023-06-01,Company_B,USA,Sales,545941.37,289518.64,9272.68,124743.39,103222.28,574656.98,281873.31,256422.73,46.97,-28715.61,-5.0,7645.32,2.71
2023-06-01,Company_B,USA,Technology,343163.15,200966.28,6032.14,78921.1,86477.0,361212.96,189424.49,142196.87,41.44,-18049.81,-5.0,11541.78,6.09
2023-06-01,Company_C,UK,HR,95369.78,51971.15,2309.26,15829.45,25662.33,99550.36,51517.99,43398.64,45.51,-4180.58,-4.2,453.15,0.88
2023-06-01,Company_C,UK,Marketing,123980.72,76240.91,10380.82,25088.1,26312.9,129415.47,75052.48,47739.81,38.51,-5434.75,-4.2,1188.44,1.58
2023-06-01,Company_C,UK,Operations,190739.57,110408.64,3582.15,40036.57,43287.1,199100.72,106917.61,80330.93,42.12,-8361.15,-4.2,3491.03,3.27
2023-06-01,Company_C,UK,Sales,333794.24,173540.68,8102.36,63500.17,63037.79,348426.26,170502.97,160253.56,48.01,-14632.02,-4.2,3037.72,1.78
2023-06-01,Company_C,UK,Technology,209813.52,114905.4,3819.9,38407.82,49191.44,219010.79,113231.25,94908.12,45.23,-9197.27,-4.2,1674.15,1.48
2023-06-01,Company_D,Germany,HR,137082.87,72952.02,3477.54,31898.56,25702.27,146068.22,71433.02,64130.85,46.78,-8985.35,-6.15,1519.0,2.13
2023-06-01,Company_D,Germany,Marketing,178207.73,117057.54,20402.63,33416.95,48915.8,189888.68,113441.31,61150.19,34.31,-11680.95,-6.15,3616.23,3.19
2023-06-01,Company_D,Germany,Operations,274165.73,143802.13,6917.13,47896.51,51906.71,292136.43,138163.52,130363.6,47.55,-17970.7,-6.15,5638.61,4.08
2023-06-01,Company_D,Germany,Sales,479790.03,285762.54,9477.02,100730.4,110508.62,511238.76,276333.56,194027.49,40.44,-31448.72,-6.15,9428.98,3.41
2023-06-01,Company_D,Germany,Technology,301582.31,195246.83,6473.1,67916.52,83908.18,321350.08,193919.33,106335.48,35.26,-19767.77,-6.15,1327.5,0.68
2023-07-01,Company_A,India,HR,113805.24,66890.25,2589.41,22704.73,27685.54,116623.91,67166.83,46914.99,41.22,-2818.67,-2.42,-276.59,-0.41
2023-07-01,Company_A,India,Marketing,147946.81,91457.8,17434.75,28137.33,27951.44,151611.08,89314.55,56489.01,38.18,-3664.27,-2.42,2143.25,2.4
2023-07-01,Company_A,India,Operations,227610.47,145918.68,4840.58,51762.48,58926.81,233247.81,146104.36,81691.79,35.89,-5637.34,-2.42,-185.67,-0.13
2023-07-01,Company_A,India,Sales,398318.33,206619.89,8174.84,65223.89,99857.47,408183.67,206749.54,191698.43,48.13,-9865.35,-2.42,-129.65,-0.06
2023-07-01,Company_A,India,Technology,250371.52,128837.79,4265.79,46394.25,54086.11,256572.6,123468.06,121533.73,48.54,-6201.07,-2.42,5369.73,4.35
2023-07-01,Company_B,USA,HR,151224.78,84921.28,2990.76,25488.28,41575.94,151320.02,82904.15,66303.49,43.84,-95.25,-0.06,2017.13,2.43
2023-07-01,Company_B,USA,Marketing,196592.21,120981.92,21160.66,35203.17,44950.47,196716.03,117637.95,75610.29,38.46,-123.82,-0.06,3343.97,2.84
2023-07-01,Company_B,USA,Operations,302449.55,175339.57,9569.15,68880.71,66645.36,302640.04,183910.24,127109.98,42.03,-190.49,-0.06,-8570.68,-4.66
2023-07-01,Company_B,USA,Sales,529286.71,332001.34,17849.27,119179.49,122451.43,529620.08,306102.62,197285.37,37.27,-333.36,-0.06,25898.72,8.46
2023-07-01,Company_B,USA,Technology,332694.51,196065.16,8270.67,75806.52,75584.95,332904.05,195980.02,136629.35,41.07,-209.54,-0.06,85.14,0.04
2023-07-01,Company_C,UK,HR,96536.76,52528.94,3044.24,20429.32,18408.79,97976.66,52450.07,44007.83,45.59,-1439.89,-1.47,78.87,0.15
2023-07-01,Company_C,UK,Marketing,125497.79,82529.35,14655.11,21241.01,31793.13,127369.66,80796.39,42968.44,34.24,-1871.86,-1.47,1732.96,2.14
2023-07-01,Company_C,UK,Operations,193073.53,92761.65,3310.67,36052.8,37564.94,195953.32,92320.76,100311.87,51.96,-2879.79,-1.47,440.9,0.48
2023-07-01,Company_C,UK,Sales,337878.67,198395.84,8047.29,65369.61,82247.88,342918.3,194864.27,139482.83,41.28,-5039.63,-1.47,3531.58,1.81
2023-07-01,Company_C,UK,Technology,212380.88,110395.18,4655.17,37153.62,45618.75,215548.65,106972.17,101985.7,48.02,-3167.77,-1.47,3423.01,3.2
2023-07-01,Company_D,Germany,HR,133877.4,80046.68,4624.62,25857.37,31891.22,136700.84,78688.85,53830.72,40.21,-2823.44,-2.07,1357.83,1.73
2023-07-01,Company_D,Germany,Marketing,174040.62,123943.65,17112.43,41198.99,46069.37,177711.1,123233.89,50096.97,28.78,-3670.48,-2.07,709.76,0.58
2023-07-01,Company_D,Germany,Operations,267754.8,146272.33,4986.92,46288.1,63338.44,273401.69,140565.52,121482.47,45.37,-5646.89,-2.07,5706.82,4.06
2023-07-01,Company_D,Germany,Sales,468570.9,256319.34,15159.38,100945.51,101513.85,478452.96,250243.14,212251.56,45.3,-9882.05,-2.07,6076.2,2.43
2023-07-01,Company_D,Germany,Technology,294530.28,178362.22,8477.51,47362.6,81895.33,300741.86,177047.97,116168.06,39.44,-6211.58,-2.07,1314.26,0.74
2023-08-01,Company_A,India,HR,122819.82,67873.74,4004.31,24291.62,24757.29,126162.54,64583.84,54946.08,44.74,-3342.72,-2.65,3289.9,5.09
2023-08-01,Company_A,India,Marketing,159665.77,111707.69,13570.04,35350.86,41867.24,164011.3,111211.17,47958.08,30.04,-4345.53,-2.65,496.52,0.45
2023-08-01,Company_A,India,Operations,245639.64,122625.12,5495.98,43407.13,53299.22,252325.08,113133.39,123014.52,50.08,-6685.44,-2.65,9491.74,8.39
2023-08-01,Company_A,India,Sales,429869.38,248371.14,7353.9,79028.98,110984.7,441568.89,244628.9,181498.24,42.22,-11699.51,-2.65,3742.23,1.53
2023-08-01,Company_A,India,Technology,270203.61,154491.6,5998.79,44274.18,74489.73,277557.59,145825.18,115712.01,42.82,-7353.98,-2.65,8666.42,5.94
2023-08-01,Company_B,USA,HR,145638.68,82130.49,4289.59,27409.54,30864.12,151049.83,79979.18,63508.19,43.61,-5411.15,-3.58,2151.31,2.69
2023-08-01,Company_B,USA,Marketing,189330.28,114722.89,17763.77,35423.44,37960.33,196364.77,113309.92,74607.39,39.41,-7034.49,-3.58,1412.97,1.25
2023-08-01,Company_B,USA,Operations,291277.35,169119.09,4492.37,63132.53,64632.49,302099.65,168494.75,122158.26,41.94,-10822.3,-3.58,624.34,0.37
2023-08-01,Company_B,USA,Sales,509735.37,300198.21,11281.04,104055.84,114552.97,528674.39,279564.29,209537.16,41.11,-18939.02,-3.58,20633.91,7.38
2023-08-01,Company_B,USA,Technology,320405.09,167304.32,6460.82,60937.16,65473.72,332309.62,160867.17,153100.77,47.78,-11904.53,-3.58,6437.15,4.0
2023-08-01,Company_C,UK,HR,101483.39,54594.22,3127.73,19124.52,23444.82,104888.42,51830.38,46889.17,46.2,-3405.04,-3.25,2763.83,5.33
2023-08-01,Company_C,UK,Marketing,131928.4,73521.81,12250.44,24003.18,25653.68,136354.95,71392.61,58406.59,44.27,-4426.55,-3.25,2129.2,2.98
2023-08-01,Company_C,UK,Operations,202966.77,106688.3,6059.86,44132.07,37566.19,209776.84,101544.35,96278.47,47.44,-6810.07,-3.25,5143.95,5.07
2023-08-01,Company_C,UK,Sales,355191.85,208739.63,7745.14,67604.68,85986.0,367109.48,214570.03,146452.22,41.23,-11917.63,-3.25,-5830.41,-2.72
2023-08-01,Company_C,UK,Technology,223263.45,120014.78,7031.56,44584.39,49166.1,230754.53,113015.87,103248.66,46.25,-7491.08,-3.25,6998.91,6.19
2023-08-01,Company_D,Germany,HR,135180.5,79703.49,3543.14,23543.8,37598.14,138243.66,76186.14,55477.02,41.04,-3063.16,-2.22,3517.34,4.62
2023-08-01,Company_D,Germany,Marketing,175734.65,122736.12,17304.09,34130.38,48389.81,179716.76,126073.39,52998.53,30.16,-3982.11,-2.22,-3337.27,-2.65
2023-08-01,Company_D,Germany,Operations,270361.0,162209.69,6457.0,54879.71,65817.76,276487.32,157865.32,108151.31,40.0,-6126.32,-2.22,4344.37,2.75
2023-08-01,Company_D,Germany,Sales,473131.75,225260.38,8997.56,77215.85,93964.37,483852.81,220807.13,247871.38,52.39,-10721.06,-2.22,4453.25,2.02
2023-08-01,Company_D,Germany,Technology,297397.1,153035.15,6602.61,54838.47,66038.15,304136.05,150368.96,144361.96,48.54,-6738.95,-2.22,2666.19,1.77
2023-09-01,Company_A,India,HR,111643.17,58809.84,2598.26,18973.7,25598.27,116717.04,61180.79,52833.32,47.32,-5073.87,-4.35,-2370.94,-3.88
2023-09-01,Company_A,India,Marketing,145136.12,78201.57,12009.38,23392.38,31020.6,151732.16,75634.18,66934.55,46.12,-6596.04,-4.35,2567.38,3.39
2023-09-01,Company_A,India,Operations,223286.34,113359.72,3608.72,42295.54,42681.46,233434.09,113192.01,109926.62,49.23,-10147.75,-4.35,167.7,0.15
2023-09-01,Company_A,India,Sales,390751.09,215600.14,10953.85,66790.33,99195.97,408509.65,204877.2,175150.95,44.82,-17758.56,-4.35,10722.94,5.23
2023-09-01,Company_A,India,Technology,245614.97,147935.6,4662.83,53312.34,66075.71,256777.5,151052.13,97679.37,39.77,-11162.52,-4.35,-3116.53,-2.06
2023-09-01,Company_B,USA,HR,158103.46,85189.17,4763.06,30051.94,36990.86,161329.35,84945.5,72914.3,46.12,-3225.89,-2.0,243.66,0.29
2023-09-01,Company_B,USA,Marketing,205534.5,117357.94,16032.52,41266.82,40105.21,209728.16,116829.07,88176.56,42.9,-4193.65,-2.0,528.88,0.45
2023-09-01,Company_B,USA,Operations,316206.93,181604.89,10998.47,67261.05,65298.23,322658.7,180641.73,134602.03,42.57,-6451.78,-2.0,963.16,0.53
2023-09-01,Company_B,USA,Sales,553362.12,305624.77,9207.26,110363.88,110449.98,564652.73,299033.6,247737.36,44.77,-11290.61,-2.0,6591.17,2.2
2023-09-01,Company_B,USA,Technology,347827.62,204827.87,9007.52,81343.97,71991.36,354924.57,201966.64,142999.74,41.11,-7096.95,-2.0,2861.24,1.42
2023-09-01,Company_C,UK,HR,94509.91,61992.35,3043.69,22551.49,23513.11,100378.37,59440.59,32517.56,34.41,-5868.46,-5.85,2551.76,4.29
2023-09-01,Company_C,UK,Marketing,122862.88,79536.07,9187.22,26535.56,33214.85,130491.88,76309.18,43326.81,35.26,-7629.0,-5.85,3226.89,4.23
2023-09-01,Company_C,UK,Operations,189019.82,116014.33,5761.08,40128.13,49406.55,200756.74,115615.64,73005.49,38.62,-11736.92,-5.85,398.69,0.34
2023-09-01,Company_C,UK,Sales,330784.68,176608.09,7445.95,59883.25,76006.27,351324.29,170594.9,154176.59,46.61,-20539.61,-5.85,6013.2,3.52
2023-09-01,Company_C,UK,Technology,207921.8,98079.32,6331.21,33586.41,40980.24,220832.41,92614.09,109842.48,52.83,-12910.61,-5.85,5465.24,5.9
2023-09-01,Company_D,Germany,HR,136537.72,87993.43,3755.87,32228.91,35731.49,142387.94,84529.13,48544.28,35.55,-5850.22,-4.11,3464.31,4.1
2023-09-01,Company_D,Germany,Marketing,177499.03,109126.75,19834.24,34132.82,35163.67,185104.32,108578.62,68372.28,38.52,-7605.29,-4.11,548.13,0.5
2023-09-01,Company_D,Germany,Operations,273075.43,155812.94,7380.55,51592.59,65810.67,284775.88,153678.32,117262.49,42.94,-11700.45,-4.11,2134.62,1.39
2023-09-01,Company_D,Germany,Sales,477882.01,270444.98,12704.21,114647.52,88038.72,498357.79,261203.78,207437.03,43.41,-20475.78,-4.11,9241.19,3.54
2023-09-01,Company_D,Germany,Technology,300382.98,174930.13,6237.26,67202.85,59906.17,313253.47,174977.86,125452.85,41.76,-12870.49,-4.11,-47.73,-0.03
2023-10-01,Company_A,India,HR,129286.12,82754.07,2000.3,29446.83,34888.64,132456.02,81204.27,46532.05,35.99,-3169.9,-2.39,1549.8,1.91
2023-10-01,Company_A,India,Marketing,168071.95,105892.54,15307.6,37286.99,36103.46,172192.82,104210.86,62179.41,37.0,-4120.87,-2.39,1681.68,1.61
2023-10-01,Company_A,India,Operations,258572.23,121343.29,5252.03,43858.14,46996.86,264912.03,120711.74,137228.94,53.07,-6339.8,-2.39,631.55,0.52
2023-10-01,Company_A,India,Sales,452501.4,275540.16,11484.78,107279.01,112109.14,463596.05,268218.43,176961.24,39.11,-11094.65,-2.39,7321.73,2.73
2023-10-01,Company_A,India,Technology,284429.45,177218.94,8663.27,63120.39,66024.5,291403.23,176655.66,107210.51,37.69,-6973.78,-2.39,563.28,0.32
2023-10-01,Company_B,USA,HR,164521.88,82366.65,3458.83,28360.76,33710.15,173432.26,80427.89,82155.23,49.94,-8910.38,-5.14,1938.76,2.41
2023-10-01,Company_B,USA,Marketing,213878.45,131464.9,13249.39,37426.11,54396.84,225461.94,129265.13,82413.55,38.53,-11583.5,-5.14,2199.77,1.7
2023-10-01,Company_B,USA,Operations,329043.76,164848.56,8490.76,67908.62,60883.72,346864.53,162165.14,164195.21,49.9,-17820.77,-5.14,2683.42,1.65
2023-10-01,Company_B,USA,Sales,575826.58,312638.89,12802.54,113616.32,109890.77,607012.93,310536.2,263187.7,45.71,-31186.34,-5.14,2102.69,0.68
2023-10-01,Company_B,USA,Technology,361948.14,210466.95,6646.22,80588.77,83691.84,381550.98,209051.69,151481.19,41.85,-19602.84,-5.14,1415.25,0.68
2023-10-01,Company_C,UK,HR,103976.37,56287.69,1834.48,19311.84,22629.29,104611.93,49971.7,47688.68,45.86,-635.56,-0.61,6315.99,12.64
2023-10-01,Company_C,UK,Marketing,135169.28,81249.58,8260.39,31752.37,30247.87,135995.51,80102.86,53919.7,39.89,-826.23,-0.61,1146.72,1.43
2023-10-01,Company_C,UK,Operations,207952.74,103416.4,5884.26,35031.3,43382.7,209223.86,99152.79,104536.34,50.27,-1271.12,-0.61,4263.61,4.3
2023-10-01,Company_C,UK,Sales,363917.3,196321.24,10856.4,69571.01,79568.46,366141.75,191894.26,167596.06,46.05,-2224.45,-0.61,4426.98,2.31
2023-10-01,Company_C,UK,Technology,228748.02,120769.6,7421.52,47494.6,42263.1,230146.24,119819.62,107978.42,47.2,-1398.23,-0.61,949.97,0.79
2023-10-01,Company_D,Germany,HR,139583.88,75449.63,3312.18,23352.39,33245.97,149688.04,71064.15,64134.25,45.95,-10104.15,-6.75,4385.48,6.17
2023-10-01,Company_D,Germany,Marketing,181459.05,121281.34,17800.6,39377.74,39689.05,194594.45,119283.58,60177.71,33.16,-13135.4,-6.75,1997.76,1.67
2023-10-01,Company_D,Germany,Operations,279167.76,146271.88,5870.48,49241.2,55857.86,299376.07,136026.61,132895.89,47.6,-20208.31,-6.75,10245.27,7.53
2023-10-01,Company_D,Germany,Sales,488543.59,266589.64,7368.23,87046.4,104691.72,523908.13,260255.95,221953.95,45.43,-35364.54,-6.75,6333.69,2.43
2023-10-01,Company_D,Germany,Technology,307084.54,165594.39,7071.08,66206.63,61188.93,329313.68,160416.5,141490.16,46.08,-22229.14,-6.75,5177.89,3.23
2023-11-01,Company_A,India,HR,129565.1,78189.01,2324.3,26724.6,33831.05,137630.09,79714.76,51376.09,39.65,-8064.99,-5.86,-1525.74,-1.91
2023-11-01,Company_A,India,Marketing,168434.63,103290.1,11529.04,29588.35,40801.83,178919.11,99632.69,65144.54,38.68,-10484.48,-5.86,3657.4,3.67
2023-11-01,Company_A,India,Operations,259130.2,170487.84,7956.28,61003.9,72331.74,275260.17,161707.02,88642.36,34.21,-16129.97,-5.86,8780.83,5.43
2023-11-01,Company_A,India,Sales,453477.85,223638.2,9549.48,86995.38,84605.13,481705.3,218588.15,229839.65,50.68,-28227.45,-5.86,5050.06,2.31
2023-11-01,Company_A,India,Technology,285043.22,161768.75,6976.77,62651.23,52956.6,302786.19,151887.96,123274.47,43.25,-17742.97,-5.86,9880.79,6.51
2023-11-01,Company_B,USA,HR,172857.55,90972.77,3620.38,38554.64,33458.77,169898.81,91413.49,81884.79,47.37,2958.75,1.74,-440.72,-0.48
2023-11-01,Company_B,USA,Marketing,224714.82,134351.05,26562.87,38045.69,40942.63,220868.45,133115.75,90363.77,40.21,3846.37,1.74,1235.3,0.93
2023-11-01,Company_B,USA,Operations,345715.11,180546.92,6366.78,70846.55,69063.17,339797.61,170887.33,165168.19,47.78,5917.5,1.74,9659.59,5.65
2023-11-01,Company_B,USA,Sales,605001.44,303376.48,21012.54,116518.82,112283.81,594645.82,298423.37,301624.96,49.86,10355.62,1.74,4953.11,1.66
2023-11-01,Company_B,USA,Technology,380286.62,204937.93,12066.04,62504.19,87919.93,373777.37,198164.05,175348.69,46.11,6509.25,1.74,6773.87,3.42
2023-11-01,Company_C,UK,HR,106817.53,57016.74,3093.59,20981.68,23371.16,113480.35,57922.69,49800.79,46.62,-6662.82,-5.87,-905.95,-1.56
2023-11-01,Company_C,UK,Marketing,138862.79,85336.94,10158.88,22745.92,34802.24,147524.46,81809.54,53525.85,38.55,-8661.67,-5.87,3527.4,4.31
2023-11-01,Company_C,UK,Operations,213635.06,122627.3,6696.43,45148.36,50423.03,226960.71,123464.01,91007.76,42.6,-13325.65,-5.87,-836.72,-0.68
2023-11-01,Company_C,UK,Sales,373861.36,196144.81,7107.97,77459.12,78037.21,397181.24,188283.76,177716.55,47.54,-23319.89,-5.87,7861.05,4.18
2023-11-01,Company_C,UK,Technology,234998.57,139598.23,6169.6,47365.35,64505.87,249656.78,134252.12,95400.33,40.6,-14658.21,-5.87,5346.11,3.98
2023-11-01,Company_D,Germany,HR,153226.44,94905.25,2502.16,35370.04,42183.95,149429.71,91170.09,58321.18,38.06,3796.72,2.54,3735.16,4.1
2023-11-01,Company_D,Germany,Marketing,199194.37,136656.44,23844.2,42289.75,54535.77,194258.63,139952.69,62537.92,31.4,4935.74,2.54,-3296.24,-2.36
2023-11-01,Company_D,Germany,Operations,306452.87,175625.5,5837.8,66275.73,75640.52,298859.43,166100.17,130827.38,42.69,7593.44,2.54,9525.33,5.73
2023-11-01,Company_D,Germany,Sales,536292.53,313147.3,10254.1,126942.63,131650.77,523004.0,307568.25,223145.23,41.61,13288.53,2.54,5579.05,1.81
2023-11-01,Company_D,Germany,Technology,337098.16,166824.59,5207.13,56765.69,66459.34,328745.37,160440.16,170273.57,50.51,8352.79,2.54,6384.43,3.98
2023-12-01,Company_A,India,HR,132835.13,66645.7,3142.39,27061.99,24493.47,133463.25,67600.15,66189.42,49.83,-628.12,-0.47,-954.45,-1.41
2023-12-01,Company_A,India,Marketing,172685.66,101009.31,17402.78,34545.47,32399.96,173502.22,98533.59,71676.35,41.51,-816.55,-0.47,2475.72,2.51
2023-12-01,Company_A,India,Operations,265670.25,141437.59,9074.95,45361.07,61892.13,266926.49,145997.32,124232.66,46.76,-1256.24,-0.47,-4559.73,-3.12
2023-12-01,Company_A,India,Sales,464922.94,285749.2,9675.09,108512.49,105536.96,467121.36,271050.42,179173.75,38.54,-2198.42,-0.47,14698.78,5.42
2023-12-01,Company_A,India,Technology,292237.28,148474.82,4747.12,63303.77,56907.45,293619.14,142405.38,143762.46,49.19,-1381.86,-0.47,6069.44,4.26
2023-12-01,Company_B,USA,HR,195774.81,115541.5,3529.47,37171.42,50871.17,196497.28,110290.82,80233.31,40.98,-722.47,-0.37,5250.68,4.76
2023-12-01,Company_B,USA,Marketing,254507.25,167617.06,20625.93,48885.15,65480.65,255446.47,162622.59,86890.19,34.14,-939.22,-0.37,4994.47,3.07
2023-12-01,Company_B,USA,Operations,391549.61,205663.77,6274.38,75248.33,89919.97,392994.56,195281.43,185885.84,47.47,-1444.95,-0.37,10382.34,5.32
2023-12-01,Company_B,USA,Sales,685211.82,340277.04,21819.8,122978.67,137680.03,687740.48,337515.39,344934.79,50.34,-2528.66,-0.37,2761.64,0.82
2023-12-01,Company_B,USA,Technology,430704.58,271486.98,9927.97,93145.21,117153.37,432294.02,260477.67,159217.6,36.97,-1589.44,-0.37,11009.31,4.23
2023-12-01,Company_C,UK,HR,103466.55,64286.41,1996.91,23017.03,26028.41,100703.02,63228.97,39180.14,37.87,2763.53,2.74,1057.44,1.67
2023-12-01,Company_C,UK,Marketing,134506.51,82718.52,12525.39,26114.77,27317.49,130913.93,83901.96,51787.99,38.5,3592.59,2.74,-1183.44,-1.41
2023-12-01,Company_C,UK,Operations,206933.1,126493.75,4919.44,49121.17,45387.73,201406.04,122747.99,80439.34,38.87,5527.06,2.74,3745.76,3.05
2023-12-01,Company_C,UK,Sales,362132.92,201577.33,5605.64,72667.38,76519.6,352460.57,197996.29,160555.59,44.34,9672.35,2.74,3581.05,1.81
2023-12-01,Company_C,UK,Technology,227626.41,121725.96,5465.69,46507.57,47472.06,221546.64,122650.23,105900.44,46.52,6079.76,2.74,-924.27,-0.75
2023-12-01,Company_D,Germany,HR,157739.4,90393.03,4551.75,32325.63,36786.72,162986.66,87654.3,67346.37,42.69,-5247.25,-3.22,2738.74,3.12
2023-12-01,Company_D,Germany,Marketing,205061.22,115732.17,13522.43,41725.69,43448.34,211882.65,109860.22,89329.06,43.56,-6821.43,-3.22,5871.95,5.34
2023-12-01,Company_D,Germany,Operations,315478.81,189396.7,5617.21,73566.59,73747.85,325973.31,184914.48,126082.11,39.97,-10494.51,-3.22,4482.22,2.42
2023-12-01,Company_D,Germany,Sales,552087.91,353372.0,15025.06,130042.42,138897.04,570453.3,341310.09,198715.91,35.99,-18365.39,-3.22,12061.91,3.53
2023-12-01,Company_D,Germany,Technology,347026.69,165932.88,5519.32,62820.56,62529.79,358570.65,161901.5,181093.81,52.18,-11543.96,-3.22,4031.38,2.49
2024-01-01,Company_A,India,HR,94203.15,62978.94,3123.59,21045.7,25846.53,95930.24,62389.91,31224.21,33.15,-1727.09,-1.8,589.03,0.94
2024-01-01,Company_A,India,Marketing,122464.09,77484.42,11920.73,20310.24,34059.44,124709.31,73294.11,44979.67,36.73,-2245.22,-1.8,4190.31,5.72
2024-01-01,Company_A,India,Operations,188406.29,110045.7,6523.17,40872.45,44643.62,191860.48,113413.95,78360.59,41.59,-3454.18,-1.8,-3368.25,-2.97
2024-01-01,Company_A,India,Sales,329711.01,198347.27,10508.88,54072.05,91698.98,335755.83,192251.84,131363.74,39.84,-6044.82,-1.8,6095.43,3.17
2024-01-01,Company_A,India,Technology,207246.92,138984.1,3924.95,49086.47,57022.54,211046.52,138249.41,68262.82,32.94,-3799.6,-1.8,734.69,0.53
2024-01-01,Company_B,USA,HR,130280.69,71804.37,2178.65,28350.24,29493.07,129780.76,72336.7,58476.33,44.88,499.93,0.39,-532.33,-0.74
2024-01-01,Company_B,USA,Marketing,169364.9,108644.38,16327.28,37354.13,33310.47,168714.99,107300.57,60720.52,35.85,649.91,0.39,1343.81,1.25
2024-01-01,Company_B,USA,Operations,260561.38,152590.98,8302.24,49583.86,63686.75,259561.53,155885.93,107970.4,41.44,999.85,0.39,-3294.95,-2.11
2024-01-01,Company_B,USA,Sales,455982.42,240449.46,12568.76,76816.81,87611.18,454232.67,232525.13,215532.96,47.27,1749.75,0.39,7924.33,3.41
2024-01-01,Company_B,USA,Technology,286617.52,162051.19,9523.39,59124.93,67472.61,285517.68,164179.23,124566.33,43.46,1099.84,0.39,-2128.04,-1.3
2024-01-01,Company_C,UK,HR,77725.12,41266.48,1483.75,17541.2,15437.49,78727.74,40863.8,36458.65,46.91,-1002.62,-1.27,402.67,0.99
2024-01-01,Company_C,UK,Marketing,101042.66,65989.07,10524.21,21939.09,19584.85,102346.07,67213.63,35053.59,34.69,-1303.41,-1.27,-1224.55,-1.82
2024-01-01,Company_C,UK,Operations,155450.25,80480.04,3176.97,27546.84,30619.12,157455.49,78437.63,74970.21,48.23,-2005.24,-1.27,2042.41,2.6
2024-01-01,Company_C,UK,Sales,272037.93,139491.94,6533.83,43583.35,58554.33,275547.11,137868.0,132545.99,48.72,-3509.17,-1.27,1623.94,1.18
2024-01-01,Company_C,UK,Technology,170995.27,92021.36,3339.3,30885.24,38999.13,173201.04,89513.82,78973.91,46.18,-2205.77,-1.27,2507.54,2.8
2024-01-01,Company_D,Germany,HR,120849.09,68946.45,3040.94,28965.02,25924.59,122784.83,67573.7,51902.64,42.95,-1935.74,-1.58,1372.75,2.03
2024-01-01,Company_D,Germany,Marketing,157103.81,98474.32,14788.04,26050.12,37055.78,159620.28,99077.62,58629.49,37.32,-2516.47,-1.58,-603.29,-0.61
2024-01-01,Company_D,Germany,Operations,241698.17,138249.14,7730.17,48420.4,49201.1,245569.66,134027.07,103449.03,42.8,-3871.49,-1.58,4222.07,3.15
2024-01-01,Company_D,Germany,Sales,422971.8,240304.68,12555.65,75098.41,108174.29,429746.91,233866.14,182667.12,43.19,-6775.11,-1.58,6438.54,2.75
2024-01-01,Company_D,Germany,Technology,265867.99,123831.93,4232.25,44521.49,50823.41,270126.63,115566.98,142036.06,53.42,-4258.64,-1.58,8264.95,7.15
2024-02-01,Company_A,India,HR,104434.25,58244.51,1627.44,20291.17,23820.3,105370.27,57466.76,46189.74,44.23,-936.03,-0.89,777.74,1.35
2024-02-01,Company_A,India,Marketing,135764.52,85141.08,9954.87,28612.25,28804.75,136981.35,82437.76,50623.44,37.29,-1216.83,-0.89,2703.32,3.28
2024-02-01,Company_A,India,Operations,208868.49,114711.34,4624.47,33569.99,56941.6,210740.54,112415.09,94157.15,45.08,-1872.05,-0.89,2296.26,2.04
2024-02-01,Company_A,India,Sales,365519.86,201287.98,10734.08,72428.49,74834.35,368795.95,199717.29,164231.88,44.93,-3276.09,-0.89,1570.69,0.79
2024-02-01,Company_A,India,Technology,229755.34,136563.86,4193.95,49013.26,54339.1,231814.6,132763.77,93191.48,40.56,-2059.26,-0.89,3800.09,2.86
2024-02-01,Company_B,USA,HR,124461.45,78589.65,3267.5,28146.89,31889.36,132347.58,77871.55,45871.79,36.86,-7886.13,-5.96,718.11,0.92
2024-02-01,Company_B,USA,Marketing,161799.88,99324.68,16044.67,33536.15,33260.66,172051.86,96380.51,62475.21,38.61,-10251.97,-5.96,2944.16,3.05
2024-02-01,Company_B,USA,Operations,248922.9,129712.56,8355.71,46797.64,46439.71,264695.16,122578.14,119210.34,47.89,-15772.27,-5.96,7134.42,5.82
2024-02-01,Company_B,USA,Sales,435615.07,248018.74,8411.4,98842.5,83659.08,463216.54,250017.61,187596.33,43.06,-27601.47,-5.96,-1998.87,-0.8
2024-02-01,Company_B,USA,Technology,273815.19,159177.16,9445.31,47241.07,72356.71,291164.68,159904.13,114638.03,41.87,-17349.49,-5.96,-726.97,-0.45
2024-02-01,Company_C,UK,HR,82196.35,44541.66,1675.97,14608.9,16790.37,87319.24,43597.6,37654.68,45.81,-5122.89,-5.87,944.06,2.17
2024-02-01,Company_C,UK,Marketing,106855.25,61950.04,12391.66,17404.9,22922.37,113515.01,63151.68,44905.21,42.02,-6659.76,-5.87,-1201.64,-1.9
2024-02-01,Company_C,UK,Operations,164392.7,93316.23,4727.81,29792.82,42618.09,174638.48,93434.55,71076.47,43.24,-10245.79,-5.87,-118.32,-0.13
2024-02-01,Company_C,UK,Sales,287687.22,165860.5,7794.1,63204.99,71529.59,305617.35,161879.31,121826.72,42.35,-17930.13,-5.87,3981.19,2.46
2024-02-01,Company_C,UK,Technology,180831.97,86005.81,5019.25,33443.46,32718.74,192102.33,85242.29,94826.15,52.44,-11270.37,-5.87,763.53,0.9
2024-02-01,Company_D,Germany,HR,118355.76,60295.41,3470.41,22836.64,22599.21,125079.64,58563.03,58060.35,49.06,-6723.87,-5.38,1732.38,2.96
2024-02-01,Company_D,Germany,Marketing,153862.49,108517.85,18296.57,29872.74,39756.78,162603.53,102232.87,45344.64,29.47,-8741.04,-5.38,6284.98,6.15
2024-02-01,Company_D,Germany,Operations,236711.53,137047.74,6699.3,43810.1,62483.07,250159.28,132586.86,99663.79,42.1,-13447.75,-5.38,4460.88,3.36
2024-02-01,Company_D,Germany,Sales,414245.17,251415.36,13806.53,83000.71,100582.19,437778.74,247753.53,162829.82,39.31,-23533.56,-5.38,3661.83,1.48
2024-02-01,Company_D,Germany,Technology,260382.68,141049.1,8360.03,44750.45,64448.46,275175.21,138086.34,119333.58,45.83,-14792.52,-5.38,2962.75,2.15
2024-03-01,Company_A,India,HR,109704.24,52404.02,2755.68,18446.14,22169.61,110670.89,50822.68,57300.22,52.23,-966.65,-0.87,1581.34,3.11
2024-03-01,Company_A,India,Marketing,142615.51,88593.9,10614.01,30310.14,28403.2,143872.16,88798.99,54021.6,37.88,-1256.65,-0.87,-205.09,-0.23
2024-03-01,Company_A,India,Operations,219408.47,127723.65,4858.24,45235.4,56773.02,221341.78,118878.45,91684.83,41.79,-1933.31,-0.87,8845.19,7.44
2024-03-01,Company_A,India,Sales,383964.83,225478.63,12820.82,73654.79,107251.17,387348.12,217308.57,158486.19,41.28,-3383.29,-0.87,8170.07,3.76
2024-03-01,Company_A,India,Technology,241349.32,152141.86,7261.07,46193.45,65609.04,243475.96,154124.66,89207.46,36.96,-2126.64,-0.87,-1982.8,-1.29
2024-03-01,Company_B,USA,HR,149644.15,85830.6,3344.07,28446.64,34806.43,148187.75,84949.99,63813.55,42.64,1456.41,0.98,880.61,1.04
2024-03-01,Company_B,USA,Marketing,194537.4,122620.79,20752.19,38678.19,42455.13,192644.07,124621.82,71916.61,36.97,1893.33,0.98,-2001.04,-1.61
2024-03-01,Company_B,USA,Operations,299288.31,166352.4,4987.69,56270.67,75557.07,296375.49,161800.77,132935.9,44.42,2912.81,0.98,4551.63,2.81
2024-03-01,Company_B,USA,Sales,523754.54,333554.21,12382.77,120158.64,144901.45,518657.11,324225.13,190200.33,36.31,5097.42,0.98,9329.08,2.88
2024-03-01,Company_B,USA,Technology,329217.14,216366.59,7043.41,77740.08,87838.36,326013.04,206468.84,112850.54,34.28,3204.1,0.98,9897.75,4.79
2024-03-01,Company_C,UK,HR,91583.72,54759.05,2093.21,17329.43,22856.01,90820.94,55775.84,36824.66,40.21,762.77,0.84,-1016.79,-1.82
2024-03-01,Company_C,UK,Marketing,119058.83,78524.82,14252.48,24169.16,26182.34,118067.23,79777.62,40534.01,34.05,991.61,0.84,-1252.8,-1.57
2024-03-01,Company_C,UK,Operations,183167.43,99991.72,3988.66,40531.67,36187.04,181641.89,97561.81,83175.72,45.41,1525.55,0.84,2429.9,2.49
2024-03-01,Company_C,UK,Sales,320543.01,213447.39,5749.88,75013.85,88817.79,317873.3,207858.62,107095.61,33.41,2669.71,0.84,5588.78,2.69
2024-03-01,Company_C,UK,Technology,201484.18,122979.99,6088.41,42457.63,56134.05,199806.07,121544.91,78504.19,38.96,1678.1,0.84,1435.08,1.18
2024-03-01,Company_D,Germany,HR,127067.57,64175.8,2651.85,23773.22,25559.26,128391.85,62462.47,62891.77,49.49,-1324.29,-1.03,1713.33,2.74
2024-03-01,Company_D,Germany,Marketing,165187.84,108172.71,14705.16,34104.83,41773.26,166909.41,104681.78,57015.12,34.52,-1721.58,-1.03,3490.93,3.33
2024-03-01,Company_D,Germany,Operations,254135.13,145856.64,7380.27,43676.33,64188.41,256783.71,139333.67,108278.49,42.61,-2648.58,-1.03,6522.97,4.68
2024-03-01,Company_D,Germany,Sales,444736.48,278036.37,6890.42,100597.46,110086.67,449371.49,277852.5,166700.11,37.48,-4635.01,-1.03,183.87,0.07
2024-03-01,Company_D,Germany,Technology,279548.64,157041.06,9573.3,66534.86,56886.17,282462.08,149774.22,122507.58,43.82,-2913.44,-1.03,7266.84,4.85
2024-04-01,Company_A,India,HR,118797.2,70259.39,3767.83,26713.96,25329.83,122081.63,69203.66,48537.8,40.86,-3284.43,-2.69,1055.74,1.53
2024-04-01,Company_A,India,Marketing,154436.36,96201.01,10990.95,32013.18,32919.11,158706.11,88013.79,58235.35,37.71,-4269.76,-2.69,8187.22,9.3
2024-04-01,Company_A,India,Operations,237594.4,135189.01,5827.41,52847.94,54588.26,244163.25,135600.16,102405.38,43.1,-6568.86,-2.69,-411.14,-0.3
2024-04-01,Company_A,India,Sales,415790.19,240629.15,11060.76,81049.62,96326.05,427285.69,239332.23,175161.05,42.13,-11495.5,-2.69,1296.91,0.54
2024-04-01,Company_A,India,Technology,261353.83,159649.95,5765.73,47723.13,70411.19,268579.58,155702.13,101703.88,38.91,-7225.74,-2.69,3947.83,2.54
2024-04-01,Company_B,USA,HR,137118.5,68225.33,4099.16,24605.91,26988.17,136439.88,72170.31,68893.17,50.24,678.62,0.5,-3944.98,-5.47
2024-04-01,Company_B,USA,Marketing,178254.05,101120.81,11258.99,35175.7,32755.36,177371.85,100896.85,77133.25,43.27,882.21,0.5,223.96,0.22
2024-04-01,Company_B,USA,Operations,274237.01,154938.74,5173.97,45665.37,75435.6,272879.76,154486.41,119298.27,43.5,1357.24,0.5,452.33,0.29
2024-04-01,Company_B,USA,Sales,479914.76,279720.6,16157.9,87441.35,121108.15,477539.59,280329.55,200194.17,41.71,2375.18,0.5,-608.95,-0.22
2024-04-01,Company_B,USA,Technology,301660.71,174898.18,4701.68,63897.05,72944.67,300167.74,162220.88,126762.53,42.02,1492.97,0.5,12677.3,7.81
2024-04-01,Company_C,UK,HR,94249.51,50181.97,2975.03,15932.74,19338.62,95653.46,49575.96,44067.55,46.76,-1403.95,-1.47,606.01,1.22
2024-04-01,Company_C,UK,Marketing,122524.37,83753.28,13156.72,25091.85,31106.55,124349.5,82124.05,38771.09,31.64,-1825.13,-1.47,1629.23,1.98
2024-04-01,Company_C,UK,Operations,188499.03,104696.84,3581.52,41995.82,36396.19,191306.92,102235.01,83802.19,44.46,-2807.89,-1.47,2461.82,2.41
2024-04-01,Company_C,UK,Sales,329873.3,159310.77,8361.64,59452.54,59870.72,334787.12,156131.7,170562.53,51.71,-4913.82,-1.47,3179.07,2.04
2024-04-01,Company_C,UK,Technology,207348.93,128324.39,5487.07,41702.53,56518.17,210437.62,128033.77,79024.54,38.11,-3088.68,-1.47,290.62,0.23
2024-04-01,Company_D,Germany,HR,127610.69,77959.47,4356.34,26109.33,34187.7,128187.04,77593.39,49651.23,38.91,-576.35,-0.45,366.08,0.47
2024-04-01,Company_D,Germany,Marketing,165893.9,109156.64,16830.8,33703.09,36850.67,166643.15,103323.1,56737.26,34.2,-749.25,-0.45,5833.53,5.65
2024-04-01,Company_D,Germany,Operations,255221.38,140643.71,6897.66,44356.49,64116.41,256374.08,134479.44,114577.67,44.89,-1152.7,-0.45,6164.26,4.58
2024-04-01,Company_D,Germany,Sales,446637.42,276217.12,13103.31,95338.76,106352.65,448654.64,278692.53,170420.29,38.16,-2017.22,-0.45,-2475.4,-0.89
2024-04-01,Company_D,Germany,Technology,280743.52,168194.34,8358.59,45400.49,77451.15,282011.49,162740.51,112549.18,40.09,-1267.97,-0.45,5453.83,3.35
2024-05-01,Company_A,India,HR,121443.72,71809.62,3432.11,21610.12,30869.73,128100.37,67275.19,49634.1,40.87,-6656.66,-5.2,4534.43,6.74
2024-05-01,Company_A,India,Marketing,157876.83,99378.25,9486.57,28170.49,39932.49,166530.48,94693.0,58498.58,37.05,-8653.65,-5.2,4685.25,4.95
2024-05-01,Company_A,India,Operations,242887.43,143004.55,3908.71,49014.88,67354.58,256200.74,136257.43,99882.88,41.12,-13313.31,-5.2,6747.12,4.95
2024-05-01,Company_A,India,Sales,425053.01,227617.19,13821.73,73163.36,99423.92,448351.3,220195.84,197435.82,46.45,-23298.3,-5.2,7421.34,3.37
2024-05-01,Company_A,India,Technology,267176.17,129723.49,8098.36,45481.22,48092.02,281820.82,126864.63,137452.69,51.45,-14644.64,-5.2,2858.85,2.25
2024-05-01,Company_B,USA,HR,143116.76,77868.53,3491.49,25649.33,32279.49,145513.64,74302.22,65248.23,45.59,-2396.88,-1.65,3566.31,4.8
2024-05-01,Company_B,USA,Marketing,186051.79,117296.61,18682.69,43834.06,34696.78,189167.73,120939.19,68755.17,36.95,-3115.95,-1.65,-3642.58,-3.01
2024-05-01,Company_B,USA,Operations,286233.52,138496.78,7260.06,45965.85,52596.23,291027.28,128439.32,147736.73,51.61,-4793.77,-1.65,10057.46,7.83
2024-05-01,Company_B,USA,Sales,500908.65,291664.08,13977.73,90061.89,122771.3,509297.74,280477.06,209244.58,41.77,-8389.09,-1.65,11187.02,3.99
2024-05-01,Company_B,USA,Technology,314856.87,182208.77,10894.08,57270.36,75447.85,320130.01,177919.9,132648.1,42.13,-5273.14,-1.65,4288.87,2.41
2024-05-01,Company_C,UK,HR,95533.64,60447.14,1901.03,22087.52,24167.14,98221.84,60809.91,35086.5,36.73,-2688.19,-2.74,-362.77,-0.6
2024-05-01,Company_C,UK,Marketing,124193.74,70233.87,14869.84,21486.18,23830.95,127688.39,68470.37,53959.87,43.45,-3494.65,-2.74,1763.49,2.58
2024-05-01,Company_C,UK,Operations,191067.29,114750.87,4916.63,37842.08,49126.0,196443.67,115012.91,76316.42,39.94,-5376.39,-2.74,-262.04,-0.23
2024-05-01,Company_C,UK,Sales,334367.75,183738.89,8094.28,69442.3,72370.89,343776.43,186100.98,150628.86,45.05,-9408.68,-2.74,-2362.09,-1.27
2024-05-01,Company_C,UK,Technology,210174.01,124033.5,3986.62,45036.37,48213.65,216088.04,123764.55,86140.52,40.99,-5914.03,-2.74,268.95,0.22
2024-05-01,Company_D,Germany,HR,128782.76,67673.92,3115.48,23755.37,25583.44,129511.09,64692.64,61108.84,47.45,-728.33,-0.56,2981.28,4.61
2024-05-01,Company_D,Germany,Marketing,167417.59,117673.14,19359.49,34033.05,45736.86,168364.42,119244.07,49744.45,29.71,-946.83,-0.56,-1570.93,-1.32
2024-05-01,Company_D,Germany,Operations,257565.53,150515.55,4963.02,51859.29,60178.37,259022.19,153305.06,107049.98,41.56,-1456.66,-0.56,-2789.51,-1.82
2024-05-01,Company_D,Germany,Sales,450739.67,241097.8,7791.02,91320.39,105891.14,453288.83,229718.63,209641.87,46.51,-2549.15,-0.56,11379.17,4.95
2024-05-01,Company_D,Germany,Technology,283322.08,160864.16,8370.71,67344.95,60904.43,284924.4,154895.12,122457.92,43.22,-1602.32,-0.56,5969.03,3.85
2024-06-01,Company_A,India,HR,116775.16,64817.78,3420.17,21454.49,29882.82,123180.6,61085.76,51957.38,44.49,-6405.44,-5.2,3732.01,6.11
2024-06-01,Company_A,India,Marketing,151807.71,102507.31,14425.73,33769.71,41780.85,160134.78,102124.06,49300.4,32.48,-8327.07,-5.2,383.25,0.38
2024-06-01,Company_A,India,Operations,233550.32,124514.5,6046.6,38833.92,58605.27,246361.19,125071.26,109035.82,46.69,-12810.87,-5.2,-556.76,-0.45
2024-06-01,Company_A,India,Sales,408713.06,243259.94,7615.26,92100.36,88729.19,431132.09,232427.79,165453.12,40.48,-22419.03,-5.2,10832.16,4.66
2024-06-01,Company_A,India,Technology,256905.35,158831.52,8913.89,57684.37,65620.0,270997.31,162559.7,98073.83,38.18,-14091.96,-5.2,-3728.17,-2.29
2024-06-01,Company_B,USA,HR,155916.74,97388.5,4501.01,34303.69,43510.79,164835.48,93461.74,58528.24,37.54,-8918.73,-5.41,3926.76,4.2
2024-06-01,Company_B,USA,Marketing,202691.77,127900.97,21193.08,41466.71,42155.16,214286.12,124798.14,74790.8,36.9,-11594.35,-5.41,3102.83,2.49
2024-06-01,Company_B,USA,Operations,311833.49,163972.06,6215.82,50587.9,70462.35,329670.95,170507.84,147861.42,47.42,-17837.47,-5.41,-6535.77,-3.83
2024-06-01,Company_B,USA,Sales,545708.6,350985.09,11878.63,116301.95,149279.85,576924.17,344092.7,194723.51,35.68,-31215.57,-5.41,6892.39,2.0
2024-06-01,Company_B,USA,Technology,343016.84,197688.74,5415.67,60627.5,87171.17,362638.05,197272.28,145328.1,42.37,-19621.21,-5.41,416.46,0.21
2024-06-01,Company_C,UK,HR,92919.29,53054.29,1718.23,21637.54,19383.52,94713.16,51569.0,39865.0,42.9,-1793.87,-1.89,1485.29,2.88
2024-06-01,Company_C,UK,Marketing,120795.08,87082.06,11028.1,27531.95,33016.63,123127.11,82422.11,33713.02,27.91,-2332.04,-1.89,4659.95,5.65
2024-06-01,Company_C,UK,Operations,185838.58,91989.51,4870.98,30901.64,39622.16,189426.33,92743.34,93849.07,50.5,-3587.75,-1.89,-753.83,-0.81
2024-06-01,Company_C,UK,Sales,325217.52,194976.63,7269.64,74096.82,77762.61,331496.08,186495.07,130240.89,40.05,-6278.56,-1.89,8481.56,4.55
2024-06-01,Company_C,UK,Technology,204422.44,111644.34,7043.97,43271.35,37935.4,208368.96,109250.03,92778.09,45.39,-3946.52,-1.89,2394.32,2.19
2024-06-01,Company_D,Germany,HR,137720.24,77054.14,3047.9,26362.41,36259.75,140835.73,77084.18,60666.11,44.05,-3115.49,-2.21,-30.04,-0.04
2024-06-01,Company_D,Germany,Marketing,179036.32,117962.01,20012.97,35948.95,39686.44,183086.45,114320.53,61074.31,34.11,-4050.14,-2.21,3641.47,3.19
2024-06-01,Company_D,Germany,Operations,275440.49,142473.62,9425.12,51258.04,54611.44,281671.47,139402.83,132966.87,48.27,-6230.98,-2.21,3070.79,2.2
2024-06-01,Company_D,Germany,Sales,482020.85,292022.76,12690.56,111350.25,119615.16,492925.07,275873.35,189998.09,39.42,-10904.22,-2.21,16149.41,5.85
2024-06-01,Company_D,Germany,Technology,302984.54,169249.6,7255.75,62327.83,74507.83,309838.61,157858.96,133734.94,44.14,-6854.08,-2.21,11390.64,7.22
2024-07-01,Company_A,India,HR,127796.68,75577.59,2333.66,24337.78,33050.85,140927.53,73510.61,52219.09,40.86,-13130.85,-9.32,2066.98,2.81
2024-07-01,Company_A,India,Marketing,166135.69,115692.49,15570.96,36244.92,45638.98,183205.79,115631.57,50443.2,30.36,-17070.1,-9.32,60.92,0.05
2024-07-01,Company_A,India,Operations,255593.37,131199.07,7959.54,46499.01,50997.03,281855.07,130016.64,124394.3,48.67,-26261.7,-9.32,1182.43,0.91
2024-07-01,Company_A,India,Sales,447288.39,271854.8,15055.06,84780.14,117525.31,493246.37,264238.33,175433.6,39.22,-45957.97,-9.32,7616.47,2.88
2024-07-01,Company_A,India,Technology,281152.71,181953.89,8123.04,65699.64,71102.99,310040.57,186480.95,99198.82,35.28,-28887.87,-9.32,-4527.06,-2.43
2024-07-01,Company_B,USA,HR,140338.8,88807.9,3522.83,31008.52,39131.66,143769.96,84414.3,51530.89,36.72,-3431.16,-2.39,4393.6,5.2
2024-07-01,Company_B,USA,Marketing,182440.43,112182.7,15596.4,32097.21,39873.31,186900.94,112875.18,70257.73,38.51,-4460.51,-2.39,-692.48,-0.61
2024-07-01,Company_B,USA,Operations,280677.59,146146.82,9490.78,56406.96,51863.08,287539.91,142108.83,134530.77,47.93,-6862.32,-2.39,4038.0,2.84
2024-07-01,Company_B,USA,Sales,491185.79,299011.62,15786.22,95903.16,122020.82,503194.85,295585.4,192174.16,39.12,-12009.06,-2.39,3426.22,1.16
2024-07-01,Company_B,USA,Technology,308745.35,157255.0,10118.2,50875.36,65734.16,316293.91,153043.26,151490.35,49.07,-7548.55,-2.39,4211.74,2.75
2024-07-01,Company_C,UK,HR,91227.68,55460.82,1551.31,19921.25,22968.95,91957.76,54270.03,35766.86,39.21,-730.08,-0.79,1190.79,2.19
2024-07-01,Company_C,UK,Marketing,118595.98,79072.76,7715.41,25778.48,30975.63,119545.08,75719.35,39523.22,33.33,-949.1,-0.79,3353.41,4.43
2024-07-01,Company_C,UK,Operations,182455.36,107689.09,5194.11,29994.27,49103.9,183915.51,103976.64,74766.27,40.98,-1460.15,-0.79,3712.45,3.57
2024-07-01,Company_C,UK,Sales,319296.88,163753.97,5357.35,66390.74,59330.72,321852.15,162230.9,155542.91,48.71,-2555.26,-0.79,1523.06,0.94
2024-07-01,Company_C,UK,Technology,200700.9,114973.33,5281.45,38901.88,43460.81,202307.06,117626.56,85727.57,42.71,-1606.17,-0.79,-2653.22,-2.26
2024-07-01,Company_D,Germany,HR,140674.3,75973.98,3857.66,26089.76,27632.14,140069.64,74259.53,64700.33,45.99,604.67,0.43,1714.45,2.31
2024-07-01,Company_D,Germany,Marketing,182876.6,106331.1,15157.99,33026.21,39431.25,182090.53,106098.51,76545.5,41.86,786.07,0.43,232.59,0.22
2024-07-01,Company_D,Germany,Operations,281348.61,144758.91,8297.71,45473.61,51643.0,280139.27,140461.41,136589.7,48.55,1209.33,0.43,4297.5,3.06
2024-07-01,Company_D,Germany,Sales,492360.07,273166.86,11681.63,101049.75,115209.71,490243.73,268175.32,219193.2,44.52,2116.34,0.43,4991.54,1.86
2024-07-01,Company_D,Germany,Technology,309483.47,197372.82,6256.74,71829.61,82564.88,308153.2,179556.83,112110.64,36.23,1330.27,0.43,17816.0,9.92
2024-08-01,Company_A,India,HR,119500.43,68674.43,3285.96,21514.55,28342.47,117953.28,68360.25,50826.0,42.53,1547.15,1.31,314.18,0.46
2024-08-01,Company_A,India,Marketing,155350.56,92038.76,12208.58,26810.69,32468.97,153339.26,92636.87,63311.8,40.75,2011.3,1.31,-598.11,-0.65
2024-08-01,Company_A,India,Operations,239000.86,131985.09,5480.55,48807.93,46168.16,235906.55,127609.67,107015.77,44.78,3094.31,1.31,4375.42,3.43
2024-08-01,Company_A,India,Sales,418251.5,259482.14,13109.07,90505.31,98139.8,412836.47,251976.43,158769.36,37.96,5415.04,1.31,7505.71,2.98
2024-08-01,Company_A,India,Technology,262900.94,150598.4,6597.74,43150.85,66210.39,259497.21,149438.86,112302.55,42.72,3403.74,1.31,1159.54,0.78
2024-08-01,Company_B,USA,HR,156605.91,91532.54,5471.34,35594.6,34928.49,162907.44,88068.98,65073.37,41.55,-6301.53,-3.87,3463.56,3.93
2024-08-01,Company_B,USA,Marketing,203587.68,139642.42,18801.65,42269.31,56369.66,211779.67,137144.64,63945.25,31.41,-8191.99,-3.87,2497.79,1.82
2024-08-01,Company_B,USA,Operations,313211.81,166366.46,4829.96,56850.74,79018.3,325814.88,158591.93,146845.36,46.88,-12603.06,-3.87,7774.53,4.9
2024-08-01,Company_B,USA,Sales,548120.68,345653.99,18540.5,119334.6,146985.98,570176.04,325300.38,202466.69,36.94,-22055.36,-3.87,20353.61,6.26
2024-08-01,Company_B,USA,Technology,344533.0,196511.29,9041.54,76476.75,81058.41,358396.37,192996.03,148021.71,42.96,-13863.37,-3.87,3515.26,1.82
2024-08-01,Company_C,UK,HR,95909.63,55997.99,1614.83,19426.77,21531.89,98765.63,56929.25,39911.64,41.61,-2856.01,-2.89,-931.26,-1.64
2024-08-01,Company_C,UK,Marketing,124682.51,73360.34,10727.2,20243.87,25906.94,128395.32,74814.64,51322.18,41.16,-3712.81,-2.89,-1454.3,-1.94
2024-08-01,Company_C,UK,Operations,191819.25,98760.56,6477.61,37619.53,36877.62,197531.26,94749.28,93058.69,48.51,-5712.01,-2.89,4011.28,4.23
2024-08-01,Company_C,UK,Sales,335683.69,201654.25,7663.52,78344.51,88786.67,345679.71,191825.08,134029.43,39.93,-9996.02,-2.89,9829.17,5.12
2024-08-01,Company_C,UK,Technology,211001.18,113180.13,3293.41,36604.73,44904.16,217284.39,111532.56,97821.04,46.36,-6283.22,-2.89,1647.57,1.48
2024-08-01,Company_D,Germany,HR,145430.81,76593.25,2695.16,23908.28,34157.62,147472.56,74547.02,68837.56,47.33,-2041.75,-1.38,2046.23,2.74
2024-08-01,Company_D,Germany,Marketing,189060.05,107156.46,13315.11,39731.59,35237.5,191714.33,106054.48,81903.59,43.32,-2654.27,-1.38,1101.98,1.04
2024-08-01,Company_D,Germany,Operations,290861.62,159594.29,6158.17,56914.99,70020.76,294945.12,162903.15,131267.33,45.13,-4083.5,-1.38,-3308.86,-2.03
2024-08-01,Company_D,Germany,Sales,509007.83,269066.74,13938.75,82156.53,114929.36,516153.95,267799.44,239941.1,47.14,-7146.12,-1.38,1267.29,0.47
2024-08-01,Company_D,Germany,Technology,319947.78,203369.79,11005.73,74210.98,77889.79,324439.63,196864.37,116577.99,36.44,-4491.85,-1.38,6505.42,3.3
2024-09-01,Company_A,India,HR,121631.63,65737.32,2842.13,21397.36,31027.5,125108.43,62838.7,55894.31,45.95,-3476.8,-2.78,2898.62,4.61
2024-09-01,Company_A,India,Marketing,158121.12,110549.55,15575.57,37246.36,39079.3,162640.96,106823.24,47571.56,30.09,-4519.85,-2.78,3726.31,3.49
2024-09-01,Company_A,India,Operations,243263.25,135012.99,5754.47,44483.28,60461.72,250216.86,131786.53,108250.26,44.5,-6953.61,-2.78,3226.47,2.45
2024-09-01,Company_A,India,Sales,425710.7,228400.82,8834.63,86806.11,89687.73,437879.51,215140.1,197309.88,46.35,-12168.82,-2.78,13260.72,6.16
2024-09-01,Company_A,India,Technology,267589.58,148664.04,6178.79,58499.34,49995.18,275238.55,149826.18,118925.54,44.44,-7648.97,-2.78,-1162.14,-0.78
2024-09-01,Company_B,USA,HR,152885.47,81636.38,2324.0,32076.29,30498.21,163220.91,79729.8,71249.08,46.6,-10335.45,-6.33,1906.58,2.39
2024-09-01,Company_B,USA,Marketing,198751.11,122841.21,13438.03,40198.25,47551.07,212187.19,120525.89,75909.9,38.19,-13436.08,-6.33,2315.31,1.92
2024-09-01,Company_B,USA,Operations,305770.93,193570.06,10512.06,64762.77,76869.53,326441.83,184714.36,112200.88,36.69,-20670.9,-6.33,8855.7,4.79
2024-09-01,Company_B,USA,Sales,535099.13,274463.41,11743.16,87374.51,110510.2,571273.2,263712.24,260635.72,48.71,-36174.07,-6.33,10751.17,4.08
2024-09-01,Company_B,USA,Technology,336348.03,215356.39,10200.44,78948.5,82672.66,359086.01,211415.76,120991.64,35.97,-22737.98,-6.33,3940.63,1.86
2024-09-01,Company_C,UK,HR,96988.17,55757.14,2561.83,20081.1,22154.68,98620.85,58578.76,41231.02,42.51,-1632.68,-1.66,-2821.62,-4.82
2024-09-01,Company_C,UK,Marketing,126084.61,83906.67,13289.61,27655.97,31103.88,128207.1,80093.98,42177.95,33.45,-2122.48,-1.66,3812.69,4.76
2024-09-01,Company_C,UK,Operations,193976.33,105375.71,5519.46,38988.13,42425.15,197241.69,102059.34,88600.62,45.68,-3265.36,-1.66,3316.38,3.25
2024-09-01,Company_C,UK,Sales,339458.58,210046.64,9689.01,67152.87,90788.38,345172.96,200591.24,129411.94,38.12,-5714.38,-1.66,9455.4,4.71
2024-09-01,Company_C,UK,Technology,213373.96,116164.93,4351.96,39788.05,49320.03,216965.86,111358.33,97209.03,45.56,-3591.9,-1.66,4806.6,4.32
2024-09-01,Company_D,Germany,HR,138239.57,83169.4,4276.89,31737.14,29673.06,134031.53,79726.73,55070.17,39.84,4208.04,3.14,3442.68,4.32
2024-09-01,Company_D,Germany,Marketing,179711.44,124526.01,13156.27,42174.29,47378.57,174240.99,123592.42,55185.43,30.71,5470.46,3.14,933.59,0.76
2024-09-01,Company_D,Germany,Operations,276479.14,161166.11,6687.69,64525.88,51913.54,268063.06,159296.89,115313.03,41.71,8416.09,3.14,1869.22,1.17
2024-09-01,Company_D,Germany,Sales,483838.5,281155.96,10594.84,87731.54,118494.2,469110.35,278335.35,202682.54,41.89,14728.15,3.14,2820.61,1.01
2024-09-01,Company_D,Germany,Technology,304127.06,140260.54,5869.6,51617.82,55873.47,294869.36,136157.85,163866.51,53.88,9257.7,3.14,4102.7,3.01
2024-10-01,Company_A,India,HR,123133.04,60991.27,4190.03,20445.83,25824.58,127269.65,60041.06,62141.76,50.47,-4136.62,-3.25,950.21,1.58
2024-10-01,Company_A,India,Marketing,160072.95,102849.79,12365.27,29050.47,39326.02,165450.55,98937.03,57223.16,35.75,-5377.6,-3.25,3912.76,3.95
2024-10-01,Company_A,India,Operations,246266.07,128454.89,4995.64,47236.05,49384.55,254539.31,122900.79,117811.18,47.84,-8273.23,-3.25,5554.1,4.52
2024-10-01,Company_A,India,Sales,430965.63,227097.89,10935.33,71281.8,85303.81,445443.79,222279.71,203867.74,47.3,-14478.16,-3.25,4818.18,2.17
2024-10-01,Company_A,India,Technology,270892.68,153920.7,6250.04,45798.28,68749.45,279993.24,143738.12,116971.98,43.18,-9100.56,-3.25,10182.58,7.08
2024-10-01,Company_B,USA,HR,173558.79,101937.95,5320.79,28496.03,45915.17,185158.44,102049.68,71620.84,41.27,-11599.65,-6.26,-111.72,-0.11
2024-10-01,Company_B,USA,Marketing,225626.43,150559.28,24470.89,37630.27,58019.24,240705.97,149189.21,75067.15,33.27,-15079.54,-6.26,1370.07,0.92
2024-10-01,Company_B,USA,Operations,347117.59,173815.23,5762.59,61125.33,78950.27,370316.88,167368.28,173302.36,49.93,-23199.29,-6.26,6446.96,3.85
2024-10-01,Company_B,USA,Sales,607455.78,330107.01,12743.53,126535.12,134297.32,648054.54,318640.31,277348.78,45.66,-40598.76,-6.26,11466.7,3.6
2024-10-01,Company_B,USA,Technology,381829.35,211391.58,6725.04,90601.12,82927.1,407348.57,210805.84,170437.77,44.64,-25519.22,-6.26,585.74,0.28
2024-10-01,Company_C,UK,HR,102255.73,53023.3,3202.28,16634.29,23011.46,103297.55,50620.49,49232.44,48.15,-1041.82,-1.01,2402.81,4.75
2024-10-01,Company_C,UK,Marketing,132932.46,90405.17,15232.65,24587.2,35498.29,134286.82,85898.05,42527.29,31.99,-1354.36,-1.01,4507.12,5.25
2024-10-01,Company_C,UK,Operations,204511.47,121750.61,5661.91,48274.72,44049.84,206595.11,119141.91,82760.86,40.47,-2083.64,-1.01,2608.69,2.19
2024-10-01,Company_C,UK,Sales,357895.07,201464.64,6341.09,78726.2,66805.7,361541.44,199082.68,156430.44,43.71,-3646.37,-1.01,2381.95,1.2
2024-10-01,Company_C,UK,Technology,224962.62,127839.08,3646.36,53217.01,50464.82,227254.62,129390.99,97123.54,43.17,-2292.0,-1.01,-1551.91,-1.2
2024-10-01,Company_D,Germany,HR,139163.57,77188.85,2399.74,22480.28,38834.5,143279.03,75094.05,61974.72,44.53,-4115.47,-2.87,2094.79,2.79
2024-10-01,Company_D,Germany,Marketing,180912.64,121580.41,12899.74,40979.4,46757.05,186262.74,122790.82,59332.23,32.8,-5350.1,-2.87,-1210.41,-0.99
2024-10-01,Company_D,Germany,Operations,278327.14,151484.61,9119.71,49589.58,60886.33,286558.07,149569.91,126842.53,45.57,-8230.93,-2.87,1914.69,1.28
2024-10-01,Company_D,Germany,Sales,487072.49,275548.04,16657.18,93180.19,103992.37,501476.62,257267.27,211524.45,43.43,-14404.13,-2.87,18280.77,7.11
2024-10-01,Company_D,Germany,Technology,306159.85,182112.25,7259.7,69937.1,66686.88,315213.87,179297.62,124047.6,40.52,-9054.02,-2.87,2814.63,1.57
2024-11-01,Company_A,India,HR,145016.22,78517.4,2219.89,27937.68,34556.29,153501.34,78069.96,66498.82,45.86,-8485.12,-5.53,447.44,0.57
2024-11-01,Company_A,India,Marketing,188521.08,121103.39,17957.6,33219.41,47151.75,199551.74,119712.48,67417.7,35.76,-11030.66,-5.53,1390.91,1.16
2024-11-01,Company_A,India,Operations,290032.43,174356.8,9374.4,60272.64,79664.19,307002.67,173273.5,115675.64,39.88,-16970.24,-5.53,1083.3,0.63
2024-11-01,Company_A,India,Sales,507556.76,279988.82,10327.79,107541.32,92127.17,537254.68,280068.59,227567.94,44.84,-29697.92,-5.53,-79.77,-0.03
2024-11-01,Company_A,India,Technology,319035.68,175880.24,8677.82,69080.92,67409.28,337702.94,167313.71,143155.44,44.87,-18667.26,-5.53,8566.53,5.12
2024-11-01,Company_B,USA,HR,165009.34,97144.84,5406.6,35236.96,37291.15,169341.77,96460.21,67864.5,41.13,-4332.43,-2.56,684.62,0.71
2024-11-01,Company_B,USA,Marketing,214512.14,123817.28,12987.83,50216.31,40229.87,220144.3,121723.16,90694.86,42.28,-5632.16,-2.56,2094.12,1.72
2024-11-01,Company_B,USA,Operations,330018.68,178448.98,10463.2,53458.2,71461.15,338683.55,178930.62,151569.7,45.93,-8664.87,-2.56,-481.64,-0.27
2024-11-01,Company_B,USA,Sales,577532.68,360719.6,17062.2,131461.68,160598.05,592696.2,347261.59,216813.09,37.54,-15163.52,-2.56,13458.0,3.88
2024-11-01,Company_B,USA,Technology,363020.54,206457.39,6802.33,81099.94,67763.59,372551.9,198926.66,156563.15,43.13,-9531.36,-2.56,7530.74,3.79
2024-11-01,Company_C,UK,HR,115392.53,56616.39,1763.38,23108.13,20850.94,117929.48,55095.33,58776.14,50.94,-2536.94,-2.15,1521.06,2.76
2024-11-01,Company_C,UK,Marketing,150010.29,106112.53,15562.37,34635.26,40919.96,153308.32,106067.86,43897.76,29.26,-3298.02,-2.15,44.67,0.04
2024-11-01,Company_C,UK,Operations,230785.07,122843.89,7457.59,45725.43,42282.35,235858.95,122760.5,107941.18,46.77,-5073.88,-2.15,83.39,0.07
2024-11-01,Company_C,UK,Sales,403873.87,245828.18,12985.8,68646.09,108945.33,412753.17,232675.6,158045.69,39.13,-8879.3,-2.15,13152.57,5.65
2024-11-01,Company_C,UK,Technology,253863.58,133430.92,5498.24,48206.48,50167.35,259444.85,129142.19,120432.65,47.44,-5581.27,-2.15,4288.73,3.32
2024-11-01,Company_D,Germany,HR,163055.35,99690.65,5679.24,36275.68,38011.44,164221.02,96792.5,63364.7,38.86,-1165.68,-0.71,2898.15,2.99
2024-11-01,Company_D,Germany,Marketing,211971.95,127894.24,12821.35,45695.59,51227.52,213487.33,124670.65,84077.71,39.66,-1515.38,-0.71,3223.59,2.59
2024-11-01,Company_D,Germany,Operations,326110.69,170746.67,5066.26,64472.1,61698.12,328442.04,171896.15,155364.02,47.64,-2331.35,-0.71,-1149.48,-0.67
2024-11-01,Company_D,Germany,Sales,570693.71,344037.6,15193.26,121342.19,132965.88,574773.58,334303.24,226656.11,39.72,-4079.86,-0.71,9734.36,2.91
2024-11-01,Company_D,Germany,Technology,358721.76,180953.6,9656.37,61856.61,73557.49,361286.25,170419.42,177768.16,49.56,-2564.49,-0.71,10534.17,6.18
2024-12-01,Company_A,India,HR,143025.68,77689.84,4655.4,25164.17,36310.26,150621.61,76647.8,65335.84,45.68,-7595.93,-5.04,1042.04,1.36
2024-12-01,Company_A,India,Marketing,185933.38,119414.59,17997.89,38517.28,45324.76,195808.09,115524.74,66518.79,35.78,-9874.71,-5.04,3889.86,3.37
2024-12-01,Company_A,India,Operations,286051.36,153687.68,6776.0,51688.6,72183.57,301243.21,153787.76,132363.68,46.27,-15191.85,-5.04,-100.08,-0.07
2024-12-01,Company_A,India,Sales,500589.88,284008.04,14241.39,87644.9,139014.16,527175.62,275955.86,216581.84,43.27,-26585.74,-5.04,8052.18,2.92
2024-12-01,Company_A,India,Technology,314656.49,156857.16,7448.44,50554.47,59552.69,331367.53,153204.46,157799.33,50.15,-16711.04,-5.04,3652.7,2.38
2024-12-01,Company_B,USA,HR,184352.32,104311.08,4830.46,39776.05,40307.94,184954.75,99629.66,80041.24,43.42,-602.43,-0.33,4681.41,4.7
2024-12-01,Company_B,USA,Marketing,239658.01,136993.57,19031.6,42949.62,47543.67,240441.17,132833.67,102664.45,42.84,-783.16,-0.33,4159.9,3.13
2024-12-01,Company_B,USA,Operations,368704.64,220546.35,5920.92,69796.86,94201.55,369909.5,221503.65,148158.28,40.18,-1204.86,-0.33,-957.29,-0.43
2024-12-01,Company_B,USA,Sales,645233.11,342460.2,16166.75,132099.18,125461.48,647341.62,335517.96,302772.91,46.92,-2108.51,-0.33,6942.24,2.07
2024-12-01,Company_B,USA,Technology,405575.1,215457.78,10316.46,75732.38,96756.2,406900.45,215428.69,190117.32,46.88,-1325.35,-0.33,29.08,0.01
2024-12-01,Company_C,UK,HR,113373.87,66711.12,1702.75,20245.25,28991.41,114255.04,67621.62,46662.75,41.16,-881.16,-0.77,-910.5,-1.35
2024-12-01,Company_C,UK,Marketing,147386.03,91111.16,10088.02,34452.44,29844.15,148531.55,90674.43,56274.88,38.18,-1145.51,-0.77,436.73,0.48
2024-12-01,Company_C,UK,Operations,226747.75,130284.09,4723.23,52490.26,53573.95,228510.08,131877.48,96463.65,42.54,-1762.33,-0.77,-1593.38,-1.21
2024-12-01,Company_C,UK,Sales,396808.55,250607.8,13037.51,92447.81,97372.9,399892.63,248525.81,146200.76,36.84,-3084.08,-0.77,2081.99,0.84
2024-12-01,Company_C,UK,Technology,249422.52,148809.02,8654.32,40014.14,66791.18,251361.08,141158.13,100613.5,40.34,-1938.56,-0.77,7650.89,5.42
2024-12-01,Company_D,Germany,HR,152538.41,83443.44,4516.79,33528.85,28163.98,155515.15,81758.56,69094.97,45.3,-2976.74,-1.91,1684.88,2.06
2024-12-01,Company_D,Germany,Marketing,198299.93,127059.84,21372.91,40480.96,42290.52,202169.69,126671.16,71240.08,35.93,-3869.76,-1.91,388.69,0.31
2024-12-01,Company_D,Germany,Operations,305076.81,157772.8,4917.72,52820.19,58605.74,311030.29,149968.67,147304.01,48.28,-5953.48,-1.91,7804.12,5.2
2024-12-01,Company_D,Germany,Sales,533884.42,298403.73,12764.47,96762.73,134125.05,544303.01,294188.24,235480.7,44.11,-10418.59,-1.91,4215.49,1.43
2024-12-01,Company_D,Germany,Technology,335584.49,198238.28,5667.73,78600.12,72848.82,342133.32,197607.67,137346.21,40.93,-6548.83,-1.91,630.61,0.32
2025-01-01,Company_A,India,HR,100056.29,57417.22,3343.41,18979.58,23857.91,100830.37,55140.65,42639.07,42.62,-774.08,-0.77,2276.57,4.13
2025-01-01,Company_A,India,Marketing,130073.18,83241.37,13563.39,28542.02,30195.82,131079.48,79000.92,46831.81,36.0,-1006.31,-0.77,4240.45,5.37
2025-01-01,Company_A,India,Operations,200112.58,128430.89,6295.48,44906.71,54684.97,201660.74,127410.66,71681.69,35.82,-1548.17,-0.77,1020.23,0.8
2025-01-01,Company_A,India,Sales,350197.01,173489.27,6986.85,63618.37,65225.11,352906.3,172977.7,176707.74,50.46,-2709.29,-0.77,511.57,0.3
2025-01-01,Company_A,India,Technology,220123.84,139979.23,3659.11,47069.02,60566.87,221826.82,142384.24,80144.6,36.41,-1702.98,-0.77,-2405.0,-1.69
2025-01-01,Company_B,USA,HR,135724.74,77912.56,4355.13,25885.63,34596.22,139171.13,75710.02,57812.18,42.6,-3446.38,-2.48,2202.54,2.91
2025-01-01,Company_B,USA,Marketing,176442.17,106961.25,18955.33,30927.66,39769.34,180922.46,104711.61,69480.91,39.38,-4480.3,-2.48,2249.64,2.15
2025-01-01,Company_B,USA,Operations,271449.49,159457.87,4542.0,59492.24,67025.06,278342.25,153735.68,111991.62,41.26,-6892.77,-2.48,5722.19,3.72
2025-01-01,Company_B,USA,Sales,475036.6,241842.12,15498.15,78989.46,89206.13,487098.94,235792.2,233194.49,49.09,-12062.34,-2.48,6049.92,2.57
2025-01-01,Company_B,USA,Technology,298594.44,185338.46,7876.45,56625.24,80074.34,306176.48,183334.53,113255.98,37.93,-7582.04,-2.48,2003.92,1.09
2025-01-01,Company_C,UK,HR,83021.83,50366.4,1749.64,17504.94,23104.52,87920.46,49018.63,32655.43,39.33,-4898.64,-5.57,1347.77,2.75
2025-01-01,Company_C,UK,Marketing,107928.38,77277.36,12265.33,21616.56,29532.9,114296.6,77288.13,30651.02,28.4,-6368.23,-5.57,-10.77,-0.01
2025-01-01,Company_C,UK,Operations,166043.66,89713.06,3254.33,34313.85,32347.53,175840.93,90432.93,76330.6,45.97,-9797.27,-5.57,-719.87,-0.8
2025-01-01,Company_C,UK,Sales,290576.4,173363.55,6740.49,67501.3,67557.1,307721.63,176377.73,117212.84,40.34,-17145.23,-5.57,-3014.18,-1.71
2025-01-01,Company_C,UK,Technology,182648.02,93434.78,3896.68,36920.75,37591.85,193425.02,90901.24,89213.24,48.84,-10777.0,-5.57,2533.54,2.79
2025-01-01,Company_D,Germany,HR,122575.43,67246.55,3980.81,24211.24,22709.22,125455.48,67052.73,55328.88,45.14,-2880.05,-2.3,193.81,0.29
2025-01-01,Company_D,Germany,Marketing,159348.06,105115.78,17209.08,30274.25,41976.35,163092.12,102331.27,54232.28,34.03,-3744.06,-2.3,2784.51,2.72
2025-01-01,Company_D,Germany,Operations,245150.86,140676.96,5659.37,57174.12,53778.16,250910.96,132101.84,104473.9,42.62,-5760.1,-2.3,8575.12,6.49
2025-01-01,Company_D,Germany,Sales,429014.0,221680.47,8750.46,77474.51,94869.85,439094.17,223358.0,207333.53,48.33,-10080.17,-2.3,-1677.52,-0.75
2025-01-01,Company_D,Germany,Technology,269665.94,152873.2,5566.13,61076.85,63310.48,276002.05,150495.37,116792.74,43.31,-6336.11,-2.3,2377.83,1.58
2025-02-01,Company_A,India,HR,100836.14,52252.85,2037.37,21419.0,19758.76,104122.95,53093.64,48583.3,48.18,-3286.8,-3.16,-840.79,-1.58
2025-02-01,Company_A,India,Marketing,131086.99,80355.6,11727.79,21563.03,35748.87,135359.83,77757.86,50731.39,38.7,-4272.84,-3.16,2597.74,3.34
2025-02-01,Company_A,India,Operations,201672.29,107131.2,3113.47,39429.67,42372.28,208245.89,107290.8,94541.08,46.88,-6573.6,-3.16,-159.59,-0.15
2025-02-01,Company_A,India,Sales,352926.51,206463.99,8500.91,78699.42,85769.87,364430.31,206059.12,146462.52,41.5,-11503.8,-3.16,404.86,0.2
2025-02-01,Company_A,India,Technology,221839.52,129377.42,5224.77,48014.25,49748.52,229070.48,125012.37,92462.09,41.68,-7230.96,-3.16,4365.06,3.49
2025-02-01,Company_B,USA,HR,138180.46,73669.91,3195.74,23360.58,31575.24,142151.27,72221.28,64510.55,46.69,-3970.81,-2.79,1448.63,2.01
2025-02-01,Company_B,USA,Marketing,179634.59,103128.34,18629.84,30205.16,35920.99,184796.65,105667.29,76506.26,42.59,-5162.05,-2.79,-2538.96,-2.4
2025-02-01,Company_B,USA,Operations,276360.91,151116.05,8368.74,63442.32,56593.53,284302.53,149602.31,125244.86,45.32,-7941.62,-2.79,1513.74,1.01
2025-02-01,Company_B,USA,Sales,483631.6,277911.9,13023.17,98021.69,104755.97,497529.43,277708.68,205719.7,42.54,-13897.83,-2.79,203.22,0.07
2025-02-01,Company_B,USA,Technology,303997.01,159390.47,5269.78,61365.72,58643.0,312732.79,155504.15,144606.54,47.57,-8735.78,-2.79,3886.32,2.5
2025-02-01,Company_C,UK,HR,81298.92,49098.68,1768.67,19390.87,20349.38,86079.38,48510.63,32200.25,39.61,-4780.46,-5.55,588.04,1.21
2025-02-01,Company_C,UK,Marketing,105688.6,63898.02,10912.24,21891.23,21573.23,111903.19,62747.72,41790.58,39.54,-6214.59,-5.55,1150.3,1.83
2025-02-01,Company_C,UK,Operations,162597.84,95519.81,5193.41,30854.5,42729.28,172158.75,92510.2,67078.04,41.25,-9560.91,-5.55,3009.61,3.25
2025-02-01,Company_C,UK,Sales,284546.22,152900.69,7096.72,60455.74,52130.68,301277.82,157867.69,131645.54,46.27,-16731.6,-5.55,-4967.01,-3.15
2025-02-01,Company_C,UK,Technology,178857.63,105522.16,4173.64,38864.67,45739.18,189374.63,101936.61,73335.47,41.0,-10517.0,-5.55,3585.55,3.52
2025-02-01,Company_D,Germany,HR,116790.9,63601.94,3738.37,27593.06,22718.55,123734.04,59915.55,53188.96,45.54,-6943.14,-5.61,3686.39,6.15
2025-02-01,Company_D,Germany,Marketing,151828.17,95296.7,14175.73,31593.34,33472.88,160854.26,92806.66,56531.47,37.23,-9026.09,-5.61,2490.04,2.68
2025-02-01,Company_D,Germany,Operations,233581.8,112198.66,5908.53,39071.67,43536.75,247468.09,107973.05,121383.14,51.97,-13886.29,-5.61,4225.61,3.91
2025-02-01,Company_D,Germany,Sales,408768.15,234133.49,6961.91,93505.23,87763.67,433069.15,242027.93,174634.65,42.72,-24301.0,-5.61,-7894.43,-3.26
2025-02-01,Company_D,Germany,Technology,256939.98,156348.81,4966.36,57786.6,66879.67,272214.89,155520.78,100591.16,39.15,-15274.92,-5.61,828.03,0.53
2025-03-01,Company_A,India,HR,118980.09,63842.94,2719.24,20013.1,28000.43,122966.07,63152.61,55137.14,46.34,-3985.99,-3.24,690.33,1.09
2025-03-01,Company_A,India,Marketing,154674.11,106011.05,13972.96,29133.49,42398.04,159855.89,104759.8,48663.06,31.46,-5181.78,-3.24,1251.25,1.19
2025-03-01,Company_A,India,Operations,237960.17,143413.17,7325.81,53846.69,50157.15,245932.14,140095.11,94547.0,39.73,-7971.97,-3.24,3318.06,2.37
2025-03-01,Company_A,India,Sales,416430.3,225799.82,11952.67,93750.98,79556.17,430381.25,215158.16,190630.48,45.78,-13950.95,-3.24,10641.67,4.95
2025-03-01,Company_A,India,Technology,261756.19,142350.21,6730.03,52665.46,56457.83,270525.36,136565.77,119405.98,45.62,-8769.17,-3.24,5784.44,4.24
2025-03-01,Company_B,USA,HR,148138.56,95537.96,4877.48,34351.52,36822.99,153382.06,91320.48,52600.59,35.51,-5243.5,-3.42,4217.48,4.62
2025-03-01,Company_B,USA,Marketing,192580.12,120296.21,21893.44,38432.78,39819.18,199396.67,119858.43,72283.91,37.53,-6816.55,-3.42,437.78,0.37
2025-03-01,Company_B,USA,Operations,296277.11,164382.01,7924.64,68899.04,55860.16,306764.11,164180.12,131895.1,44.52,-10487.0,-3.42,201.89,0.12
2025-03-01,Company_B,USA,Sales,518484.95,316816.51,14962.21,116465.47,122148.36,536837.2,302115.98,201668.43,38.9,-18352.25,-3.42,14700.53,4.87
2025-03-01,Company_B,USA,Technology,325904.82,189993.41,8308.44,69502.86,79500.4,337440.52,184973.1,135911.41,41.7,-11535.7,-3.42,5020.32,2.71
2025-03-01,Company_C,UK,HR,93000.4,56728.96,2663.22,19349.59,25979.68,91336.37,54591.07,36271.45,39.0,1664.03,1.82,2137.89,3.92
2025-03-01,Company_C,UK,Marketing,120900.52,76797.89,13210.51,20049.84,27722.91,118737.28,76376.59,44102.63,36.48,2163.24,1.82,421.3,0.55
2025-03-01,Company_C,UK,Operations,186000.8,88282.7,5595.95,31161.98,33861.65,182672.75,87233.81,97718.1,52.54,3328.06,1.82,1048.89,1.2
2025-03-01,Company_C,UK,Sales,325501.41,160262.2,5973.74,60403.12,67147.06,319677.3,156765.05,165239.21,50.76,5824.1,1.82,3497.15,2.23
2025-03-01,Company_C,UK,Technology,204600.88,100864.62,3771.59,34278.72,38926.02,200940.02,103611.37,103736.26,50.7,3660.86,1.82,-2746.74,-2.65
2025-03-01,Company_D,Germany,HR,131405.51,71726.61,2610.91,26859.38,24338.73,137151.0,69362.98,59678.89,45.42,-5745.5,-4.19,2363.63,3.41
2025-03-01,Company_D,Germany,Marketing,170827.16,115603.13,19260.95,39910.55,38553.89,178296.3,109019.53,55224.02,32.33,-7469.14,-4.19,6583.6,6.04
2025-03-01,Company_D,Germany,Operations,262811.01,148135.58,4054.59,48260.03,72119.92,274302.0,143561.69,114675.43,43.63,-11490.99,-4.19,4573.88,3.19
2025-03-01,Company_D,Germany,Sales,459919.27,254806.65,14080.13,93376.04,97258.62,480028.5,249877.32,205112.62,44.6,-20109.24,-4.19,4929.33,1.97
2025-03-01,Company_D,Germany,Technology,289092.11,149285.23,5106.68,49810.46,57941.71,301732.2,146565.58,139806.88,48.36,-12640.09,-4.19,2719.65,1.86
2025-04-01,Company_A,India,HR,117067.89,62779.12,2276.65,19717.47,27150.67,122692.43,59548.34,54288.77,46.37,-5624.53,-4.58,3230.78,5.43
2025-04-01,Company_A,India,Marketing,152188.26,82239.43,10604.75,30619.47,28665.49,159500.15,79135.76,69948.83,45.96,-7311.89,-4.58,3103.67,3.92
2025-04-01,Company_A,India,Operations,234135.79,132071.46,3521.37,40557.65,58972.71,245384.85,128455.71,102064.33,43.59,-11249.06,-4.58,3615.75,2.81
2025-04-01,Company_A,India,Sales,409737.63,245523.85,12278.66,93707.46,91748.88,429423.49,243576.16,164213.78,40.08,-19685.86,-4.58,1947.69,0.8
2025-04-01,Company_A,India,Technology,257549.37,134148.31,7333.18,44512.06,50975.54,269923.34,130065.62,123401.06,47.91,-12373.97,-4.58,4082.69,3.14
2025-04-01,Company_B,USA,HR,152255.14,86710.84,3890.36,31124.55,37385.28,154284.86,86546.39,65544.3,43.05,-2029.72,-1.32,164.45,0.19
2025-04-01,Company_B,USA,Marketing,197931.69,115699.45,21468.09,37141.91,40503.72,200570.32,109521.5,82232.24,41.55,-2638.63,-1.32,6177.95,5.64
2025-04-01,Company_B,USA,Operations,304510.29,152092.54,9101.46,56809.46,59439.81,308569.73,150638.02,152417.75,50.05,-4059.44,-1.32,1454.52,0.97
2025-04-01,Company_B,USA,Sales,532893.01,262596.44,11409.96,95971.56,103113.65,539997.02,247608.85,270296.57,50.72,-7104.01,-1.32,14987.59,6.05
2025-04-01,Company_B,USA,Technology,334961.32,190619.38,7984.5,68929.25,71906.77,339426.7,188105.21,144341.94,43.09,-4465.38,-1.32,2514.17,1.34
2025-04-01,Company_C,UK,HR,105237.96,64838.16,3333.76,24426.99,24768.08,108729.21,62341.52,40399.79,38.39,-3491.25,-3.21,2496.65,4.0
2025-04-01,Company_C,UK,Marketing,136809.34,83479.15,8644.6,24956.39,35509.98,141347.97,80279.97,53330.19,38.98,-4538.63,-3.21,3199.18,3.99
2025-04-01,Company_C,UK,Operations,210475.91,129389.37,4804.65,48122.4,56590.52,217458.42,131647.25,81086.55,38.53,-6982.51,-3.21,-2257.88,-1.72
2025-04-01,Company_C,UK,Sales,368332.85,192559.07,9601.92,75645.64,67473.3,380552.24,184687.62,175773.78,47.72,-12219.39,-3.21,7871.45,4.26
2025-04-01,Company_C,UK,Technology,231523.5,144980.72,5313.89,54169.51,56142.65,239204.26,142449.8,86542.78,37.38,-7680.76,-3.21,2530.92,1.78
2025-04-01,Company_D,Germany,HR,132217.51,70290.03,3061.99,25956.23,30373.61,132269.03,70816.48,61927.48,46.84,-51.52,-0.04,-526.45,-0.74
2025-04-01,Company_D,Germany,Marketing,171882.77,94470.81,10659.06,27745.8,39240.03,171949.74,93350.12,77411.95,45.04,-66.98,-0.04,1120.7,1.2
2025-04-01,Company_D,Germany,Operations,264435.03,138972.03,7915.71,52660.06,50503.38,264538.07,134829.86,125463.0,47.45,-103.04,-0.04,4142.16,3.07
2025-04-01,Company_D,Germany,Sales,462761.29,239836.76,8310.77,74724.26,100796.57,462941.62,215657.82,222924.54,48.17,-180.33,-0.04,24178.94,11.21
2025-04-01,Company_D,Germany,Technology,290878.53,166028.76,6824.09,51855.93,68570.11,290991.88,159278.17,124849.77,42.92,-113.35,-0.04,6750.59,4.24
2025-05-01,Company_A,India,HR,113893.66,66903.12,2178.22,24528.81,24963.89,115132.9,65629.01,46990.55,41.26,-1239.24,-1.08,1274.11,1.94
2025-05-01,Company_A,India,Marketing,148061.76,85546.3,9924.91,30863.63,31643.86,149672.77,84018.63,62515.46,42.22,-1611.01,-1.08,1527.67,1.82
2025-05-01,Company_A,India,Operations,227787.33,138537.07,5293.59,45559.52,60831.22,230265.8,132254.77,89250.26,39.18,-2478.47,-1.08,6282.3,4.75
2025-05-01,Company_A,India,Sales,398627.82,225943.97,13631.98,70782.08,96320.46,402965.15,212466.51,172683.85,43.32,-4337.33,-1.08,13477.46,6.34
2025-05-01,Company_A,India,Technology,250566.06,143503.5,7248.52,50933.16,62695.29,253292.38,133889.04,107062.56,42.73,-2726.32,-1.08,9614.46,7.18
2025-05-01,Company_B,USA,HR,156534.97,96081.81,4908.82,30797.89,42732.82,163513.92,95832.78,60453.16,38.62,-6978.95,-4.27,249.04,0.26
2025-05-01,Company_B,USA,Marketing,203495.46,127486.36,21310.83,41858.41,44340.76,212568.1,127838.28,76009.11,37.35,-9072.64,-4.27,-351.92,-0.28
2025-05-01,Company_B,USA,Operations,313069.94,182296.13,9335.01,64163.73,77073.45,327027.85,175892.27,130773.81,41.77,-13957.9,-4.27,6403.86,3.64
2025-05-01,Company_B,USA,Sales,547872.4,300903.21,8394.77,118083.23,119033.89,572298.73,289048.56,246969.19,45.08,-24426.33,-4.27,11854.64,4.1
2025-05-01,Company_B,USA,Technology,344376.94,212984.27,6665.63,76868.55,85303.47,359730.63,209145.04,131392.67,38.15,-15353.69,-4.27,3839.23,1.84
2025-05-01,Company_C,UK,HR,87346.39,55333.51,2174.57,18447.9,23139.21,88295.71,53946.94,32012.88,36.65,-949.33,-1.08,1386.57,2.57
2025-05-01,Company_C,UK,Marketing,113550.3,70846.62,10018.55,24338.98,24843.65,114784.43,70820.67,42703.68,37.61,-1234.13,-1.08,25.96,0.04
2025-05-01,Company_C,UK,Operations,174692.77,96597.24,2846.91,30526.95,44767.69,176591.43,98073.62,78095.54,44.7,-1898.65,-1.08,-1476.38,-1.51
2025-05-01,Company_C,UK,Sales,305712.35,175255.35,5353.71,71303.78,67820.66,309034.99,157999.21,130457.0,42.67,-3322.64,-1.08,17256.14,10.92
2025-05-01,Company_C,UK,Technology,192162.05,104760.76,3420.17,38722.8,44449.8,194250.57,102306.76,87401.29,45.48,-2088.52,-1.08,2453.99,2.4
2025-05-01,Company_D,Germany,HR,137623.17,77578.35,3605.63,22035.32,32900.95,140645.07,73609.12,60044.82,43.63,-3021.9,-2.15,3969.22,5.39
2025-05-01,Company_D,Germany,Marketing,178910.12,111270.59,18053.43,36064.59,40245.51,182838.59,112796.92,67639.53,37.81,-3928.47,-2.15,-1526.34,-1.35
2025-05-01,Company_D,Germany,Operations,275246.34,164851.31,7197.55,58244.27,67268.62,281290.14,165175.47,110395.03,40.11,-6043.8,-2.15,-324.16,-0.2
2025-05-01,Company_D,Germany,Sales,481681.09,277798.14,13593.3,82601.66,118562.95,492257.74,270020.96,203882.95,42.33,-10576.65,-2.15,7777.18,2.88
2025-05-01,Company_D,Germany,Technology,302770.97,174882.58,8709.42,63287.74,70022.95,309419.15,178384.2,127888.39,42.24,-6648.18,-2.15,-3501.62,-1.96
2025-06-01,Company_A,India,HR,116020.8,67812.14,3604.85,22163.0,31346.2,118052.1,66348.2,48208.66,41.55,-2031.3,-1.72,1463.94,2.21
2025-06-01,Company_A,India,Marketing,150827.04,92052.72,16212.93,28157.94,33955.6,153467.73,88370.52,58774.33,38.97,-2640.69,-1.72,3682.2,4.17
2025-06-01,Company_A,India,Operations,232041.6,146593.55,7292.55,52647.78,61336.16,236104.2,150106.74,85448.05,36.82,-4062.6,-1.72,-3513.19,-2.34
2025-06-01,Company_A,India,Sales,406072.8,235874.6,6651.85,90725.05,92351.31,413182.36,230861.06,170198.2,41.91,-7109.56,-1.72,5013.54,2.17
2025-06-01,Company_A,India,Technology,255245.76,133997.06,7344.09,53671.58,52408.91,259714.63,132257.23,121248.7,47.5,-4468.86,-1.72,1739.83,1.32
2025-06-01,Company_B,USA,HR,164972.15,91353.21,4332.71,28520.18,45264.63,168235.85,90760.07,73618.94,44.63,-3263.69,-1.94,593.14,0.65
2025-06-01,Company_B,USA,Marketing,214463.8,142562.37,23255.53,50811.51,48460.94,218706.6,139020.75,71901.43,33.53,-4242.8,-1.94,3541.62,2.55
2025-06-01,Company_B,USA,Operations,329944.31,172757.56,5540.77,68524.52,70520.95,336471.69,174630.79,157186.75,47.64,-6527.38,-1.94,-1873.23,-1.07
2025-06-01,Company_B,USA,Sales,577402.54,357294.51,18173.68,125130.06,153417.53,588825.46,347355.75,220108.03,38.12,-11422.92,-1.94,9938.76,2.86
2025-06-01,Company_B,USA,Technology,362938.74,178365.54,8621.84,60664.19,73703.22,370118.86,173583.52,184573.2,50.86,-7180.12,-1.94,4782.02,2.75
2025-06-01,Company_C,UK,HR,99162.07,59928.05,3042.41,23056.01,24022.17,98066.55,57243.99,39234.01,39.57,1095.52,1.12,2684.07,4.69
2025-06-01,Company_C,UK,Marketing,128910.69,76537.23,9027.84,28757.93,23570.77,127486.51,75356.67,52373.46,40.63,1424.17,1.12,1180.56,1.57
2025-06-01,Company_C,UK,Operations,198324.13,97999.44,4249.94,36577.82,38864.19,196133.1,96244.94,100324.69,50.59,2191.04,1.12,1754.5,1.82
2025-06-01,Company_C,UK,Sales,347067.23,184884.6,11374.38,56046.38,70347.08,343232.92,185559.1,162182.63,46.73,3834.32,1.12,-674.5,-0.36
2025-06-01,Company_C,UK,Technology,218156.55,118207.17,6599.91,47426.09,43663.19,215746.4,112021.62,99949.37,45.82,2410.14,1.12,6185.55,5.52
2025-06-01,Company_D,Germany,HR,131177.51,81080.19,2438.21,29272.93,31131.35,132026.35,81937.22,50097.32,38.19,-848.84,-0.64,-857.03,-1.05
2025-06-01,Company_D,Germany,Marketing,170530.76,116004.96,13457.32,33466.82,46746.23,171634.26,113811.62,54525.81,31.97,-1103.49,-0.64,2193.33,1.93
2025-06-01,Company_D,Germany,Operations,262355.02,161243.46,6865.92,62382.98,57016.61,264052.7,156014.93,101111.56,38.54,-1697.68,-0.64,5228.53,3.35
2025-06-01,Company_D,Germany,Sales,459121.28,274174.67,13202.24,95824.3,104277.31,462092.23,274227.72,184946.61,40.28,-2970.94,-0.64,-53.05,-0.02
2025-06-01,Company_D,Germany,Technology,288590.52,178203.83,5973.3,56420.48,77804.45,290457.97,173486.93,110386.69,38.25,-1867.45,-0.64,4716.9,2.72
2025-07-01,Company_A,India,HR,125445.69,64524.85,3541.79,22255.75,28651.66,121535.27,64200.28,60920.84,48.56,3910.42,3.22,324.57,0.51
2025-07-01,Company_A,India,Marketing,163079.4,105773.49,16210.71,35521.8,40912.8,157995.85,97825.76,57305.91,35.14,5083.55,3.22,7947.73,8.12
2025-07-01,Company_A,India,Operations,250891.39,125695.45,5522.22,44560.54,54506.99,243070.54,121281.2,125195.94,49.9,7820.84,3.22,4414.25,3.64
2025-07-01,Company_A,India,Sales,439059.92,255995.95,7170.42,104252.7,107495.83,425373.45,258556.41,183063.98,41.69,13686.48,3.22,-2560.46,-0.99
2025-07-01,Company_A,India,Technology,275980.52,155872.99,9643.77,53727.28,65105.44,267377.59,150838.68,120107.53,43.52,8602.93,3.22,5034.32,3.34
2025-07-01,Company_B,USA,HR,166279.89,104004.39,3266.7,39575.77,44584.59,171311.12,99184.21,62275.51,37.45,-5031.23,-2.94,4820.18,4.86
2025-07-01,Company_B,USA,Marketing,216163.86,139180.49,16668.65,37423.39,56047.83,222704.45,134664.22,76983.37,35.61,-6540.59,-2.94,4516.27,3.35
2025-07-01,Company_B,USA,Operations,332559.78,209687.89,8794.98,75474.13,93090.38,342622.24,201448.52,122871.89,36.95,-10062.45,-2.94,8239.38,4.09
2025-07-01,Company_B,USA,Sales,581979.62,329063.93,20306.02,115330.19,144282.74,599588.91,326395.12,252915.69,43.46,-17609.29,-2.94,2668.8,0.82
2025-07-01,Company_B,USA,Technology,365815.76,178588.18,6119.79,67436.16,65899.09,376884.46,167217.04,187227.58,51.18,-11068.7,-2.94,11371.14,6.8
2025-07-01,Company_C,UK,HR,93455.97,51364.45,1801.84,19035.85,21266.15,96003.36,50902.62,42091.52,45.04,-2547.4,-2.65,461.83,0.91
2025-07-01,Company_C,UK,Marketing,121492.76,80358.17,9714.61,26952.83,31969.81,124804.37,81431.42,41134.58,33.86,-3311.62,-2.65,-1073.24,-1.32
2025-07-01,Company_C,UK,Operations,186911.93,111604.38,4039.54,37570.66,49728.13,192006.73,110374.09,75307.56,40.29,-5094.8,-2.65,1230.28,1.11
2025-07-01,Company_C,UK,Sales,327095.88,201472.93,9649.96,70101.76,90443.05,336011.78,197616.4,125622.95,38.41,-8915.9,-2.65,3856.53,1.95
2025-07-01,Company_C,UK,Technology,205603.13,111525.4,6334.25,44521.97,40991.9,211207.4,108284.19,94077.73,45.76,-5604.28,-2.65,3241.2,2.99
2025-07-01,Company_D,Germany,HR,143571.14,79958.01,2588.13,27714.88,37117.9,144788.47,77253.85,63613.13,44.31,-1217.34,-0.84,2704.16,3.5
2025-07-01,Company_D,Germany,Marketing,186642.48,127870.94,13963.65,38222.01,51833.33,188225.01,125108.27,58771.54,31.49,-1582.54,-0.84,2762.66,2.21
2025-07-01,Company_D,Germany,Operations,287142.27,180626.45,8395.49,67673.74,72981.83,289576.94,172540.09,106515.82,37.1,-2434.67,-0.84,8086.36,4.69
2025-07-01,Company_D,Germany,Sales,502498.97,282128.29,7937.53,100117.03,128791.46,506759.65,271455.43,220370.69,43.85,-4260.67,-0.84,10672.86,3.93
2025-07-01,Company_D,Germany,Technology,315856.5,172766.72,6580.71,74462.98,64007.2,318534.63,170288.83,143089.78,45.3,-2678.14,-0.84,2477.89,1.46
2025-08-01,Company_A,India,HR,127248.47,73689.18,2306.96,26797.42,28935.3,128094.12,73949.51,53559.29,42.09,-845.65,-0.66,-260.33,-0.35
2025-08-01,Company_A,India,Marketing,165423.01,115323.77,17455.92,38487.03,39654.46,166522.35,113566.92,50099.24,30.29,-1099.34,-0.66,1756.86,1.55
2025-08-01,Company_A,India,Operations,254496.94,149269.99,4809.87,44178.25,68470.1,256188.24,148888.99,105226.95,41.35,-1691.3,-0.66,381.0,0.26
2025-08-01,Company_A,India,Sales,445369.64,281160.2,11879.91,98569.75,114992.66,448329.41,276113.35,164209.44,36.87,-2959.77,-0.66,5046.86,1.83
2025-08-01,Company_A,India,Technology,279946.63,157862.53,7099.49,62775.28,54318.73,281807.06,160243.77,122084.1,43.61,-1860.43,-0.66,-2381.24,-1.49
2025-08-01,Company_B,USA,HR,165126.45,92404.64,3510.08,39123.23,31341.74,162228.88,89921.63,72721.8,44.04,2897.57,1.79,2483.02,2.76
2025-08-01,Company_B,USA,Marketing,214664.38,133766.81,16788.95,48529.4,47193.51,210897.55,125048.42,80897.57,37.69,3766.84,1.79,8718.39,6.97
2025-08-01,Company_B,USA,Operations,330252.89,212778.69,10271.48,77641.64,87536.18,324457.76,210520.34,117474.21,35.57,5795.13,1.79,2258.35,1.07
2025-08-01,Company_B,USA,Sales,577942.56,349785.05,13910.11,126536.81,161204.36,567801.08,337880.66,228157.52,39.48,10141.48,1.79,11904.39,3.52
2025-08-01,Company_B,USA,Technology,363278.18,197008.93,8950.45,68442.05,83667.82,356903.54,196091.71,166269.25,45.77,6374.64,1.79,917.22,0.47
2025-08-01,Company_C,UK,HR,97129.61,61789.09,1629.12,23149.96,26440.92,97007.13,57493.45,35340.52,36.38,122.47,0.13,4295.63,7.47
2025-08-01,Company_C,UK,Marketing,126268.49,75718.0,10591.05,24961.59,26644.51,126109.28,72012.71,50550.49,40.03,159.22,0.13,3705.29,5.15
2025-08-01,Company_C,UK,Operations,194259.22,115040.35,6575.03,41479.47,50955.89,194014.27,116083.11,79218.87,40.78,244.95,0.13,-1042.77,-0.9
2025-08-01,Company_C,UK,Sales,339953.63,183753.27,7838.58,55493.7,92984.72,339524.97,183965.13,156200.36,45.95,428.66,0.13,-211.86,-0.12
2025-08-01,Company_C,UK,Technology,213685.14,124885.57,5348.1,44239.42,57126.25,213415.7,125989.25,88799.57,41.56,269.44,0.13,-1103.69,-0.88
2025-08-01,Company_D,Germany,HR,137079.54,72548.82,3848.66,29135.68,25975.64,145427.19,70722.11,64530.72,47.08,-8347.65,-5.74,1826.71,2.58
2025-08-01,Company_D,Germany,Marketing,178203.4,122907.47,12680.56,38834.21,48284.67,189055.35,119277.9,55295.93,31.03,-10851.95,-5.74,3629.57,3.04
2025-08-01,Company_D,Germany,Operations,274159.08,167669.63,5856.76,51327.52,75572.71,290854.38,161824.25,106489.45,38.84,-16695.3,-5.74,5845.37,3.61
2025-08-01,Company_D,Germany,Sales,479778.38,265403.35,8009.13,88828.66,108647.66,508995.17,261983.41,214375.03,44.68,-29216.78,-5.74,3419.94,1.31
2025-08-01,Company_D,Germany,Technology,301574.98,183690.39,5850.1,53599.86,82849.49,319939.82,177494.85,117884.6,39.09,-18364.83,-5.74,6195.54,3.49
2025-09-01,Company_A,India,HR,122587.69,63960.95,3541.9,21486.45,24746.97,123653.93,64037.98,58626.74,47.82,-1066.24,-0.86,-77.03,-0.12
2025-09-01,Company_A,India,Marketing,159364.0,102300.51,15646.75,37470.54,33857.07,160750.12,102531.32,57063.5,35.81,-1386.11,-0.86,-230.81,-0.23
2025-09-01,Company_A,India,Operations,245175.39,149526.98,6911.55,55347.48,63653.45,247307.87,142454.6,95648.41,39.01,-2132.48,-0.86,7072.38,4.96
2025-09-01,Company_A,India,Sales,429056.93,219642.17,8508.2,79421.07,86451.22,432788.77,215335.09,209414.76,48.81,-3731.84,-0.86,4307.08,2.0
2025-09-01,Company_A,India,Technology,269692.93,146755.19,4460.57,47205.33,67319.57,272038.66,147130.43,122937.74,45.58,-2345.73,-0.86,-375.24,-0.26
2025-09-01,Company_B,USA,HR,165629.48,82977.08,5171.3,29353.11,33080.23,163569.69,79432.36,82652.4,49.9,2059.8,1.26,3544.72,4.46
2025-09-01,Company_B,USA,Marketing,215318.33,151857.15,19641.21,42757.49,59756.1,212640.59,151628.13,63461.18,29.47,2677.73,1.26,229.02,0.15
2025-09-01,Company_B,USA,Operations,331258.97,183946.83,5836.0,65646.16,67429.95,327139.37,182252.83,147312.13,44.47,4119.59,1.26,1694.0,0.93
2025-09-01,Company_B,USA,Sales,579703.19,339230.99,17967.23,112845.07,147214.16,572493.9,321911.15,240472.2,41.48,7209.29,1.26,17319.83,5.38
2025-09-01,Company_B,USA,Technology,364384.86,199309.73,5845.26,80864.15,66056.48,359853.31,189715.03,165075.13,45.3,4531.55,1.26,9594.71,5.06
2025-09-01,Company_C,UK,HR,107692.61,57562.24,3764.75,18333.16,22169.43,111501.66,56148.86,50130.37,46.55,-3809.05,-3.42,1413.38,2.52
2025-09-01,Company_C,UK,Marketing,140000.4,94463.53,15503.31,22909.51,37957.39,144952.16,94664.87,45536.87,32.53,-4951.76,-3.42,-201.34,-0.21
2025-09-01,Company_C,UK,Operations,215385.23,125132.7,6147.92,39916.85,49194.82,223003.32,121586.79,90252.53,41.9,-7618.09,-3.42,3545.9,2.92
2025-09-01,Company_C,UK,Sales,376924.15,201986.56,8898.59,71177.24,83282.09,390255.81,193458.39,174937.59,46.41,-13331.66,-3.42,8528.17,4.41
2025-09-01,Company_C,UK,Technology,236923.75,127955.84,4234.74,49642.03,55022.54,245303.65,124885.7,108967.91,45.99,-8379.9,-3.42,3070.14,2.46
2025-09-01,Company_D,Germany,HR,139637.08,86818.68,4368.44,28689.37,35862.26,145546.43,88162.34,52818.4,37.83,-5909.36,-4.06,-1343.66,-1.52
2025-09-01,Company_D,Germany,Marketing,181528.2,110694.65,17344.43,30301.96,46448.78,189210.36,112553.51,70833.55,39.02,-7682.16,-4.06,-1858.86,-1.65
2025-09-01,Company_D,Germany,Operations,279274.15,142422.42,6879.54,44989.01,51828.77,291092.87,139395.66,136851.73,49.0,-11818.71,-4.06,3026.76,2.17
2025-09-01,Company_D,Germany,Sales,488729.77,237426.43,10037.55,81277.01,100135.76,509412.52,234577.66,251303.34,51.42,-20682.75,-4.06,2848.77,1.21
2025-09-01,Company_D,Germany,Technology,307201.57,160951.36,9648.25,57215.76,60947.18,320202.15,152439.3,146250.21,47.61,-13000.58,-4.06,8512.07,5.58
2025-10-01,Company_A,India,HR,125235.23,59972.07,3323.0,22532.41,23384.62,130095.3,59246.65,65263.16,52.11,-4860.07,-3.74,725.43,1.22
2025-10-01,Company_A,India,Marketing,162805.8,117290.58,12945.9,37616.19,43973.21,169123.89,115927.25,45515.22,27.96,-6318.09,-3.74,1363.33,1.18
2025-10-01,Company_A,India,Operations,250470.47,134661.23,7097.57,40856.33,53175.56,260190.6,126700.05,115809.23,46.24,-9720.13,-3.74,7961.18,6.28
2025-10-01,Company_A,India,Sales,438323.32,241252.27,8220.51,96811.64,82772.32,455333.55,240200.59,197071.05,44.96,-17010.23,-3.74,1051.67,0.44
2025-10-01,Company_A,India,Technology,275517.51,135500.67,6515.14,52201.69,50451.36,286209.66,133975.1,140016.84,50.82,-10692.15,-3.74,1525.57,1.14
2025-10-01,Company_B,USA,HR,186878.4,108796.07,5172.38,43499.11,34981.89,195485.54,108804.65,78082.33,41.78,-8607.14,-4.4,-8.58,-0.01
2025-10-01,Company_B,USA,Marketing,242941.93,150893.85,25965.01,56525.98,44200.88,254131.21,142552.98,92048.08,37.89,-11189.28,-4.4,8340.87,5.85
2025-10-01,Company_B,USA,Operations,373756.81,210395.51,6142.58,77711.85,75751.48,390971.09,194731.73,163361.3,43.71,-17214.28,-4.4,15663.78,8.04
2025-10-01,Company_B,USA,Sales,654074.42,382156.54,11858.75,151960.52,141714.23,684199.4,374735.02,271917.88,41.57,-30124.99,-4.4,7421.52,1.98
2025-10-01,Company_B,USA,Technology,411132.49,233771.57,14126.69,71023.79,111612.17,430068.2,221319.11,177360.92,43.14,-18935.71,-4.4,12452.46,5.63
2025-10-01,Company_C,UK,HR,108038.83,59864.76,2873.75,23440.65,20408.57,110002.42,58629.77,48174.06,44.59,-1963.59,-1.79,1234.99,2.11
2025-10-01,Company_C,UK,Marketing,140450.48,79479.17,10468.99,24716.23,31096.69,143003.14,80044.47,60971.31,43.41,-2552.66,-1.79,-565.3,-0.71
2025-10-01,Company_C,UK,Operations,216077.66,125664.77,4335.58,44128.97,59542.82,220004.83,125049.35,90412.89,41.84,-3927.17,-1.79,615.42,0.49
2025-10-01,Company_C,UK,Sales,378135.9,233421.22,7799.13,90039.1,104117.29,385008.46,232166.71,144714.68,38.27,-6872.56,-1.79,1254.51,0.54
2025-10-01,Company_C,UK,Technology,237685.42,133955.07,6094.78,51516.36,54141.82,242005.32,128233.51,103730.35,43.64,-4319.89,-1.79,5721.56,4.46
2025-10-01,Company_D,Germany,HR,137860.26,76826.83,2418.63,30860.66,30273.3,143606.34,76297.85,61033.43,44.27,-5746.08,-4.0,528.98,0.69
2025-10-01,Company_D,Germany,Marketing,179218.34,131298.69,19916.24,41241.52,49551.77,186688.24,128574.89,47919.65,26.74,-7469.91,-4.0,2723.8,2.12
2025-10-01,Company_D,Germany,Operations,275720.52,156812.55,5530.04,49647.43,66968.67,287212.68,157915.4,118907.97,43.13,-11492.16,-4.0,-1102.85,-0.7
2025-10-01,Company_D,Germany,Sales,482510.9,273723.69,7369.66,115629.69,103987.53,502622.19,274981.01,208787.21,43.27,-20111.28,-4.0,-1257.32,-0.46
2025-10-01,Company_D,Germany,Technology,303292.57,162696.39,5899.22,54891.49,76099.86,315933.95,162963.52,140596.18,46.36,-12641.38,-4.0,-267.13,-0.16
2025-11-01,Company_A,India,HR,143694.84,88260.74,3950.5,29467.74,38286.53,149487.43,86815.22,55434.11,38.58,-5792.59,-3.87,1445.52,1.67
2025-11-01,Company_A,India,Marketing,186803.3,124075.5,11644.62,41280.58,49262.26,194333.66,125716.19,62727.8,33.58,-7530.36,-3.87,-1640.69,-1.31
2025-11-01,Company_A,India,Operations,287389.69,142882.62,8071.87,53173.48,58398.11,298974.86,142247.04,144507.07,50.28,-11585.17,-3.87,635.58,0.45
2025-11-01,Company_A,India,Sales,502931.96,276695.62,17578.76,114991.3,102673.38,523206.01,264128.92,226236.33,44.98,-20274.05,-3.87,12566.71,4.76
2025-11-01,Company_A,India,Technology,316128.66,175877.32,7020.75,51147.74,81679.37,328872.35,171286.57,140251.34,44.37,-12743.69,-3.87,4590.75,2.68
2025-11-01,Company_B,USA,HR,166470.53,83943.29,3689.72,29390.33,32451.75,171928.64,84207.66,82527.23,49.57,-5458.11,-3.17,-264.37,-0.31
2025-11-01,Company_B,USA,Marketing,216411.68,148001.27,19028.91,40195.2,59365.96,223507.23,147426.26,68410.42,31.61,-7095.55,-3.17,575.0,0.39
2025-11-01,Company_B,USA,Operations,332941.05,182139.05,6266.65,58406.91,85524.7,343857.28,175265.89,150802.0,45.29,-10916.23,-3.17,6873.16,3.92
2025-11-01,Company_B,USA,Sales,582646.84,341026.76,10833.17,111534.41,138557.62,601750.24,326946.28,241620.08,41.47,-19103.4,-3.17,14080.48,4.31
2025-11-01,Company_B,USA,Technology,366235.16,220868.28,7985.56,76762.93,97269.32,378243.01,216485.56,145366.87,39.69,-12007.85,-3.17,4382.73,2.02
2025-11-01,Company_C,UK,HR,114134.01,63172.84,2572.47,25439.86,21689.66,115434.29,61165.91,50961.16,44.65,-1300.28,-1.13,2006.93,3.28
2025-11-01,Company_C,UK,Marketing,148374.21,86904.07,16212.35,25008.57,33169.13,150064.58,86736.07,61470.14,41.43,-1690.37,-1.13,168.0,0.19
2025-11-01,Company_C,UK,Operations,228268.01,131014.63,7658.04,45436.15,52980.81,230868.58,134112.66,97253.39,42.6,-2600.57,-1.13,-3098.03,-2.31
2025-11-01,Company_C,UK,Sales,399469.03,219676.55,9324.0,71906.24,85904.62,404020.01,216283.09,179792.47,45.01,-4550.99,-1.13,3393.46,1.57
2025-11-01,Company_C,UK,Technology,251094.82,144893.04,7305.83,43028.85,67923.11,253955.44,138242.59,106201.78,42.3,-2860.62,-1.13,6650.45,4.81
2025-11-01,Company_D,Germany,HR,153526.23,91803.27,2723.19,29460.57,38191.21,155927.42,93697.47,61722.96,40.2,-2401.19,-1.54,-1894.2,-2.02
2025-11-01,Company_D,Germany,Marketing,199584.1,110825.49,12862.63,39764.49,36618.54,202705.65,110133.18,88758.61,44.47,-3121.55,-1.54,692.3,0.63
2025-11-01,Company_D,Germany,Operations,307052.46,176613.01,6123.7,53439.69,85168.62,311854.84,166738.79,130439.45,42.48,-4802.38,-1.54,9874.22,5.92
2025-11-01,Company_D,Germany,Sales,537341.81,290895.97,8159.45,120612.34,113513.75,545745.97,274064.63,246445.84,45.86,-8404.16,-1.54,16831.34,6.14
2025-11-01,Company_D,Germany,Technology,337757.71,181725.07,8365.17,61039.53,82841.46,343040.32,180583.39,156032.64,46.2,-5282.61,-1.54,1141.69,0.63
2025-12-01,Company_A,India,HR,147948.51,79987.6,4138.53,31922.98,30703.58,150347.45,78395.24,67960.91,45.94,-2398.93,-1.6,1592.36,2.03
2025-12-01,Company_A,India,Marketing,192333.07,127093.79,15845.81,41198.23,52731.8,195451.68,130787.73,65239.28,33.92,-3118.61,-1.6,-3693.94,-2.82
2025-12-01,Company_A,India,Operations,295897.03,168508.39,4754.17,61384.62,66717.81,300694.89,168867.45,127388.63,43.05,-4797.86,-1.6,-359.06,-0.21
2025-12-01,Company_A,India,Sales,517819.8,288982.3,11798.32,112155.5,105059.19,526216.06,294497.62,228837.5,44.19,-8396.26,-1.6,-5515.32,-1.87
2025-12-01,Company_A,India,Technology,325486.73,193237.74,10930.75,76246.75,69716.17,330764.38,192394.78,132248.99,40.63,-5277.65,-1.6,842.96,0.44
2025-12-01,Company_B,USA,HR,192639.41,106797.58,3555.19,35320.31,41983.17,196600.09,102970.94,85841.83,44.56,-3960.69,-2.01,3826.64,3.72
2025-12-01,Company_B,USA,Marketing,250431.23,169637.45,22284.37,57128.15,55497.33,255580.12,163691.9,80793.77,32.26,-5148.89,-2.01,5945.56,3.63
2025-12-01,Company_B,USA,Operations,385278.81,203527.59,6182.55,69735.78,78249.33,393200.18,197700.87,181751.22,47.17,-7921.37,-2.01,5826.72,2.95
2025-12-01,Company_B,USA,Sales,674237.92,386442.11,22199.1,134401.94,175754.13,688100.32,385049.87,287795.81,42.68,-13862.4,-2.01,1392.23,0.36
2025-12-01,Company_B,USA,Technology,423806.69,213592.71,9932.12,78660.54,86020.73,432520.2,209892.53,210213.98,49.6,-8713.51,-2.01,3700.19,1.76
2025-12-01,Company_C,UK,HR,124845.05,68348.95,3234.39,26431.21,23111.39,132960.28,68687.64,56496.1,45.25,-8115.23,-6.1,-338.7,-0.49
2025-12-01,Company_C,UK,Marketing,162298.56,103011.95,11628.56,37568.14,31331.02,172848.37,101229.07,59286.61,36.53,-10549.8,-6.1,1782.88,1.76
2025-12-01,Company_C,UK,Operations,249690.1,147165.81,7281.08,55702.5,51291.78,265920.56,146548.51,102524.29,41.06,-16230.47,-6.1,617.3,0.42
2025-12-01,Company_C,UK,Sales,436957.67,244915.38,14458.7,82673.28,100641.33,465360.99,249374.87,192042.29,43.95,-28403.32,-6.1,-4459.49,-1.79
2025-12-01,Company_C,UK,Technology,274659.11,157460.72,6830.77,65863.56,54338.51,292512.62,156505.75,117198.39,42.67,-17853.51,-6.1,954.97,0.61
2025-12-01,Company_D,Germany,HR,158058.28,143277.56,3310.11,29205.13,59911.12,168696.84,86530.64,14780.72,9.35,-10638.56,-6.31,56746.92,65.58
2025-12-01,Company_D,Germany,Marketing,205475.76,126327.82,23047.71,37572.99,38470.65,219305.89,115929.81,79147.95,38.52,-13830.13,-6.31,10398.01,8.97
2025-12-01,Company_D,Germany,Operations,316116.56,177697.35,8430.29,54113.38,88038.77,337393.68,174599.6,138419.21,43.79,-21277.12,-6.31,3097.75,1.77
2025-12-01,Company_D,Germany,Sales,553203.98,272767.58,13964.02,94183.42,115014.44,590438.94,265541.14,280436.4,50.69,-37234.96,-6.31,7226.44,2.72
2025-12-01,Company_D,Germany,Technology,347728.22,197855.85,6127.07,67494.91,86896.76,371133.05,188131.36,149872.36,43.1,-23404.83,-6.31,9724.49,5.17
